applicant,points_vs_average,reason_1,reason_2,reason_3
25380,-35.51047188818171,education-num (-87),age (-29),capital-gain (-24)
2829,66.69774938802603,marital-status (-75),capital-gain (-24),capital-loss (-4)
32979,-84.41899912084365,marital-status (-93),relationship (-58),capital-gain (-24)
202,48.13099263118618,marital-status (-60),capital-gain (-24),capital-loss (-4)
47904,3.7518246506098683,marital-status (-93),workclass (-32),capital-gain (-24)
22426,84.3417035495932,capital-gain (-24),education-num (-23),capital-loss (-4)
39733,109.92708782085327,capital-gain (-24),education-num (-23),occupation (-5)
22545,63.330441894103494,capital-gain (-24),education-num (-23),capital-loss (-4)
39795,-225.457262107279,marital-status (-93),occupation (-65),capital-gain (-24)
3566,6.27435233768649,marital-status (-60),capital-gain (-24),capital-loss (-4)
47815,125.78425551300496,capital-gain (-24),capital-loss (-4),education-num (-2)
22107,-197.40409641446445,marital-status (-93),occupation (-51),capital-gain (-24)
38555,-167.2244634600887,occupation (-65),marital-status (-60),capital-gain (-24)
26431,139.7313038363252,capital-gain (-24),occupation (-5),capital-loss (-4)
1058,-161.76070059512986,education-num (-130),marital-status (-93),capital-gain (-24)
6971,-186.11875828194223,marital-status (-93),native-country (-50),capital-gain (-24)
38541,-3.6471100745095493,marital-status (-93),capital-gain (-24),age (-13)
14485,27.571052169942853,hours-per-week (-57),capital-gain (-24),education-num (-23)
15643,18.84488193978492,marital-status (-93),capital-gain (-24),capital-loss (-4)
4407,-60.71233677198345,marital-status (-60),capital-gain (-24),workclass (-17)
1274,-166.52133887603202,marital-status (-93),capital-gain (-24),age (-24)
10050,-83.45750999114786,education-num (-108),occupation (-51),capital-gain (-24)
38250,54.767626996994125,occupation (-74),capital-gain (-24),capital-loss (-4)
41223,-140.56180271898788,marital-status (-93),relationship (-58),capital-gain (-24)
42266,-29.785887931000165,education-num (-130),capital-gain (-24),hours-per-week (-5)
23118,-145.21893003739447,marital-status (-93),education-num (-44),age (-26)
45516,84.25782095359908,hours-per-week (-46),workclass (-32),capital-gain (-24)
17162,69.1858855692459,relationship (-60),capital-gain (-24),age (-11)
36454,-25.110091866807554,marital-status (-60),capital-gain (-24),education (-9)
18229,38.29962973549917,native-country (-47),hours-per-week (-34),capital-gain (-24)
608,-161.6581492090604,marital-status (-93),relationship (-58),capital-gain (-24)
10145,93.76907613420533,marital-status (-75),capital-gain (-24),occupation (-5)
21797,15.267890849613563,workclass (-32),capital-gain (-24),hours-per-week (-23)
16638,128.4274861636885,capital-gain (-24),education (-9),capital-loss (-4)
31740,-103.52236147302946,marital-status (-93),age (-27),capital-gain (-24)
46085,37.880587059197076,education-num (-87),capital-gain (-24),capital-loss (-4)
36262,-2.003425159815177,marital-status (-93),capital-gain (-24),hours-per-week (-12)
43688,43.00166183947846,marital-status (-60),capital-gain (-24),age (-13)
34065,-157.17836888093558,education-num (-108),occupation (-65),native-country (-50)
44426,-127.98646323849277,marital-status (-60),relationship (-58),capital-gain (-24)
46860,-392.7321253391159,marital-status (-93),education-num (-66),relationship (-58)
12256,-208.03005375364623,hours-per-week (-68),marital-status (-60),occupation (-51)
662,-300.2594422054473,marital-status (-93),hours-per-week (-68),occupation (-65)
29791,126.90290014633011,capital-gain (-24),capital-loss (-4),education-num (-2)
45041,-5.715366678048434,marital-status (-93),capital-gain (-24),age (-9)
11688,86.71013507910737,capital-gain (-24),age (-4),occupation (-4)
28740,-181.74765541205673,marital-status (-93),relationship (-58),capital-gain (-24)
27481,112.66574629566279,capital-gain (-24),education-num (-23),occupation (-5)
13245,-101.6893261306216,marital-status (-60),capital-gain (-24),relationship (-8)
29625,-128.32931285883245,marital-status (-93),education-num (-44),age (-31)
44264,98.8056543990546,capital-gain (-24),education-num (-23),capital-loss (-4)
15407,-170.81420584245487,marital-status (-93),relationship (-58),capital-gain (-24)
18640,-284.33412240251255,marital-status (-93),education-num (-87),relationship (-58)
1280,5.892152304484024,marital-status (-93),capital-gain (-24),age (-14)
22527,-248.24337554291176,marital-status (-93),relationship (-58),native-country (-50)
48216,-277.081487793429,marital-status (-93),education-num (-66),relationship (-58)
2396,91.73265641115047,hours-per-week (-30),capital-gain (-24),education (-9)
8086,100.31952525447352,native-country (-34),capital-gain (-24),occupation (-20)
15905,97.14066613820725,hours-per-week (-57),capital-gain (-24),capital-loss (-4)
35165,-118.63054937504214,marital-status (-93),occupation (-65),capital-gain (-24)
18905,138.04471795765718,capital-gain (-24),education (-21),capital-loss (-4)
4525,7.166543408744062,marital-status (-93),native-country (-54),age (-21)
3250,-58.48996350824465,marital-status (-60),relationship (-58),capital-gain (-24)
25084,-156.8879680638,marital-status (-93),hours-per-week (-64),relationship (-58)
46352,-60.52232381255787,marital-status (-60),capital-gain (-24),education (-9)
31838,-87.86844510618374,education-num (-108),occupation (-74),capital-gain (-24)
45634,51.02972388497605,capital-gain (-24),education-num (-23),occupation (-20)
31674,-300.9757640416207,marital-status (-93),occupation (-74),relationship (-58)
34291,-46.89446048403846,marital-status (-54),capital-gain (-24),education-num (-23)
16888,-129.67548629001362,marital-status (-93),capital-gain (-24),education-num (-23)
36270,-79.78129735496412,marital-status (-93),capital-gain (-24),capital-loss (-4)
953,-362.17830299105236,marital-status (-93),education-num (-66),relationship (-60)
42975,10.549615517830405,education-num (-87),age (-27),capital-gain (-24)
9696,-196.32441602908503,marital-status (-93),relationship (-58),age (-31)
41269,143.51403022644348,capital-gain (-24),education (-21),capital-loss (-4)
44167,71.22410103287731,capital-gain (-24),education-num (-23),occupation (-5)
12370,-193.6327933568513,marital-status (-93),occupation (-65),capital-gain (-24)
16890,-409.40330458754795,marital-status (-93),education-num (-87),occupation (-65)
916,2.607653547083177,marital-status (-58),education-num (-23),capital-loss (-4)
4971,-71.14431014760403,education-num (-108),age (-32),capital-gain (-24)
33107,114.6411145920114,capital-gain (-24),education-num (-23),age (-19)
19496,95.43866832423946,capital-gain (-24),native-country (-18),age (-11)
35930,-209.6476019968113,marital-status (-93),hours-per-week (-46),age (-32)
28900,-312.29280695000506,education-num (-173),marital-status (-93),occupation (-65)
3345,-197.144606044907,occupation (-65),marital-status (-60),capital-gain (-24)
2164,-103.64706151388489,marital-status (-93),capital-gain (-24),workclass (-17)
532,-111.70309334069547,marital-status (-60),relationship (-60),capital-gain (-24)
41359,-249.12639491275132,hours-per-week (-88),education-num (-87),occupation (-65)
44240,93.90012819412702,capital-gain (-24),age (-14),occupation (-5)
25293,-167.12915379928847,marital-status (-93),relationship (-60),capital-gain (-24)
14742,61.69361419259642,capital-gain (-24),education-num (-23),capital-loss (-4)
33073,-17.445087432252624,marital-status (-93),capital-gain (-24),age (-13)
1120,-21.592537583662928,relationship (-58),capital-gain (-24),education-num (-23)
6077,-308.3997834464402,marital-status (-93),relationship (-58),hours-per-week (-55)
45174,61.69361419259642,capital-gain (-24),education-num (-23),capital-loss (-4)
42159,12.172794709700906,marital-status (-60),workclass (-32),capital-gain (-24)
8340,-56.11293677667362,marital-status (-60),capital-gain (-24),occupation (-20)
46049,3.0336457627777476,marital-status (-93),capital-gain (-24),hours-per-week (-12)
30196,-176.9050076557394,marital-status (-93),relationship (-58),age (-27)
42135,-72.04727814610557,education-num (-130),workclass (-32),capital-gain (-24)
18410,113.51235918484286,capital-gain (-24),workclass (-17),capital-loss (-4)
36798,76.42506350616013,capital-gain (-24),education-num (-23),capital-loss (-4)
23306,-286.92014064873507,marital-status (-93),occupation (-65),relationship (-58)
12639,-66.58852790842334,marital-status (-60),capital-gain (-24),education-num (-23)
2413,-192.72610997730098,marital-status (-93),relationship (-58),age (-29)
20948,-359.66471779653546,marital-status (-93),occupation (-74),education-num (-66)
14400,-325.7175563700144,marital-status (-93),education-num (-66),relationship (-58)
16393,119.75659254765146,occupation (-65),workclass (-32),capital-gain (-24)
42380,-356.12622244795887,marital-status (-93),education-num (-66),relationship (-58)
43596,-150.12266882639847,marital-status (-93),relationship (-58),native-country (-33)
38235,22.58043288360307,occupation (-51),capital-gain (-24),age (-11)
40198,66.69872104999718,capital-gain (-24),native-country (-22),capital-loss (-4)
10835,-105.94251024367918,marital-status (-60),capital-gain (-24),occupation (-20)
32514,-161.6372587835351,marital-status (-93),workclass (-32),capital-gain (-24)
41790,106.47160983840804,capital-gain (-24),education-num (-23),capital-loss (-4)
713,-173.41462184067137,occupation (-65),marital-status (-60),education-num (-44)
26465,-58.77380791096245,marital-status (-93),hours-per-week (-75),workclass (-32)
18803,112.03537691255731,capital-gain (-24),education (-9),capital-loss (-4)
28008,-379.753840514999,marital-status (-93),education-num (-66),hours-per-week (-64)
17869,-224.0634348853007,marital-status (-93),relationship (-58),hours-per-week (-46)
47517,-165.93123397091944,education-num (-108),marital-status (-60),capital-gain (-24)
7299,76.82635202804597,capital-gain (-24),occupation (-20),education (-9)
33090,107.77915079642712,capital-gain (-24),age (-8),capital-loss (-4)
4003,-145.50509001932687,marital-status (-93),hours-per-week (-34),age (-31)
34107,-133.96622701246312,marital-status (-93),occupation (-65),relationship (-58)
206,-20.59826193103459,education-num (-130),capital-gain (-24),capital-loss (-4)
4281,-134.82045032202353,marital-status (-60),hours-per-week (-34),capital-gain (-24)
6415,-402.8852581712481,education-num (-108),marital-status (-93),occupation (-65)
31,-241.06427402925553,marital-status (-75),education-num (-66),occupation (-65)
25722,-205.3824649667742,occupation (-97),marital-status (-75),native-country (-27)
33548,-2.9769984753797454,hours-per-week (-34),age (-34),capital-gain (-24)
20875,-201.77793986050992,marital-status (-93),occupation (-65),relationship (-58)
4179,-178.11198615345046,marital-status (-93),occupation (-65),capital-gain (-24)
2156,-254.62538749222753,marital-status (-93),relationship (-58),hours-per-week (-46)
12649,37.942383218634646,capital-gain (-24),education-num (-23),occupation (-20)
3372,-102.96438364016555,marital-status (-93),age (-29),capital-gain (-24)
27525,-244.90590445867744,occupation (-65),marital-status (-60),relationship (-58)
32701,-150.38400592463847,marital-status (-60),relationship (-60),capital-gain (-24)
853,66.64523656236994,education-num (-151),workclass (-32),capital-gain (-24)
9407,71.40177063407201,capital-gain (-24),education-num (-23),capital-loss (-4)
18710,42.23674645412291,occupation (-74),workclass (-32),capital-gain (-24)
20202,-157.04562704364457,education-num (-66),marital-status (-60),capital-gain (-24)
26455,-350.7795730567556,education-num (-130),marital-status (-93),relationship (-58)
15323,-143.83545812200202,marital-status (-93),relationship (-58),age (-26)
11518,24.13302448923432,marital-status (-93),workclass (-32),capital-gain (-24)
3744,113.01892064443635,capital-gain (-24),education-num (-23),capital-loss (-4)
8531,-10.211365617087038,marital-status (-93),workclass (-32),capital-gain (-24)
9637,-61.41986706572395,education-num (-66),native-country (-50),capital-gain (-24)
37380,-191.59250922638478,marital-status (-93),relationship (-58),age (-27)
45968,-62.142690562157874,marital-status (-60),capital-gain (-24),hours-per-week (-23)
16733,99.34065132725924,capital-gain (-24),education-num (-23),capital-loss (-4)
33539,-354.9911505110342,marital-status (-93),occupation (-65),hours-per-week (-64)
16348,102.93173651333237,capital-gain (-24),education-num (-23),occupation (-5)
22085,-317.41672933174135,marital-status (-93),occupation (-74),relationship (-58)
13935,58.611974580699986,hours-per-week (-68),native-country (-38),capital-gain (-24)
19339,-193.49592869136788,marital-status (-93),relationship (-58),capital-gain (-24)
32443,-65.66878990873501,education-num (-108),workclass (-32),capital-gain (-24)
13279,96.05622680510736,capital-gain (-24),education-num (-23),capital-loss (-4)
13211,126.30231557010576,hours-per-week (-57),workclass (-32),capital-gain (-24)
37200,-194.84227702411337,marital-status (-93),relationship (-58),age (-31)
19784,-10.442336251279718,marital-status (-60),capital-gain (-24),education-num (-23)
16884,-98.77692437449137,education-num (-108),occupation (-65),capital-gain (-24)
12543,-97.059876568349,marital-status (-60),capital-gain (-24),education-num (-23)
36437,-255.39307532106798,marital-status (-93),relationship (-58),age (-34)
5487,138.55823589155253,marital-status (-60),education-num (-23),capital-loss (-4)
3011,-162.46344211014275,marital-status (-93),capital-gain (-24),education-num (-23)
18572,-75.87545039357303,marital-status (-60),capital-gain (-24),education-num (-23)
44306,-114.0037581851551,marital-status (-93),relationship (-60),capital-gain (-24)
26515,-240.41018831811843,marital-status (-93),relationship (-58),occupation (-51)
15054,23.42790269527303,occupation (-51),capital-gain (-24),education-num (-23)
46774,-123.17446074701087,marital-status (-93),capital-gain (-24),occupation (-20)
15483,-355.41355591855955,marital-status (-93),hours-per-week (-79),education-num (-66)
20180,-225.09467147430644,marital-status (-93),relationship (-60),age (-31)
30987,-75.66017214028003,marital-status (-93),capital-gain (-24),education-num (-23)
8985,132.98002951172802,workclass (-32),capital-gain (-24),education (-9)
34482,-205.84334318404808,education-num (-130),marital-status (-75),hours-per-week (-46)
12464,-131.41240552376595,marital-status (-93),education-num (-44),capital-gain (-24)
3357,68.34283266793409,marital-status (-60),capital-gain (-24),relationship (-8)
7549,-46.12094304798045,marital-status (-93),workclass (-32),capital-gain (-24)
48766,46.73443087799059,capital-gain (-24),education-num (-23),occupation (-20)
18676,-110.32241497230353,marital-status (-93),education-num (-44),capital-gain (-24)
15153,-161.54624030346687,marital-status (-93),capital-gain (-24),occupation (-20)
9514,-194.13044101145027,marital-status (-93),occupation (-51),capital-gain (-24)
8426,27.006921208129587,marital-status (-60),capital-gain (-24),capital-loss (-4)
45504,-317.2218155537595,education-num (-87),occupation (-74),marital-status (-60)
6962,95.36341166975589,capital-gain (-24),hours-per-week (-5),occupation (-5)
40439,-158.20209946705052,marital-status (-93),age (-29),capital-gain (-24)
29327,102.75585792433897,capital-gain (-24),age (-22),capital-loss (-4)
18848,-96.99577774349672,marital-status (-93),hours-per-week (-61),capital-gain (-24)
14528,-204.9537226019174,marital-status (-93),relationship (-58),age (-27)
1322,-174.8383307504363,marital-status (-93),occupation (-65),capital-gain (-24)
26795,79.5859091416074,capital-gain (-24),education-num (-23),capital-loss (-4)
5026,82.09719064483163,workclass (-32),capital-gain (-24),capital-loss (-4)
36890,51.949994823169995,capital-gain (-24),hours-per-week (-23),age (-13)
158,-138.5243722969303,marital-status (-93),occupation (-51),capital-gain (-24)
25368,-18.631969889312042,occupation (-65),capital-gain (-24),education-num (-23)
38237,35.72046764259793,capital-gain (-24),education-num (-23),workclass (-17)
21609,-83.02124899811061,marital-status (-93),relationship (-58),capital-gain (-24)
12337,-199.19590761895478,marital-status (-93),relationship (-60),capital-gain (-24)
47261,136.14643653293277,capital-gain (-24),education (-21),capital-loss (-4)
19243,109.34536921466363,capital-gain (-24),education (-9),capital-loss (-4)
11687,37.351879803024744,marital-status (-93),relationship (-58),age (-13)
39964,39.71821342943014,marital-status (-60),capital-gain (-24),hours-per-week (-12)
4194,-269.7408273158182,marital-status (-93),relationship (-60),occupation (-51)
46453,27.29725155628851,capital-gain (-24),education-num (-23),age (-13)
1219,-73.2604048256851,marital-status (-60),capital-gain (-24),education-num (-23)
46810,26.730641659756785,hours-per-week (-46),workclass (-32),capital-gain (-24)
24275,33.03190011411341,capital-gain (-24),education-num (-23),occupation (-20)
19518,-226.2141012563592,marital-status (-93),relationship (-58),native-country (-50)
27708,-45.179972938432286,marital-status (-60),capital-gain (-24),age (-24)
31337,111.58780312764593,capital-gain (-24),capital-loss (-4),education-num (-2)
35119,48.59899258053979,capital-gain (-24),education-num (-23),age (-16)
37894,-4.842028541825916,marital-status (-60),capital-gain (-24),age (-4)
29611,-310.7929632099809,education-num (-173),occupation (-97),hours-per-week (-64)
30159,-305.4650920423494,marital-status (-93),occupation (-65),relationship (-58)
33433,-238.24690921496457,marital-status (-93),relationship (-58),age (-32)
36607,-155.83855374988119,marital-status (-93),relationship (-60),capital-gain (-24)
926,34.81319157159796,marital-status (-93),hours-per-week (-39),capital-gain (-24)
8509,-141.53494287519695,marital-status (-93),occupation (-65),age (-27)
12638,-276.454866650458,marital-status (-93),relationship (-58),occupation (-51)
17427,0.4880940072738962,marital-status (-93),capital-gain (-24),age (-14)
13247,129.9292129637495,capital-gain (-24),education-num (-23),capital-loss (-4)
41694,119.79080074931545,capital-gain (-24),education (-9),age (-8)
43580,123.58471702760637,workclass (-32),capital-gain (-24),capital-loss (-4)
7287,-265.3468948969794,marital-status (-93),occupation (-65),relationship (-58)
8762,-20.40781016458971,marital-status (-60),capital-gain (-24),hours-per-week (-23)
2106,39.542764011183,marital-status (-93),capital-gain (-24),age (-9)
5433,-138.92325837955678,marital-status (-60),capital-gain (-24),education-num (-23)
28914,38.96702251915219,marital-status (-60),capital-gain (-24),workclass (-17)
40446,-334.3099257805413,marital-status (-93),occupation (-65),relationship (-58)
45551,-232.60870587851753,education-num (-151),marital-status (-58),native-country (-50)
6346,126.50211989736462,marital-status (-54),age (-11),capital-loss (-4)
40866,-366.6411043122745,marital-status (-93),education-num (-87),occupation (-65)
22260,-37.638335756974115,marital-status (-93),education-num (-87),capital-gain (-24)
46070,19.679214248985033,marital-status (-93),capital-gain (-24),age (-21)
28811,-205.74308049175454,marital-status (-93),relationship (-58),capital-gain (-24)
39497,-117.56647356574697,marital-status (-75),education-num (-44),capital-gain (-24)
42010,117.84695672481647,occupation (-65),capital-gain (-24),capital-loss (-4)
42995,-107.9060408992349,marital-status (-93),relationship (-60),capital-gain (-24)
33167,-324.57202753222964,marital-status (-93),occupation (-65),relationship (-58)
44721,-176.34107057996292,marital-status (-93),relationship (-58),age (-31)
5640,29.409203532998223,marital-status (-60),hours-per-week (-23),education-num (-23)
24976,-292.3254960109298,marital-status (-93),occupation (-65),relationship (-58)
19049,-99.93944429596377,marital-status (-60),capital-gain (-24),age (-24)
13297,-37.130917984732356,occupation (-74),workclass (-32),capital-gain (-24)
46736,65.20315149572451,capital-gain (-24),occupation (-20),age (-11)
3624,-213.74954939809524,marital-status (-93),relationship (-58),age (-31)
22836,3.2397068634461013,education-num (-87),capital-gain (-24),age (-8)
8615,75.24158926017867,education-num (-23),occupation (-20),age (-19)
37640,-15.340726695118716,marital-status (-93),capital-gain (-24),age (-16)
1467,95.80317381769562,capital-gain (-24),capital-loss (-4),education-num (-2)
45934,-151.68427035899057,marital-status (-93),hours-per-week (-64),capital-gain (-24)
30291,70.58919351803883,marital-status (-60),hours-per-week (-12),relationship (-8)
18835,100.93858382813423,capital-gain (-24),education-num (-23),age (-4)
17028,-188.58544558684665,marital-status (-93),relationship (-58),capital-gain (-24)
26970,-107.71543988159033,education-num (-108),occupation (-51),capital-gain (-24)
17986,-148.51623415945414,marital-status (-93),capital-gain (-24),education-num (-23)
17757,-166.68050864673947,occupation (-65),marital-status (-60),capital-gain (-24)
23372,-144.511758635048,occupation (-65),marital-status (-60),capital-gain (-24)
19179,-110.8336019893062,marital-status (-93),relationship (-58),capital-gain (-24)
42452,-66.6805965241766,marital-status (-93),age (-27),capital-gain (-24)
27367,-21.912856042002456,marital-status (-93),capital-gain (-24),age (-22)
35862,-81.14362707990551,marital-status (-60),capital-gain (-24),education-num (-23)
36165,-45.90545609554857,marital-status (-93),capital-gain (-24),age (-24)
30700,-72.75759952709728,native-country (-130),capital-gain (-24),occupation (-20)
20047,76.4171339464705,capital-gain (-24),education-num (-23),capital-loss (-4)
14733,113.24846306521343,capital-gain (-24),age (-6),capital-loss (-4)
3217,8.094732508966077,education-num (-66),capital-gain (-24),education (-19)
23913,-7.5004383082892945,marital-status (-93),capital-gain (-24),age (-19)
16413,117.85659026245666,workclass (-32),education-num (-23),hours-per-week (-12)
40730,-83.02124899811061,marital-status (-93),relationship (-58),capital-gain (-24)
12090,-163.71871845941845,marital-status (-93),relationship (-58),age (-26)
32382,-109.06381232453518,marital-status (-60),occupation (-51),capital-gain (-24)
29280,133.68839039183118,capital-gain (-24),occupation (-20),age (-13)
42226,36.30422060902041,marital-status (-93),capital-gain (-24),capital-loss (-4)
41474,-84.69178045948536,marital-status (-93),capital-gain (-24),capital-loss (-4)
11069,-125.60064633835503,marital-status (-93),capital-gain (-24),education-num (-23)
40297,-311.49571422946667,marital-status (-93),relationship (-58),occupation (-51)
1033,62.74497646822897,hours-per-week (-50),workclass (-32),capital-gain (-24)
45802,-271.6267072389054,marital-status (-93),occupation (-65),relationship (-58)
27262,-38.50032546477652,occupation (-65),hours-per-week (-34),capital-gain (-24)
22276,-158.80823535489722,marital-status (-93),relationship (-58),capital-gain (-24)
22789,58.41995878958226,capital-gain (-24),education-num (-23),age (-6)
13064,-27.324645808965307,marital-status (-60),capital-gain (-24),education (-21)
32186,-24.870628681875825,occupation (-74),workclass (-32),capital-gain (-24)
41262,111.33092972033194,relationship (-60),capital-gain (-24),native-country (-11)
40877,68.35941862787554,occupation (-74),capital-gain (-24),education (-21)
38529,70.03366768855221,workclass (-32),capital-gain (-24),hours-per-week (-23)
11057,88.9269341281821,capital-gain (-24),education-num (-23),occupation (-4)
38467,51.87264798355394,capital-gain (-24),education-num (-23),age (-13)
23972,99.59501228889171,capital-gain (-24),age (-16),capital-loss (-4)
48718,-125.9012315014794,marital-status (-93),age (-32),capital-gain (-24)
30490,88.912562849034,marital-status (-60),capital-gain (-24),capital-loss (-4)
2426,-119.85452008097116,marital-status (-93),capital-gain (-24),education-num (-23)
31868,-113.85232589398237,marital-status (-93),capital-gain (-24),education-num (-23)
48036,-216.01338424974574,marital-status (-93),occupation (-65),capital-gain (-24)
17450,-92.13461500863383,marital-status (-60),capital-gain (-24),education-num (-23)
28239,-218.83770210381118,marital-status (-93),relationship (-58),capital-gain (-24)
43255,84.1748370877532,capital-gain (-24),education-num (-23),capital-loss (-4)
18670,130.1147973445803,capital-gain (-24),occupation (-5),age (-4)
25558,-3.9288139045584467,marital-status (-93),capital-gain (-24),age (-24)
38220,-236.84280682038903,marital-status (-93),relationship (-58),age (-31)
36102,27.57103575156269,marital-status (-93),capital-gain (-24),age (-24)
22755,-110.23903488442522,marital-status (-58),capital-gain (-24),education-num (-23)
14389,115.95209498301824,capital-gain (-24),hours-per-week (-23),age (-14)
3525,-269.90200058989234,marital-status (-93),relationship (-58),hours-per-week (-46)
11473,88.67221530654682,capital-gain (-24),age (-4),capital-loss (-4)
20925,8.603360569602945,occupation (-65),capital-gain (-24),age (-6)
20100,-122.62929696290976,marital-status (-93),capital-gain (-24),age (-24)
33153,-191.99596565534424,marital-status (-93),occupation (-65),capital-gain (-24)
5675,-166.7695306843182,marital-status (-93),education-num (-66),capital-gain (-24)
21420,-13.347308304570692,occupation (-65),capital-gain (-24),hours-per-week (-23)
33253,-192.07984052442023,marital-status (-58),hours-per-week (-46),capital-gain (-24)
11282,-260.44770017454715,education-num (-151),marital-status (-93),capital-gain (-24)
43021,23.320595235298608,marital-status (-93),capital-gain (-24),age (-14)
22862,-28.968150032526996,occupation (-65),marital-status (-58),age (-26)
17081,-28.28538186559503,marital-status (-60),capital-gain (-24),education (-21)
32843,-178.1295937966576,education-num (-194),native-country (-50),education (-34)
15374,-94.98660212877928,marital-status (-75),capital-gain (-24),relationship (-8)
2417,-16.836889918777434,marital-status (-93),capital-gain (-24),relationship (-8)
25958,-320.4507366744141,marital-status (-93),education-num (-87),relationship (-58)
27628,-218.70500692197945,marital-status (-93),relationship (-58),hours-per-week (-34)
11271,-40.57137718422271,marital-status (-93),capital-gain (-24),age (-21)
7725,134.92575125117844,capital-gain (-24),education (-21),capital-loss (-4)
39380,-172.5952099278304,education-num (-87),marital-status (-60),age (-31)
32748,-44.2686283940415,marital-status (-93),capital-gain (-24),age (-22)
46600,-287.80806820530313,marital-status (-93),occupation (-74),education-num (-66)
44827,-100.21936489095452,marital-status (-60),capital-gain (-24),hours-per-week (-12)
38265,-115.01663864331402,marital-status (-60),capital-gain (-24),education-num (-23)
25446,11.438837889635929,occupation (-65),capital-gain (-24),education-num (-23)
37764,-156.0058242307996,marital-status (-93),capital-gain (-24),education-num (-23)
15537,-315.7864079584758,marital-status (-93),education-num (-66),relationship (-58)
17808,51.037004830691274,capital-gain (-24),education-num (-23),occupation (-20)
20427,74.52073734055072,capital-gain (-24),education-num (-23),capital-loss (-4)
5155,-300.78475812832477,marital-status (-93),relationship (-58),occupation (-51)
15605,-73.34679631650272,marital-status (-93),capital-gain (-24),capital-loss (-4)
47228,57.501808338142574,hours-per-week (-61),capital-gain (-24),education-num (-23)
6833,-288.4621913846433,marital-status (-93),occupation (-65),hours-per-week (-50)
15869,-145.77634117953306,marital-status (-93),relationship (-58),capital-gain (-24)
32246,-4.782355069359906,marital-status (-60),relationship (-58),capital-loss (-4)
10396,-221.91859977561583,marital-status (-93),relationship (-58),occupation (-51)
3314,-39.88504853194268,marital-status (-93),hours-per-week (-46),capital-gain (-24)
43346,-176.16994381056887,occupation (-74),marital-status (-60),workclass (-32)
10177,-158.69064566540874,marital-status (-93),relationship (-58),age (-29)
18816,-95.57638025053564,marital-status (-60),capital-gain (-24),relationship (-8)
36048,-339.20789715971387,marital-status (-93),hours-per-week (-68),education-num (-66)
35041,-261.7130097881849,education-num (-108),occupation (-65),marital-status (-60)
44566,-33.70360594202792,occupation (-65),workclass (-32),capital-gain (-24)
40687,-133.45315129818837,marital-status (-93),relationship (-58),capital-gain (-24)
48542,-197.38127238302448,marital-status (-93),relationship (-58),capital-gain (-24)
31652,71.71355568477345,capital-gain (-24),education-num (-23),occupation (-4)
27378,-381.54182989266866,marital-status (-93),education-num (-66),relationship (-58)
6015,-80.90087326228758,marital-status (-75),capital-gain (-24),education (-21)
37570,-18.683436485534724,marital-status (-60),capital-gain (-24),capital-loss (-4)
5464,23.988822996103583,age (-27),capital-gain (-24),education-num (-23)
814,-54.900361154101006,occupation (-74),hours-per-week (-57),workclass (-32)
45371,-174.49355894810824,education-num (-130),marital-status (-60),capital-gain (-24)
6607,-77.07922401280032,marital-status (-60),capital-gain (-24),education-num (-23)
19629,55.49078087192588,capital-gain (-24),education-num (-23),age (-14)
281,-10.511114110433272,occupation (-51),capital-gain (-24),education-num (-23)
4363,-113.18435458575672,marital-status (-58),capital-gain (-24),education-num (-23)
48297,106.47160983840804,capital-gain (-24),education-num (-23),capital-loss (-4)
40265,-138.7361110953418,marital-status (-93),relationship (-58),age (-29)
29660,-86.29490440112477,marital-status (-93),relationship (-58),capital-gain (-24)
43093,-117.46868322992262,marital-status (-93),relationship (-60),capital-gain (-24)
24050,-255.59050527951237,marital-status (-93),education-num (-87),occupation (-51)
15841,79.16372198096965,capital-gain (-24),education-num (-23),age (-8)
24197,-142.06955535568812,marital-status (-93),capital-gain (-24),education-num (-23)
17671,-18.639200638988296,marital-status (-93),capital-gain (-24),age (-19)
17873,-144.65098988354998,marital-status (-93),relationship (-58),age (-31)
13177,-103.54399712773039,marital-status (-93),capital-gain (-24),education-num (-23)
38559,-104.62924860995571,marital-status (-60),capital-gain (-24),age (-19)
7874,86.08764365111027,capital-gain (-24),education-num (-23),occupation (-4)
20748,104.9276825540507,capital-gain (-24),capital-loss (-4),education-num (-2)
29792,11.039020105516801,occupation (-74),workclass (-32),capital-gain (-24)
44036,-43.77342623051882,marital-status (-93),capital-gain (-24),age (-16)
41302,-333.1876537222005,marital-status (-93),education-num (-66),relationship (-58)
41781,-38.394304899505954,occupation (-74),relationship (-58),capital-gain (-24)
32683,-133.3835066189701,marital-status (-93),capital-gain (-24),age (-24)
30659,-129.17423938560597,marital-status (-93),capital-gain (-24),hours-per-week (-23)
24652,-151.9227429293372,marital-status (-93),occupation (-65),capital-gain (-24)
14372,-178.15798870125295,marital-status (-93),relationship (-60),age (-27)
20212,-303.03004478638013,education-num (-151),marital-status (-75),hours-per-week (-68)
17322,-218.59350799807513,marital-status (-93),relationship (-58),age (-26)
47879,-9.194373444293687,relationship (-58),capital-gain (-24),education-num (-23)
35358,-194.91800022164358,marital-status (-75),occupation (-65),capital-gain (-24)
43801,25.85408828661723,occupation (-51),capital-gain (-24),age (-8)
21622,-289.56519304819204,marital-status (-93),relationship (-58),hours-per-week (-37)
35364,36.77925365229425,occupation (-51),capital-gain (-24),education-num (-23)
46674,36.305555517127566,capital-gain (-24),education-num (-23),occupation (-20)
23796,-174.24420021642325,education-num (-151),occupation (-65),native-country (-50)
28091,-71.84399413291302,marital-status (-93),capital-gain (-24),education-num (-23)
25440,-82.06047622708155,marital-status (-93),occupation (-51),age (-29)
42958,-17.24183121489416,marital-status (-54),capital-gain (-24),occupation (-20)
2094,-69.21902718753472,marital-status (-60),capital-gain (-24),education-num (-23)
7239,91.6600699213971,hours-per-week (-46),workclass (-32),capital-gain (-24)
29504,-360.3586759957177,education-num (-151),native-country (-130),marital-status (-93)
31114,-123.09529916855016,marital-status (-93),occupation (-51),capital-gain (-24)
22185,-2.7613405288402317,occupation (-51),capital-gain (-24),education-num (-23)
4744,-234.10932800026052,marital-status (-93),relationship (-58),hours-per-week (-46)
42878,-73.34679631650272,marital-status (-93),capital-gain (-24),capital-loss (-4)
14429,-220.35348893607127,occupation (-65),marital-status (-60),relationship (-58)
46002,-325.6076238459543,marital-status (-93),occupation (-65),relationship (-58)
15463,94.98911098886131,marital-status (-93),age (-18),capital-loss (-4)
48176,135.2249134903782,capital-gain (-24),capital-loss (-4),education-num (-2)
26562,-310.7967302506632,marital-status (-93),occupation (-74),relationship (-58)
12406,-68.55191812917144,marital-status (-60),workclass (-32),capital-gain (-24)
2713,69.61506979398999,marital-status (-60),education (-9),capital-loss (-4)
33657,-317.05240314113325,marital-status (-93),hours-per-week (-64),relationship (-58)
26463,71.9580276024914,hours-per-week (-32),capital-gain (-24),capital-loss (-4)
35800,92.74705525820538,capital-gain (-24),occupation (-20),capital-loss (-4)
9045,-68.75004354924673,marital-status (-58),capital-gain (-24),workclass (-17)
41600,-12.702788445349077,marital-status (-75),capital-gain (-24),education (-9)
39545,-316.6553874887966,marital-status (-93),occupation (-65),relationship (-58)
34376,-50.60887809659832,marital-status (-93),capital-gain (-24),occupation (-5)
33547,-89.57201129478105,marital-status (-93),hours-per-week (-46),education (-9)
32497,-350.47034910563787,marital-status (-93),occupation (-65),relationship (-60)
18525,41.587852795994536,marital-status (-60),capital-gain (-24),relationship (-8)
6561,-317.7835290592357,education-num (-151),marital-status (-75),occupation (-65)
36180,44.83435632351274,marital-status (-60),capital-gain (-24),occupation (-5)
14936,-106.00712571172312,marital-status (-60),capital-gain (-24),education-num (-23)
22810,-221.66015386006472,marital-status (-93),hours-per-week (-68),age (-27)
15740,-20.296511446506006,occupation (-65),workclass (-32),capital-gain (-24)
41158,-117.0710792465305,relationship (-58),marital-status (-54),capital-gain (-24)
5657,-101.3611744065445,marital-status (-60),relationship (-60),capital-gain (-24)
27408,37.6231656581286,marital-status (-60),capital-gain (-24),relationship (-8)
27037,-264.3161738907069,marital-status (-93),education-num (-87),relationship (-58)
26849,35.42147650836733,marital-status (-60),capital-gain (-24),capital-loss (-4)
47255,-82.49796231506994,marital-status (-93),capital-gain (-24),education-num (-23)
7283,-297.235979115451,marital-status (-93),occupation (-65),relationship (-58)
19810,-96.18615950268062,marital-status (-60),capital-gain (-24),education-num (-23)
8146,8.585674071798953,marital-status (-60),capital-gain (-24),hours-per-week (-12)
1643,-187.07011052334462,marital-status (-93),relationship (-58),age (-27)
33034,-221.8786321998938,marital-status (-93),relationship (-58),capital-gain (-24)
39083,69.83146743710627,capital-gain (-24),occupation (-20),capital-loss (-4)
19005,122.3567757843739,marital-status (-60),relationship (-8),capital-loss (-4)
27379,64.95934003592093,capital-gain (-24),education-num (-23),age (-14)
6590,-113.3827663748528,education-num (-130),occupation (-74),capital-gain (-24)
13590,83.22910365715306,capital-gain (-24),education-num (-23),capital-loss (-4)
12755,-185.12542648263434,marital-status (-93),occupation (-74),capital-gain (-24)
32000,-16.48785911528719,occupation (-65),workclass (-32),capital-gain (-24)
25571,54.174263851008234,education-num (-66),occupation (-65),hours-per-week (-28)
38746,-78.37826435769169,marital-status (-93),relationship (-58),age (-26)
39494,-305.38276834938074,marital-status (-93),relationship (-58),occupation (-51)
39446,-177.9106673200777,marital-status (-60),occupation (-51),education-num (-44)
1104,-354.9880230545566,marital-status (-93),education-num (-87),occupation (-65)
46998,-86.57911962327637,marital-status (-93),capital-gain (-24),age (-22)
24775,-58.82757762658008,education-num (-108),capital-gain (-24),occupation (-20)
36246,-183.80623640613263,education-num (-66),occupation (-65),marital-status (-58)
1697,-52.23823744964847,marital-status (-75),capital-gain (-24),education (-9)
21727,-287.60777780552667,marital-status (-93),education-num (-87),relationship (-58)
24079,24.847761606578022,capital-gain (-24),education-num (-23),occupation (-20)
34521,-14.564535159714117,marital-status (-93),hours-per-week (-37),capital-gain (-24)
46271,-101.86618630656235,marital-status (-60),capital-gain (-24),education (-21)
48413,-62.31118956659092,marital-status (-93),capital-gain (-24),capital-loss (-4)
33593,-188.29496621808505,marital-status (-93),relationship (-58),capital-gain (-24)
19215,-192.68295755900849,marital-status (-93),relationship (-58),hours-per-week (-34)
28230,91.49692350744206,capital-gain (-24),education-num (-23),age (-13)
38300,-223.45770583957082,marital-status (-93),relationship (-58),age (-31)
37833,-191.41393292456377,marital-status (-93),relationship (-58),age (-26)
44927,85.37084604784579,workclass (-32),capital-gain (-24),capital-loss (-4)
48382,36.49247651858622,marital-status (-58),capital-gain (-24),relationship (-8)
31070,-151.85636090103228,marital-status (-93),hours-per-week (-46),age (-26)
24618,14.676930342639846,occupation (-51),hours-per-week (-46),capital-gain (-24)
16070,-235.53523880347979,education-num (-87),marital-status (-58),occupation (-51)
960,-200.53844166091886,marital-status (-93),relationship (-58),age (-29)
12511,-135.75653434540968,occupation (-74),marital-status (-60),capital-gain (-24)
46657,-60.46077427418108,marital-status (-75),capital-gain (-24),education (-21)
33801,-64.06926020266658,marital-status (-93),relationship (-58),workclass (-32)
26684,-191.37059698384024,marital-status (-93),education-num (-66),capital-gain (-24)
23597,-169.02730645020574,marital-status (-93),hours-per-week (-46),age (-26)
3597,123.25032669819502,capital-gain (-24),education-num (-23),age (-11)
16443,71.00139431444524,marital-status (-60),capital-gain (-24),relationship (-8)
3683,40.4148540730044,capital-gain (-24),age (-24),education-num (-23)
41517,133.08818672489525,education-num (-44),education (-8),occupation (-5)
47490,-97.39658234846064,marital-status (-93),capital-gain (-24),education (-9)
41608,75.48878835103515,capital-gain (-24),education-num (-23),occupation (-20)
35690,-271.8118820100391,marital-status (-93),relationship (-58),occupation (-51)
44117,-95.95263488166208,marital-status (-93),hours-per-week (-46),capital-gain (-24)
455,-133.42979188199564,marital-status (-93),capital-gain (-24),age (-24)
40098,-55.42650748823668,marital-status (-93),capital-gain (-24),workclass (-17)
11704,-16.821681878110272,marital-status (-60),capital-gain (-24),education-num (-23)
16182,82.04373630794328,capital-gain (-24),education-num (-23),age (-6)
44281,-261.6960913526272,occupation (-74),hours-per-week (-59),marital-status (-58)
9212,16.033122077574763,occupation (-51),capital-gain (-24),age (-18)
18432,-94.90385803955172,marital-status (-93),capital-gain (-24),age (-14)
25550,97.46015739771026,capital-gain (-24),education-num (-23),age (-4)
30441,-89.50678979827885,marital-status (-60),capital-gain (-24),age (-19)
44636,-185.13425851586632,marital-status (-93),relationship (-60),age (-29)
29767,108.04664926052943,capital-gain (-24),capital-loss (-4),education-num (-2)
19017,76.4171339464705,capital-gain (-24),education-num (-23),capital-loss (-4)
7137,-116.54013681519862,marital-status (-93),capital-gain (-24),education-num (-23)
47766,-3.2941411898494026,marital-status (-60),capital-gain (-24),education (-21)
9301,15.926215649089245,marital-status (-60),capital-gain (-24),relationship (-8)
42555,-23.213478594249327,hours-per-week (-57),workclass (-32),capital-gain (-24)
6425,-204.95386053514596,marital-status (-93),relationship (-60),age (-26)
3833,-13.236438915207875,relationship (-58),capital-gain (-24),age (-19)
47129,-274.93991693652214,marital-status (-93),education-num (-66),relationship (-58)
30712,60.39051941476938,capital-gain (-24),education-num (-23),age (-18)
23807,-52.87195314363234,education-num (-87),hours-per-week (-73),workclass (-32)
42866,-121.76562347464889,marital-status (-60),age (-27),capital-gain (-24)
9377,99.15515328464248,workclass (-32),capital-gain (-24),hours-per-week (-12)
15625,89.51968511821677,capital-gain (-24),education-num (-23),capital-loss (-4)
38519,76.42506350616013,capital-gain (-24),education-num (-23),capital-loss (-4)
20019,45.32533717752563,capital-gain (-24),education-num (-23),age (-19)
41206,140.93789198720643,capital-gain (-24),capital-loss (-4),education-num (-2)
12289,-107.03417416108519,marital-status (-60),capital-gain (-24),age (-13)
33835,-2.3984966898160396,marital-status (-60),relationship (-58),capital-gain (-24)
39757,-90.69001763851591,marital-status (-75),occupation (-74),workclass (-32)
35915,-262.413322644188,education-num (-87),occupation (-65),marital-status (-60)
37844,16.91845653498479,marital-status (-60),capital-gain (-24),age (-11)
42258,-28.0881244757157,marital-status (-93),capital-gain (-24),hours-per-week (-23)
6886,-251.66974117511774,education-num (-130),occupation (-65),marital-status (-58)
9180,-123.77089407236511,relationship (-58),occupation (-51),workclass (-32)
28950,-16.450378078611724,marital-status (-93),hours-per-week (-57),capital-gain (-24)
16229,66.50346529485536,capital-gain (-24),education-num (-23),age (-16)
24569,-164.02768716084768,marital-status (-93),education-num (-66),capital-gain (-24)
44625,37.765921681833525,hours-per-week (-46),capital-gain (-24),education-num (-23)
13351,143.79910282986754,workclass (-32),capital-gain (-24),capital-loss (-4)
44043,-347.0355842715594,education-num (-108),marital-status (-93),relationship (-58)
605,-153.960617620297,marital-status (-93),relationship (-60),age (-29)
12488,36.305555517127566,capital-gain (-24),education-num (-23),occupation (-20)
27567,-29.349929324721597,hours-per-week (-79),marital-status (-60),capital-gain (-24)
14981,-31.555525763187173,marital-status (-58),capital-gain (-24),capital-loss (-4)
41682,58.82397216701572,marital-status (-60),workclass (-32),capital-loss (-4)
5122,-334.11309307229317,marital-status (-93),education-num (-66),occupation (-65)
35083,-201.08899764102947,marital-status (-75),hours-per-week (-57),capital-gain (-24)
26782,-234.97325381195043,marital-status (-93),relationship (-58),age (-29)
22335,-138.5424157373401,marital-status (-60),hours-per-week (-37),capital-gain (-24)
7921,110.39854921105022,capital-gain (-24),education (-9),capital-loss (-4)
19666,-4.7346872418169985,education-num (-87),capital-gain (-24),occupation (-4)
23250,122.21143787079104,capital-gain (-24),education (-21),capital-loss (-4)
26308,128.1993521052241,capital-gain (-24),age (-18),capital-loss (-4)
1237,8.963951845811646,occupation (-51),capital-gain (-24),education-num (-23)
28453,-73.51399017764498,marital-status (-93),capital-gain (-24),occupation (-20)
3720,-25.54780323320752,marital-status (-60),capital-gain (-24),education-num (-23)
5018,-60.588709343915326,marital-status (-54),capital-gain (-24),education-num (-23)
30198,-218.5472227350496,marital-status (-93),relationship (-58),age (-26)
21490,-98.20149797302184,marital-status (-93),relationship (-58),age (-22)
33263,68.59807742407038,education-num (-44),capital-gain (-24),education (-8)
11273,-36.46361429619521,marital-status (-60),capital-gain (-24),education-num (-23)
22088,-378.58518222041243,marital-status (-93),occupation (-65),relationship (-58)
48784,78.06189120766722,capital-gain (-24),education-num (-23),capital-loss (-4)
14998,-80.58894232733039,marital-status (-93),hours-per-week (-46),capital-gain (-24)
46350,36.51223438652298,marital-status (-60),capital-gain (-24),capital-loss (-4)
3721,-184.81934642598713,marital-status (-75),native-country (-50),education-num (-44)
22024,-29.911945067559305,education-num (-130),workclass (-32),capital-gain (-24)
37532,-92.36372980167968,marital-status (-93),capital-gain (-24),education (-21)
39706,117.20622884094271,capital-gain (-24),education-num (-23),age (-6)
19951,-90.57508765103918,marital-status (-60),relationship (-58),capital-gain (-24)
6405,45.719810482476504,workclass (-32),capital-gain (-24),education-num (-23)
388,83.7970871677652,workclass (-32),capital-gain (-24),education-num (-23)
22885,-266.69567352591224,marital-status (-93),hours-per-week (-77),occupation (-65)
33543,-109.49149221773109,education-num (-130),relationship (-60),capital-gain (-24)
26669,45.32533717752563,capital-gain (-24),education-num (-23),age (-19)
5999,21.832314668460217,education-num (-108),capital-gain (-24),education (-7)
24362,46.63639412647624,marital-status (-93),capital-gain (-24),age (-14)
39323,-263.7746437870478,marital-status (-93),education-num (-87),occupation (-51)
29386,120.04551931801454,capital-gain (-24),education-num (-23),age (-8)
2028,-10.495128558852638,education-num (-130),capital-gain (-24),capital-loss (-4)
10578,100.59176487973983,capital-gain (-24),education-num (-23),capital-loss (-4)
21502,-329.98353675958003,marital-status (-93),hours-per-week (-64),relationship (-58)
14419,-166.1442505245228,marital-status (-93),capital-gain (-24),education-num (-23)
35326,-266.81034259426207,education-num (-173),marital-status (-75),occupation (-65)
9687,-156.10292342716912,hours-per-week (-79),marital-status (-75),capital-gain (-24)
13787,13.793677657208537,education-num (-66),capital-gain (-24),occupation (-20)
24068,-226.19282589005599,marital-status (-93),relationship (-60),hours-per-week (-34)
41897,-60.47825609709378,marital-status (-60),capital-gain (-24),occupation (-5)
24287,-354.82428404919415,marital-status (-93),occupation (-65),relationship (-58)
43188,-31.441505246087186,marital-status (-93),capital-gain (-24),age (-21)
10031,-278.24349187177705,marital-status (-93),education-num (-66),occupation (-65)
14232,-93.33154393317784,marital-status (-93),capital-gain (-24),education-num (-23)
5849,-9.587416284508212,education-num (-87),capital-gain (-24),age (-9)
47550,-261.78438658689834,marital-status (-93),relationship (-58),hours-per-week (-46)
2140,90.25128894622385,capital-gain (-24),occupation (-4),capital-loss (-4)
29010,-21.888037501147036,marital-status (-93),capital-gain (-24),age (-22)
13933,-95.95459649789208,occupation (-65),relationship (-60),capital-gain (-24)
26604,-75.11484665057381,marital-status (-58),capital-gain (-24),education-num (-23)
2855,-49.98363471049224,marital-status (-93),capital-gain (-24),education (-9)
2946,28.043305243074823,marital-status (-93),capital-gain (-24),age (-16)
44682,3.3211650300747024,native-country (-50),capital-gain (-24),education-num (-23)
31698,-113.14063882686395,marital-status (-60),workclass (-32),capital-gain (-24)
37047,60.71698222834856,education-num (-130),capital-gain (-24),occupation (-5)
29253,-304.38560347580494,marital-status (-93),hours-per-week (-84),relationship (-58)
11269,-38.47611236238237,marital-status (-58),capital-gain (-24),occupation (-5)
29985,-40.40751449682189,occupation (-74),education-num (-66),capital-gain (-24)
23132,-132.97151426486678,marital-status (-60),relationship (-58),capital-gain (-24)
28640,61.785424738232976,marital-status (-60),capital-gain (-24),relationship (-8)
38963,-32.0047393709675,marital-status (-60),hours-per-week (-46),workclass (-32)
39184,53.766205030025624,capital-gain (-24),education-num (-23),age (-6)
43292,-144.18763143899798,marital-status (-93),age (-29),capital-gain (-24)
34445,87.39261215278069,hours-per-week (-34),capital-gain (-24),age (-4)
43488,16.35115021557733,age (-26),capital-gain (-24),hours-per-week (-23)
46020,-131.2645974920249,marital-status (-93),relationship (-60),capital-gain (-24)
39995,-41.91071332045491,marital-status (-60),capital-gain (-24),relationship (-8)
38181,66.60409729711766,capital-gain (-24),education-num (-23),capital-loss (-4)
42942,10.100927963189465,marital-status (-93),capital-gain (-24),age (-19)
1780,-69.07219187494789,marital-status (-75),hours-per-week (-59),capital-gain (-15)
12299,136.56257895268553,capital-gain (-24),education (-21),capital-loss (-4)
19557,16.929786655037795,marital-status (-93),capital-gain (-24),age (-8)
43459,-88.80320554378963,marital-status (-60),capital-gain (-24),education-num (-23)
33927,130.4696061769397,hours-per-week (-57),capital-gain (-24),capital-loss (-4)
36559,133.30620747245968,capital-gain (-24),education (-9),capital-loss (-4)
37333,-206.72741496890794,marital-status (-93),occupation (-65),capital-gain (-24)
15119,132.82766804660585,capital-gain (-24),capital-loss (-4),education-num (-2)
7150,50.03111475025156,occupation (-74),workclass (-32),capital-gain (-24)
30288,-262.5393690171208,marital-status (-93),occupation (-74),relationship (-58)
18375,-196.66355487012234,marital-status (-93),relationship (-58),age (-27)
41490,77.46914021763254,capital-gain (-24),education-num (-23),occupation (-4)
18059,-311.6251963999282,marital-status (-93),education-num (-87),relationship (-58)
12354,127.62074633041047,capital-gain (-24),education-num (-23),capital-loss (-4)
35674,-7.8873565638629906,marital-status (-93),capital-gain (-24),education-num (-23)
38374,60.05678649108933,capital-gain (-24),education-num (-23),age (-4)
43588,-127.97988550388547,marital-status (-75),capital-gain (-24),age (-19)
35494,-110.88102368359864,marital-status (-93),age (-26),capital-gain (-24)
34478,-64.8255534259709,marital-status (-60),hours-per-week (-46),capital-gain (-24)
36977,-4.990383096950045,marital-status (-93),capital-gain (-24),age (-9)
4647,-153.9545591051964,marital-status (-93),relationship (-58),capital-gain (-24)
4840,-393.06560400027445,education-num (-108),marital-status (-93),hours-per-week (-79)
6399,-187.8586367640692,occupation (-65),marital-status (-60),capital-gain (-24)
37065,-96.7423253600696,marital-status (-93),capital-gain (-24),age (-21)
35096,79.31841067750507,capital-gain (-24),education-num (-23),age (-6)
42427,-115.83035051099648,marital-status (-93),capital-gain (-24),education-num (-23)
33669,139.207118880471,marital-status (-93),capital-gain (-24),
8157,26.701558098287176,occupation (-51),capital-gain (-24),education-num (-23)
2360,-290.89806848761367,marital-status (-93),occupation (-74),relationship (-58)
38584,-307.0195960508878,marital-status (-93),relationship (-58),occupation (-51)
16004,-51.44664777788843,marital-status (-60),capital-gain (-24),education-num (-23)
38042,-26.868411791174903,marital-status (-60),capital-gain (-24),education-num (-23)
25347,1.7807646803658599,occupation (-74),capital-gain (-24),age (-16)
11875,24.250968518935792,education-num (-87),capital-gain (-24),capital-loss (-4)
16176,-163.92794514916622,education-num (-87),marital-status (-60),capital-gain (-24)
36744,-21.500744628461458,marital-status (-75),workclass (-32),capital-gain (-24)
21873,-186.61289765248827,marital-status (-93),native-country (-86),relationship (-60)
38744,-137.85962479754903,marital-status (-93),capital-gain (-24),age (-24)
43416,-55.26863295347853,marital-status (-60),capital-gain (-24),education-num (-23)
32624,-16.699667001378568,marital-status (-60),capital-gain (-24),education (-9)
47897,-319.4712547792657,marital-status (-93),occupation (-65),relationship (-60)
42163,115.4053114710986,capital-gain (-24),occupation (-5),capital-loss (-4)
34801,138.54081968522976,capital-gain (-24),education (-21),age (-13)
26980,110.44607481039247,capital-gain (-24),age (-21),capital-loss (-4)
3791,-107.60736828058447,marital-status (-93),capital-gain (-24),age (-22)
46967,-60.573238694946525,marital-status (-93),capital-gain (-24),education-num (-23)
15232,-92.51678724398957,education-num (-87),marital-status (-75),capital-gain (-24)
13230,6.49100135204349,workclass (-32),capital-gain (-24),education-num (-23)
5253,-231.26913102422225,occupation (-97),marital-status (-60),capital-gain (-24)
14147,-98.82909923903603,education-num (-151),native-country (-50),capital-gain (-24)
27266,-124.87781295305928,marital-status (-93),capital-gain (-24),education-num (-23)
17277,61.08649192341366,marital-status (-60),capital-gain (-24),capital-loss (-4)
20827,135.88246278643444,workclass (-32),capital-gain (-24),capital-loss (-4)
15259,-221.23723043294325,marital-status (-93),relationship (-58),age (-32)
15868,-128.41837156937981,education-num (-66),marital-status (-60),capital-gain (-24)
34118,-87.08401366957042,marital-status (-75),hours-per-week (-34),capital-gain (-24)
28261,-193.120604103896,marital-status (-93),occupation (-65),capital-gain (-24)
2723,-32.81905163331344,marital-status (-60),capital-gain (-24),hours-per-week (-8)
11449,-203.0630006642945,marital-status (-60),relationship (-58),capital-gain (-24)
39231,-221.1022523657518,marital-status (-93),hours-per-week (-68),relationship (-58)
45493,-246.20274806672194,marital-status (-93),relationship (-60),occupation (-51)
18917,-202.89411213897802,marital-status (-93),hours-per-week (-57),age (-29)
31342,-21.102905951453177,occupation (-65),workclass (-32),capital-gain (-24)
1947,-240.8058549153052,marital-status (-93),occupation (-74),education-num (-66)
42640,-205.55671679055644,marital-status (-93),occupation (-74),capital-gain (-24)
14923,27.31118761045981,marital-status (-93),capital-gain (-24),capital-loss (-4)
34739,-71.73186729971889,occupation (-74),marital-status (-58),capital-gain (-24)
15731,-279.0738732256909,education-num (-108),marital-status (-93),relationship (-58)
8064,126.51943481935157,capital-gain (-24),workclass (-17),capital-loss (-4)
2430,-213.63673963052835,marital-status (-93),relationship (-58),capital-gain (-24)
40811,99.34065132725924,capital-gain (-24),education-num (-23),capital-loss (-4)
37354,-106.97413824599641,occupation (-65),marital-status (-60),capital-gain (-24)
40019,-6.127640766843133,occupation (-65),hours-per-week (-46),workclass (-32)
38084,-187.71131851296454,marital-status (-93),relationship (-58),age (-27)
29301,-372.9202096245591,marital-status (-93),education-num (-87),occupation (-65)
44093,-226.46558364292716,marital-status (-93),relationship (-58),hours-per-week (-32)
1883,-238.5887428431458,marital-status (-60),relationship (-58),occupation (-51)
7323,130.62412933425566,capital-gain (-24),education (-9),capital-loss (-4)
13805,91.57988193249243,education-num (-66),capital-gain (-24),education (-19)
25650,-21.12533687352202,marital-status (-93),capital-gain (-24),occupation (-5)
19582,-198.44949807820382,education-num (-66),marital-status (-60),relationship (-60)
10280,-295.59915141394396,marital-status (-93),occupation (-65),relationship (-58)
17743,-99.42322977304906,marital-status (-93),capital-gain (-24),age (-14)
30361,105.31724074560381,capital-gain (-24),education-num (-23),age (-9)
15396,-35.77390097303522,education-num (-151),capital-gain (-24),capital-loss (-4)
24656,109.27671483707812,occupation (-51),capital-gain (-24),age (-21)
34058,-255.27687646635675,marital-status (-93),relationship (-60),occupation (-51)
31250,37.64554063343261,education-num (-66),capital-gain (-24),education (-19)
16324,-103.36338837671425,marital-status (-58),capital-gain (-24),education-num (-23)
31848,-258.70195530911025,marital-status (-75),education-num (-66),occupation (-65)
8358,86.23893695361775,capital-gain (-24),age (-6),capital-loss (-4)
25497,-16.50517853553046,hours-per-week (-57),native-country (-50),capital-gain (-24)
2840,92.56135303608409,capital-gain (-24),native-country (-17),capital-loss (-4)
42651,-10.9280838447887,marital-status (-60),capital-gain (-24),education (-21)
3450,99.07315286315692,capital-gain (-24),education-num (-23),capital-loss (-4)
4976,-189.15210629014874,marital-status (-93),relationship (-58),capital-gain (-24)
33585,-46.66831529629107,education-num (-66),capital-gain (-24),age (-22)
19401,-69.38713702642237,marital-status (-60),capital-gain (-24),relationship (-8)
25116,-87.38178815737902,marital-status (-93),capital-gain (-24),age (-6)
44908,-20.2793744674975,hours-per-week (-77),occupation (-65),capital-gain (-24)
32689,-253.51218283957144,marital-status (-93),relationship (-58),hours-per-week (-46)
30805,-251.30689560307894,marital-status (-93),relationship (-60),age (-32)
36264,12.724485784287044,occupation (-65),capital-gain (-24),education-num (-23)
30477,-218.59350799807513,marital-status (-93),relationship (-58),age (-26)
45306,-92.94166221011108,native-country (-130),education-num (-108),relationship (-60)
28921,31.646510101992202,occupation (-51),capital-gain (-24),education (-9)
9934,-102.37533001768779,marital-status (-93),capital-gain (-24),age (-22)
45994,-245.1381201866482,marital-status (-93),relationship (-58),hours-per-week (-55)
12362,72.87811331157371,marital-status (-93),capital-gain (-24),age (-8)
80,111.39088609201114,capital-gain (-24),occupation (-20),capital-loss (-4)
28162,79.64096484734426,capital-gain (-24),education-num (-23),occupation (-4)
19793,-227.02184061134656,marital-status (-93),relationship (-58),capital-gain (-24)
5952,-169.94681304006545,marital-status (-93),relationship (-58),native-country (-34)
18834,-174.88505602125954,marital-status (-93),capital-gain (-24),education-num (-23)
45215,121.32134619339513,capital-gain (-24),education (-9),capital-loss (-4)
38284,123.44007034314633,workclass (-32),capital-gain (-24),capital-loss (-4)
33802,81.69053957457616,capital-gain (-24),age (-16),capital-loss (-4)
42506,-254.80811677228493,marital-status (-93),relationship (-58),hours-per-week (-34)
1331,69.49616234674224,education-num (-130),capital-loss (-4),hours-per-week (-1)
46435,124.43875851166065,capital-gain (-24),age (-6),capital-loss (-4)
14231,-26.738749281796874,marital-status (-60),capital-gain (-24),education (-21)
27480,-2.9175383282961223,marital-status (-93),capital-gain (-24),education (-21)
43791,-117.64449825996479,marital-status (-60),capital-gain (-24),education-num (-23)
31434,-102.73709598313036,marital-status (-93),relationship (-58),capital-gain (-24)
46351,-183.06919452879492,marital-status (-93),age (-27),capital-gain (-24)
43122,139.9828880044547,capital-gain (-24),age (-22),capital-loss (-4)
45110,-162.4096394639274,occupation (-74),marital-status (-54),hours-per-week (-34)
41761,53.39666591749412,capital-gain (-24),education-num (-23),age (-21)
40069,-187.3388218284799,education-num (-151),occupation (-65),native-country (-50)
41765,-26.64698900444218,marital-status (-93),capital-gain (-24),age (-22)
24130,-183.0224692579717,marital-status (-93),occupation (-65),capital-gain (-24)
36265,-28.66321057971319,education-num (-66),capital-gain (-24),occupation (-20)
42597,-316.6553874887966,marital-status (-93),occupation (-65),relationship (-58)
11822,37.47537019077663,education-num (-44),capital-gain (-24),education (-8)
35664,-211.22513039240118,marital-status (-93),relationship (-58),workclass (-32)
23517,-235.91910491570366,education-num (-87),marital-status (-60),relationship (-58)
32424,51.00055792173256,marital-status (-93),capital-gain (-24),capital-loss (-4)
38730,48.541238518709754,capital-gain (-24),education-num (-23),occupation (-4)
22184,74.7715570495458,hours-per-week (-46),capital-gain (-24),education-num (-23)
43067,-87.15686125146166,marital-status (-93),capital-gain (-24),education-num (-23)
19971,39.48837015928967,capital-gain (-24),education-num (-23),age (-21)
21776,-147.97107037535307,marital-status (-93),capital-gain (-24),education-num (-23)
19902,-5.3130905641943516,marital-status (-93),hours-per-week (-30),capital-gain (-24)
39215,-352.6198417380132,marital-status (-93),education-num (-66),relationship (-58)
38986,-137.8315944621508,marital-status (-60),capital-gain (-24),education-num (-23)
5923,125.62102739981083,capital-gain (-24),workclass (-17),hours-per-week (-5)
10725,-96.55148957500097,marital-status (-93),occupation (-65),age (-27)
39427,-216.21626724580415,marital-status (-93),occupation (-65),capital-gain (-24)
14949,64.991101831671,age (-26),capital-gain (-24),education-num (-23)
42293,-102.91891274797038,hours-per-week (-81),marital-status (-75),capital-gain (-24)
27550,91.92198310427541,capital-gain (-24),education-num (-23),occupation (-5)
36981,-192.76911986859042,occupation (-65),marital-status (-60),capital-gain (-24)
28584,32.57996367964932,marital-status (-93),capital-gain (-24),age (-11)
25186,-92.90233724377006,marital-status (-60),capital-gain (-24),education-num (-23)
14428,-161.32927151326479,marital-status (-93),occupation (-51),capital-gain (-24)
30749,-94.9812868200737,marital-status (-93),hours-per-week (-52),capital-gain (-24)
40713,-46.64632057630414,occupation (-65),native-country (-50),capital-gain (-24)
20711,85.02726379901681,capital-gain (-24),education-num (-23),hours-per-week (-19)
21552,-238.2470471481931,marital-status (-93),relationship (-60),age (-31)
5326,-198.8985217085212,marital-status (-93),occupation (-74),relationship (-58)
21917,-181.02005309934816,education-num (-151),marital-status (-54),capital-gain (-24)
10869,-294.2374473222965,marital-status (-93),relationship (-58),occupation (-51)
42854,-218.82703689768505,marital-status (-93),relationship (-60),age (-27)
26024,-67.9751875434768,marital-status (-93),workclass (-32),capital-gain (-24)
46583,121.6739294920803,capital-gain (-24),age (-18),occupation (-5)
28134,141.07453399083374,capital-gain (-24),capital-loss (-4),education-num (-2)
12112,1.806092819671477,native-country (-54),capital-gain (-24),education-num (-23)
10111,140.80989062750484,capital-gain (-24),age (-11),capital-loss (-4)
27413,-91.52002494872056,marital-status (-58),capital-gain (-24),education-num (-23)
41849,68.52523732274979,hours-per-week (-57),capital-gain (-24),education-num (-23)
15390,-31.627045758608798,marital-status (-60),capital-gain (-24),education-num (-23)
46289,-98.85003565354978,marital-status (-60),capital-gain (-24),relationship (-8)
11022,21.825543892949735,occupation (-51),capital-gain (-24),age (-14)
44058,-187.93295236249293,marital-status (-93),occupation (-65),age (-29)
6824,-207.08942882450006,marital-status (-93),relationship (-58),capital-gain (-24)
16813,-13.721486784790809,occupation (-65),capital-gain (-24),education-num (-23)
28633,-285.8240195696685,education-num (-108),marital-status (-75),occupation (-65)
20540,-147.54725675302063,marital-status (-93),occupation (-65),capital-gain (-24)
9148,-30.460674736872356,native-country (-67),marital-status (-60),relationship (-60)
2415,117.92940374895758,capital-gain (-24),education-num (-23),capital-loss (-4)
23764,-446.6837617898876,education-num (-108),marital-status (-93),occupation (-65)
14278,126.90290014633011,capital-gain (-24),capital-loss (-4),education-num (-2)
3464,-157.67099571514856,occupation (-65),marital-status (-60),capital-gain (-24)
4812,137.66423658419225,capital-gain (-24),capital-loss (-4),education-num (-2)
14974,-177.77544714250337,marital-status (-93),occupation (-74),age (-27)
47565,-0.866509748767091,marital-status (-60),capital-gain (-24),hours-per-week (-5)
28172,-70.17465619490278,marital-status (-60),capital-gain (-24),hours-per-week (-23)
40712,-139.81579148072123,marital-status (-93),occupation (-51),capital-gain (-24)
36554,54.80611664741593,workclass (-32),capital-gain (-24),age (-4)
37179,-105.99442818436296,marital-status (-93),capital-gain (-24),education-num (-23)
17094,-204.9537226019174,marital-status (-93),relationship (-58),age (-27)
21,-256.8952579253417,marital-status (-93),occupation (-65),relationship (-58)
13838,-146.09734749271547,education-num (-108),marital-status (-75),capital-gain (-24)
20319,-154.1656168865673,relationship (-58),marital-status (-58),capital-gain (-24)
8766,-122.76097014195122,marital-status (-93),relationship (-58),age (-31)
45538,-39.24267468894417,marital-status (-75),education-num (-44),capital-gain (-24)
9585,-131.26025657473548,marital-status (-60),relationship (-60),capital-gain (-24)
24825,80.63688001077053,hours-per-week (-55),education-num (-23),age (-9)
11340,59.23131019412312,capital-gain (-24),education-num (-23),age (-14)
30624,83.56528764070049,marital-status (-60),capital-gain (-24),capital-loss (-4)
10006,84.51238707676976,occupation (-51),capital-gain (-24),capital-loss (-4)
37301,-179.47693760193744,marital-status (-93),relationship (-60),capital-gain (-24)
24149,61.88640650834489,capital-gain (-24),occupation (-20),workclass (-17)
40117,-189.4893185047963,education-num (-130),marital-status (-60),workclass (-32)
24597,120.49753541778571,occupation (-51),education-num (-23),capital-loss (-4)
25765,83.55602201730895,capital-gain (-24),education-num (-23),capital-loss (-4)
15040,41.05723804696825,workclass (-32),capital-gain (-24),hours-per-week (-23)
45658,-209.27124295953502,relationship (-60),marital-status (-54),occupation (-51)
17642,86.24602971520261,capital-gain (-24),education-num (-23),capital-loss (-4)
38973,-43.584562308379844,marital-status (-93),capital-gain (-24),age (-24)
7526,-230.74483356330947,marital-status (-93),occupation (-65),capital-gain (-24)
31877,127.48287149389773,capital-gain (-24),education-num (-23),capital-loss (-4)
34132,67.1029758181932,capital-gain (-24),age (-13),occupation (-5)
16170,-191.49367452551883,marital-status (-75),occupation (-51),education-num (-44)
15717,-187.4865295402757,marital-status (-93),relationship (-60),age (-34)
43577,-341.68841784905686,marital-status (-93),education-num (-66),relationship (-58)
21384,110.12292468635034,workclass (-32),capital-gain (-24),education-num (-23)
36885,-263.71006719547233,marital-status (-93),occupation (-65),relationship (-58)
3981,122.17423962123993,capital-gain (-24),occupation (-5),capital-loss (-4)
48199,-123.44195921111316,marital-status (-93),capital-gain (-24),age (-21)
20227,-10.459477595558269,marital-status (-93),capital-gain (-24),education-num (-23)
22329,-120.54489547649132,marital-status (-93),age (-29),capital-gain (-24)
32862,-171.1181145919764,marital-status (-93),relationship (-58),capital-gain (-24)
219,0.6725058783018152,marital-status (-93),age (-26),capital-gain (-24)
30650,-137.7544877133783,marital-status (-93),capital-gain (-24),education-num (-23)
47258,41.89983106617604,marital-status (-60),capital-gain (-24),capital-loss (-4)
44592,-249.7149043877063,marital-status (-93),relationship (-58),hours-per-week (-46)
23291,-119.23837936551605,relationship (-58),marital-status (-58),capital-gain (-24)
47137,-30.033833979329735,education-num (-173),occupation (-51),capital-gain (-24)
25100,-27.310030018329297,occupation (-65),capital-gain (-24),age (-24)
15519,-240.66162600750428,marital-status (-93),relationship (-58),capital-gain (-24)
12178,-36.08448988650609,marital-status (-93),capital-gain (-24),age (-14)
8471,-215.14910309371268,marital-status (-93),relationship (-58),age (-31)
10964,-202.129404747852,marital-status (-93),occupation (-65),capital-gain (-24)
11990,-179.9128030732907,marital-status (-93),education-num (-66),capital-gain (-24)
10741,-116.1569720213164,education-num (-108),occupation (-74),native-country (-50)
7467,63.330441894103494,capital-gain (-24),education-num (-23),capital-loss (-4)
761,75.34474316648605,capital-gain (-24),education-num (-23),workclass (-17)
40283,-83.5156340877592,marital-status (-60),capital-gain (-24),education-num (-23)
14402,-74.06223963940502,marital-status (-93),capital-gain (-24),education-num (-23)
22044,-319.61657000834543,marital-status (-93),occupation (-65),relationship (-58)
2839,43.46077547497643,capital-gain (-24),education-num (-23),age (-21)
36079,-33.91266525679437,marital-status (-93),capital-gain (-24),hours-per-week (-23)
35351,-83.63362895448785,education-num (-151),relationship (-60),capital-gain (-24)
13659,-337.94125828803175,marital-status (-93),education-num (-87),hours-per-week (-77)
37025,12.203869791104847,marital-status (-60),capital-gain (-24),capital-loss (-4)
15096,-93.77762343766545,marital-status (-93),capital-gain (-24),education (-21)
7574,-0.4017419479694162,occupation (-74),capital-gain (-24),education-num (-23)
1134,-424.1408122747998,education-num (-130),occupation (-97),marital-status (-93)
26855,-126.2322509269901,occupation (-65),marital-status (-58),capital-gain (-24)
13719,59.00195671942542,workclass (-32),capital-gain (-24),education-num (-23)
2977,-72.52512364642777,marital-status (-60),capital-gain (-24),education-num (-23)
2517,103.98731232523102,capital-gain (-24),capital-loss (-4),education-num (-2)
11801,-4.7401104802583705,marital-status (-58),workclass (-32),capital-gain (-24)
27323,124.05151124683941,capital-gain (-24),education-num (-23),occupation (-20)
33160,68.24092499862473,capital-gain (-24),education-num (-23),capital-loss (-4)
29440,-55.1172163722549,marital-status (-93),hours-per-week (-46),relationship (-8)
8124,-299.1479304268177,marital-status (-93),relationship (-58),occupation (-51)
1866,-186.07449081145748,marital-status (-93),relationship (-58),age (-26)
26230,-208.364242670415,marital-status (-93),occupation (-65),capital-gain (-24)
6687,37.891853544734396,occupation (-51),capital-gain (-24),education-num (-23)
32638,-5.70753358282125,marital-status (-93),capital-gain (-24),age (-13)
10431,-216.6392202118873,marital-status (-93),relationship (-58),age (-34)
22206,110.91645566065938,workclass (-32),capital-gain (-24),hours-per-week (-5)
28790,60.05678649108933,capital-gain (-24),education-num (-23),age (-4)
29524,134.3905811811781,capital-gain (-24),capital-loss (-4),education-num (-2)
19071,-41.074437569600256,marital-status (-75),capital-gain (-24),occupation (-5)
45328,106.72597080004051,capital-gain (-24),age (-13),capital-loss (-4)
39767,11.691476216717627,marital-status (-60),education (-21),relationship (-8)
1287,-233.56915141737488,marital-status (-93),relationship (-58),age (-27)
24577,56.46934736094731,capital-gain (-24),occupation (-20),age (-19)
23753,-174.83935887887583,marital-status (-93),relationship (-60),age (-29)
15667,-43.33829806734714,marital-status (-93),age (-26),capital-gain (-24)
10246,-58.541432436004186,marital-status (-93),capital-gain (-24),age (-14)
30633,6.73839417528102,marital-status (-54),capital-gain (-24),occupation (-5)
12582,134.159338992607,education-num (-66),occupation (-20),education (-19)
19483,-279.3222477391055,marital-status (-93),native-country (-86),relationship (-58)
44309,-3.5772922090667647,occupation (-74),capital-gain (-24),age (-14)
20610,45.33296950159143,marital-status (-60),capital-gain (-24),education (-21)
22915,-3.7561308432032243,marital-status (-93),capital-gain (-24),age (-24)
15701,35.50437096848315,age (-29),capital-gain (-24),education-num (-23)
30791,-239.65371449263804,marital-status (-93),occupation (-65),capital-gain (-24)
4929,-229.89530236842668,marital-status (-93),relationship (-58),hours-per-week (-46)
5277,-94.00055750318677,marital-status (-93),capital-gain (-24),education (-21)
13653,113.69603685012481,capital-gain (-24),age (-13),education (-9)
19000,97.05601692998061,capital-gain (-24),education-num (-23),capital-loss (-4)
48706,-126.83473601499648,education-num (-173),native-country (-50),age (-26)
2961,-16.231826734981983,relationship (-58),capital-gain (-24),hours-per-week (-23)
43435,-144.81729241272632,marital-status (-60),occupation (-51),capital-gain (-24)
2026,-60.09742193446658,marital-status (-60),education-num (-23),relationship (-8)
22123,-369.1134959204096,education-num (-173),occupation (-97),marital-status (-93)
34405,-333.4026859920342,education-num (-108),occupation (-65),marital-status (-58)
26578,-67.1310329487282,marital-status (-54),capital-gain (-24),hours-per-week (-23)
48567,-118.40891552551375,marital-status (-93),relationship (-58),capital-gain (-24)
477,-136.26908235906745,marital-status (-93),capital-gain (-24),age (-22)
48190,45.32533717752563,capital-gain (-24),education-num (-23),age (-19)
26956,-4.398168230347312,occupation (-51),capital-gain (-24),education-num (-23)
3606,-79.15638240478712,occupation (-74),education-num (-66),capital-gain (-24)
29312,0.33109284726467325,marital-status (-93),capital-gain (-24),age (-6)
1204,144.06293791241606,capital-gain (-24),education-num (-23),age (-6)
13345,-218.8314146866028,marital-status (-93),occupation (-65),hours-per-week (-37)
43072,-279.65868572375575,marital-status (-93),education-num (-66),relationship (-58)
42299,-301.75707171339286,marital-status (-93),occupation (-65),relationship (-58)
29426,-155.59730738857553,marital-status (-93),relationship (-58),age (-32)
33322,-295.3424220689793,marital-status (-93),occupation (-65),relationship (-58)
17385,67.4238036398091,hours-per-week (-34),workclass (-32),capital-gain (-24)
16840,-135.19814034160407,education-num (-66),occupation (-65),native-country (-50)
14353,-99.91162495851688,marital-status (-60),workclass (-32),capital-gain (-24)
39817,-77.05577967765956,marital-status (-93),hours-per-week (-88),capital-loss (-4)
28088,105.61465144964117,capital-gain (-24),occupation (-5),capital-loss (-4)
43183,9.231422757710561,education-num (-151),capital-gain (-24),hours-per-week (-10)
10238,55.1463033865681,capital-gain (-24),education-num (-23),age (-9)
8224,-51.1287256591807,marital-status (-93),capital-gain (-24),education (-21)
34632,-130.81343547044514,marital-status (-93),age (-32),capital-gain (-24)
30674,-298.34063608728417,occupation (-97),marital-status (-93),age (-26)
5955,-222.66132705803636,marital-status (-93),occupation (-65),age (-31)
28860,-119.10537299820115,marital-status (-93),relationship (-58),capital-gain (-24)
29166,87.08944429931286,capital-gain (-24),age (-22),capital-loss (-4)
19935,59.9990324292593,capital-gain (-24),education-num (-23),occupation (-4)
9512,-15.151771438343276,education-num (-151),workclass (-32),capital-gain (-24)
28753,-187.0965450686703,marital-status (-60),occupation (-51),capital-gain (-24)
6227,-322.9351998307226,marital-status (-93),occupation (-65),relationship (-58)
27926,-199.59807143209918,marital-status (-93),relationship (-58),age (-34)
23208,-43.67561415608064,marital-status (-60),capital-gain (-24),hours-per-week (-5)
1445,-137.70493610101357,marital-status (-93),capital-gain (-24),education-num (-23)
21437,-107.12591347091316,marital-status (-75),hours-per-week (-73),capital-gain (-24)
13904,-171.9417336004099,marital-status (-60),relationship (-58),capital-gain (-24)
40190,-376.4011975976508,marital-status (-93),education-num (-66),occupation (-65)
23974,-226.22407817006723,marital-status (-93),relationship (-58),workclass (-32)
41117,50.235820282046866,capital-gain (-24),education-num (-23),age (-14)
12913,90.62151589151921,capital-gain (-24),education-num (-23),capital-loss (-4)
9974,89.51968511821677,capital-gain (-24),education-num (-23),capital-loss (-4)
44724,-436.66192654662586,marital-status (-93),hours-per-week (-77),education-num (-66)
21705,-198.8340650273538,marital-status (-93),native-country (-86),occupation (-65)
34259,-358.2384346813617,marital-status (-93),relationship (-58),occupation (-51)
4717,-113.5826372987348,marital-status (-93),age (-26),capital-gain (-24)
32707,19.582681855024717,education-num (-66),capital-gain (-24),education (-19)
17911,1.3251454296562812,education-num (-66),occupation (-65),native-country (-50)
48661,-15.79324640949911,marital-status (-60),capital-gain (-24),workclass (-17)
26421,-93.66527685685787,marital-status (-93),capital-gain (-24),education-num (-23)
41236,-135.65131961446662,marital-status (-93),relationship (-58),capital-gain (-24)
14846,-260.62689823069655,marital-status (-93),hours-per-week (-75),relationship (-58)
47965,136.14298830717865,capital-gain (-24),capital-loss (-4),age (-3)
19195,-255.13043521576506,marital-status (-93),education-num (-66),capital-gain (-24)
5652,18.51741959075179,occupation (-51),capital-gain (-24),education-num (-23)
44538,23.927812095285297,marital-status (-93),capital-gain (-24),relationship (-8)
27839,-319.20570515297146,occupation (-97),marital-status (-93),education-num (-66)
13856,-287.41501290640855,marital-status (-93),occupation (-65),relationship (-58)
43511,-76.30995455485527,education-num (-130),hours-per-week (-46),workclass (-32)
16036,120.04829611151749,capital-gain (-24),occupation (-5),age (-4)
11558,43.46077547497643,capital-gain (-24),education-num (-23),age (-21)
22546,-129.8105941625036,education-num (-130),occupation (-74),workclass (-32)
45066,-91.27567639815939,marital-status (-60),capital-gain (-24),education-num (-23)
23134,-124.8173759673258,marital-status (-93),native-country (-33),capital-gain (-24)
44296,-3.8494282463286416,education-num (-173),capital-gain (-24),occupation (-4)
3159,-183.04461544404325,education-num (-87),relationship (-60),marital-status (-54)
9618,61.6218797317523,hours-per-week (-46),capital-gain (-24),education-num (-23)
22874,-197.9612437305921,marital-status (-93),relationship (-58),age (-32)
16352,-72.13612087626205,relationship (-58),marital-status (-58),capital-gain (-24)
27787,145.0602434937755,workclass (-32),capital-gain (-24),hours-per-week (-12)
15342,-86.58273013716209,marital-status (-60),capital-gain (-24),education-num (-23)
35459,-39.64730635509607,education-num (-66),occupation (-51),capital-gain (-24)
25299,-335.84995076638666,education-num (-173),occupation (-74),marital-status (-54)
31594,94.430168222738,capital-gain (-24),education-num (-23),capital-loss (-4)
37799,-123.34258840286287,occupation (-65),marital-status (-60),hours-per-week (-34)
9367,44.24032026424593,hours-per-week (-68),capital-gain (-24),education-num (-23)
33161,-260.43641179245816,marital-status (-93),occupation (-65),relationship (-58)
21640,-133.91763821275936,marital-status (-93),occupation (-65),capital-gain (-24)
42893,-28.831987881645833,marital-status (-75),capital-gain (-24),workclass (-17)
722,19.537412314805284,marital-status (-54),workclass (-32),capital-gain (-24)
40054,-41.41033195905375,marital-status (-93),capital-gain (-24),education (-9)
42057,-202.31457951898568,marital-status (-93),occupation (-51),age (-29)
24747,-314.33923122296915,education-num (-151),marital-status (-93),native-country (-50)
30956,-32.75281717373573,marital-status (-60),capital-gain (-24),occupation (-5)
576,55.80020189130569,occupation (-74),workclass (-32),capital-gain (-24)
34388,26.918954234027442,capital-gain (-24),education-num (-23),occupation (-20)
8279,-246.23995940709906,marital-status (-93),occupation (-65),relationship (-58)
45811,46.95139966819268,occupation (-51),capital-gain (-24),education-num (-23)
38782,-342.34206995724026,education-num (-108),marital-status (-93),relationship (-58)
14608,-153.89789018360452,marital-status (-93),relationship (-60),capital-gain (-24)
6970,-29.565599965806083,marital-status (-93),capital-gain (-24),workclass (-17)
23515,-168.29694568922636,occupation (-65),marital-status (-54),capital-gain (-24)
28602,-65.07646900843412,marital-status (-60),native-country (-47),capital-gain (-24)
12414,-201.8169318643867,marital-status (-93),occupation (-65),capital-gain (-24)
37291,-101.72759271282521,education-num (-66),marital-status (-60),workclass (-32)
25431,120.03853339865735,capital-gain (-24),education-num (-23),capital-loss (-4)
38218,-204.65622234145852,marital-status (-93),occupation (-65),capital-gain (-24)
12305,-48.44898266489395,marital-status (-93),occupation (-20),capital-loss (-4)
43355,52.071623266688505,capital-gain (-24),education-num (-23),occupation (-4)
12991,19.622976397171325,occupation (-65),capital-gain (-24),education-num (-23)
36422,-244.56578243198632,marital-status (-93),relationship (-58),occupation (-51)
48428,-85.88108179814105,marital-status (-93),hours-per-week (-79),workclass (-32)
37977,90.28515540276834,capital-gain (-24),education-num (-23),occupation (-5)
1604,-98.0768814403036,marital-status (-93),capital-gain (-24),occupation (-5)
38357,-209.63128220034065,marital-status (-93),occupation (-65),hours-per-week (-57)
3668,-66.14455859722014,marital-status (-75),education-num (-44),capital-gain (-24)
35934,56.294964364316726,hours-per-week (-64),capital-gain (-24),education-num (-23)
33867,-53.05681821718338,marital-status (-60),capital-gain (-24),age (-4)
480,141.2563052146257,hours-per-week (-28),capital-gain (-24),occupation (-5)
8035,9.139247095981812,marital-status (-93),capital-gain (-24),age (-13)
27173,-20.964778171537073,relationship (-60),age (-31),capital-gain (-24)
43234,54.13412657460899,education-num (-44),capital-gain (-24),education (-8)
15315,-287.8786714733577,marital-status (-93),native-country (-67),occupation (-51)
14848,-1.7731441662215677,marital-status (-60),capital-gain (-24),capital-loss (-4)
38240,61.92766687129023,occupation (-65),capital-gain (-24),education-num (-23)
4882,132.36902277500485,capital-gain (-24),age (-24),capital-loss (-4)
27081,-84.96386757285555,marital-status (-93),age (-29),capital-gain (-24)
38421,142.13745658750503,workclass (-32),capital-gain (-24),capital-loss (-4)
30373,-168.04726584646963,marital-status (-93),age (-26),capital-gain (-24)
35961,-48.424332856654935,education-num (-130),capital-gain (-24),age (-18)
44216,-137.5215153401786,education-num (-108),marital-status (-60),capital-gain (-24)
43620,-26.841866126341902,education-num (-87),occupation (-51),capital-gain (-24)
15695,-103.29497179856523,education-num (-66),marital-status (-60),capital-gain (-24)
34966,-227.32043472352618,marital-status (-93),occupation (-74),workclass (-32)
9319,-110.29737597847813,marital-status (-93),age (-29),capital-gain (-24)
21040,-180.69687369438304,education-num (-87),marital-status (-75),hours-per-week (-64)
44419,-4.819213898868292,marital-status (-60),capital-gain (-24),education-num (-23)
46804,-313.2994083928138,marital-status (-93),relationship (-58),occupation (-51)
348,-287.41501290640855,marital-status (-93),occupation (-65),relationship (-58)
41744,-24.3905747490949,marital-status (-93),capital-gain (-24),education-num (-23)
39037,-8.573634175387273,education-num (-130),capital-gain (-24),age (-22)
9282,-203.34242809633963,occupation (-97),marital-status (-60),hours-per-week (-37)
24413,5.920611276425575,education-num (-87),capital-gain (-24),age (-14)
37244,39.13525091923828,hours-per-week (-34),capital-gain (-24),age (-24)
27588,104.17176246973293,capital-gain (-24),capital-loss (-4),education-num (-2)
9475,-2.4025323062161634,marital-status (-60),capital-gain (-24),education (-21)
12249,111.38209294292928,capital-gain (-24),education-num (-23),capital-loss (-4)
33024,-334.0057872928226,marital-status (-93),education-num (-87),relationship (-58)
20473,28.121417009592175,capital-gain (-24),education-num (-23),occupation (-20)
28855,119.74518159370015,capital-gain (-24),education-num (-23),hours-per-week (-12)
23490,-103.71210696661802,marital-status (-93),capital-gain (-24),relationship (-8)
28056,-16.091942473555772,occupation (-74),capital-gain (-24),education-num (-23)
28259,-123.10333768229316,occupation (-65),marital-status (-60),capital-gain (-24)
19687,58.8212473114681,capital-gain (-24),occupation (-20),age (-13)
26894,82.97237431218846,capital-gain (-24),education-num (-23),capital-loss (-4)
36025,-49.814991441397524,marital-status (-58),capital-gain (-24),education-num (-23)
19814,61.689348352931184,education-num (-44),capital-gain (-24),education (-8)
5695,-159.28656337644088,occupation (-65),marital-status (-60),capital-gain (-24)
9574,114.3882498818411,capital-gain (-24),education-num (-23),capital-loss (-4)
17278,116.80193765900671,marital-status (-60),capital-gain (-24),relationship (-8)
31660,-233.6414006148144,marital-status (-93),occupation (-65),capital-gain (-24)
36532,26.187746722883077,education-num (-66),capital-gain (-24),education (-19)
18692,-47.55231218087031,marital-status (-60),capital-gain (-24),relationship (-8)
15977,15.842043844598908,occupation (-65),capital-gain (-24),education-num (-23)
41337,-178.11287634866144,marital-status (-93),relationship (-58),age (-34)
44336,27.82751553346555,workclass (-32),capital-gain (-24),education-num (-23)
21993,87.27446518381377,capital-gain (-24),workclass (-17),capital-loss (-4)
37316,13.389967696028467,capital-gain (-24),education-num (-23),age (-22)
37123,-44.37718988530765,marital-status (-60),capital-gain (-24),education-num (-23)
38309,132.3600949825725,hours-per-week (-46),native-country (-38),capital-gain (-24)
47906,-136.58798724336862,marital-status (-60),hours-per-week (-55),occupation (-51)
48435,65.73536744523297,capital-gain (-24),education-num (-23),age (-8)
26177,35.213891599721585,capital-gain (-24),education-num (-23),age (-16)
830,54.7206605961249,hours-per-week (-68),education-num (-23),occupation (-20)
30535,-211.72873710736607,marital-status (-93),relationship (-58),age (-29)
21839,81.99083469273687,capital-gain (-24),education-num (-23),capital-loss (-4)
11718,-2.2225393248790466,occupation (-74),workclass (-32),capital-gain (-24)
30591,-306.3565935920219,education-num (-108),marital-status (-93),occupation (-51)
1247,-137.9009608682661,marital-status (-93),hours-per-week (-55),age (-26)
22161,73.61551346705073,capital-gain (-24),age (-18),occupation (-4)
28747,-168.21670434598423,occupation (-65),marital-status (-60),capital-gain (-24)
6175,-93.46917108886782,marital-status (-60),capital-gain (-24),hours-per-week (-23)
1676,138.3049720202258,workclass (-32),capital-gain (-24),capital-loss (-4)
5873,-109.10031042491079,marital-status (-93),capital-gain (-24),age (-6)
30771,-79.20810323546485,marital-status (-60),capital-gain (-24),relationship (-8)
40977,-35.74512334364097,education-num (-108),capital-gain (-24),occupation (-20)
44416,-125.92926876976247,marital-status (-60),capital-gain (-24),education-num (-23)
10608,29.323879785156922,capital-gain (-24),education-num (-23),occupation (-20)
32898,82.81155586420391,capital-gain (-24),workclass (-17),education (-9)
16186,-87.16637784228254,marital-status (-60),capital-gain (-24),education-num (-23)
28446,-103.91526015062544,marital-status (-93),hours-per-week (-64),workclass (-32)
34830,-164.57080378594807,marital-status (-93),relationship (-58),capital-gain (-24)
32682,-354.82428404919415,marital-status (-93),occupation (-65),relationship (-58)
1551,134.5465884275278,native-country (-54),capital-gain (-24),occupation (-5)
30238,17.60957226876748,occupation (-65),hours-per-week (-34),capital-gain (-24)
4706,132.29267111840122,capital-gain (-24),age (-24),capital-loss (-4)
1636,-129.17642821052866,marital-status (-93),hours-per-week (-68),capital-gain (-24)
3838,-232.47748749996887,marital-status (-93),relationship (-58),capital-gain (-24)
27256,-313.53538872547267,marital-status (-93),occupation (-74),relationship (-58)
15529,-281.2955134252628,marital-status (-93),education-num (-66),relationship (-58)
16143,-6.211357779230672,marital-status (-60),capital-gain (-24),capital-loss (-4)
16337,-101.30157009340579,education-num (-151),native-country (-50),capital-gain (-24)
30469,48.59899258053979,capital-gain (-24),education-num (-23),age (-16)
29934,32.40139909264554,occupation (-51),capital-gain (-24),capital-loss (-4)
9703,-94.48336706028923,marital-status (-58),occupation (-51),capital-gain (-24)
16260,-83.4352609896475,marital-status (-93),capital-gain (-24),age (-19)
42600,65.7726707954173,marital-status (-60),capital-gain (-24),relationship (-8)
48450,-152.81590382631234,marital-status (-93),occupation (-65),relationship (-60)
8894,141.61889694498714,relationship (-58),capital-gain (-24),education-num (-2)
20498,-202.17526936242595,marital-status (-93),relationship (-58),age (-31)
9984,-215.2605740290884,occupation (-65),hours-per-week (-55),marital-status (-54)
16114,-31.174006781984854,marital-status (-93),capital-gain (-24),age (-9)
38937,-54.29027917224967,marital-status (-93),capital-gain (-24),workclass (-17)
19631,-230.89105205953322,occupation (-74),marital-status (-54),native-country (-50)
20137,-125.90295236592391,marital-status (-93),age (-27),capital-gain (-24)
15303,-123.71403589625498,education-num (-87),occupation (-51),hours-per-week (-46)
35870,-66.92493490085977,marital-status (-60),capital-gain (-24),hours-per-week (-19)
525,-90.39746383726657,marital-status (-75),capital-gain (-24),education-num (-23)
12721,-166.23975461778602,marital-status (-93),occupation (-51),capital-gain (-24)
33257,-143.83545812200202,marital-status (-93),relationship (-58),age (-26)
19082,-395.7756315516334,marital-status (-93),education-num (-66),occupation (-65)
16586,-87.45685721104417,marital-status (-60),capital-gain (-24),education-num (-23)
21107,-213.50564393339974,marital-status (-93),native-country (-54),age (-31)
31463,-194.84227702411337,marital-status (-93),relationship (-58),age (-31)
22689,-128.15146835607345,marital-status (-93),capital-gain (-24),age (-24)
26224,-102.75463923789326,marital-status (-93),capital-gain (-24),age (-4)
46096,82.1249045005185,capital-gain (-24),age (-11),capital-loss (-4)
14235,86.56345949826158,capital-gain (-24),education-num (-23),occupation (-5)
18018,-189.53148087539046,marital-status (-93),occupation (-65),hours-per-week (-55)
22104,67.94440183517295,workclass (-32),capital-gain (-24),education-num (-23)
40950,98.43542745375926,capital-gain (-24),occupation (-4),capital-loss (-4)
20890,-21.87531910474114,occupation (-65),hours-per-week (-34),capital-gain (-24)
20195,-41.877022050626614,education-num (-130),capital-gain (-24),age (-11)
9673,112.57682413338144,capital-gain (-24),age (-13),capital-loss (-4)
43480,16.773284429270287,marital-status (-93),capital-gain (-24),age (-21)
8487,44.99828794084329,hours-per-week (-34),workclass (-32),capital-gain (-24)
20204,65.95372391601649,occupation (-65),capital-gain (-24),education-num (-23)
34283,-224.818503226224,relationship (-58),marital-status (-58),workclass (-32)
20889,-33.189958893181064,marital-status (-60),capital-gain (-24),education-num (-23)
12717,52.73761274243672,marital-status (-93),capital-gain (-24),age (-4)
47967,-148.51791055640263,marital-status (-75),hours-per-week (-34),capital-gain (-24)
32120,67.646687287963,education-num (-66),age (-22),education (-19)
165,121.3698741360563,capital-gain (-24),age (-13),capital-loss (-4)
8564,68.73126771729586,occupation (-74),capital-gain (-24),age (-13)
43141,26.701558098287176,occupation (-51),capital-gain (-24),education-num (-23)
1301,41.683637084102735,marital-status (-60),capital-gain (-24),workclass (-17)
11510,-160.1013864968865,marital-status (-60),capital-gain (-24),education-num (-23)
6198,134.31386397550372,capital-gain (-24),education-num (-23),age (-8)
34569,19.080743581186297,education-num (-130),age (-14),capital-loss (-4)
15267,143.8268166855544,capital-gain (-24),age (-13),capital-loss (-4)
13793,35.70334625161773,capital-gain (-24),education-num (-23),age (-11)
45767,-201.38256693844434,marital-status (-93),occupation (-65),capital-gain (-24)
37247,-159.20719141439332,occupation (-65),marital-status (-60),capital-gain (-24)
15619,-154.1998714772216,marital-status (-60),capital-gain (-24),education-num (-23)
10506,-8.900969235522663,education-num (-44),capital-gain (-24),occupation (-20)
12562,38.48754700273573,capital-gain (-24),education-num (-23),age (-13)
7503,91.11761761909176,capital-gain (-24),education-num (-23),age (-14)
43965,-218.31962721305737,education-num (-130),marital-status (-75),hours-per-week (-68)
45540,-309.98836869842114,marital-status (-93),education-num (-87),relationship (-58)
23678,64.14106065377848,marital-status (-93),capital-gain (-24),capital-loss (-4)
24942,1.8148721516092816,marital-status (-60),capital-gain (-24),relationship (-8)
8809,-64.99160882025825,marital-status (-58),capital-gain (-24),education-num (-23)
12050,97.32351539408293,capital-gain (-24),education-num (-23),capital-loss (-4)
14079,-136.19476676064372,marital-status (-60),capital-gain (-24),education-num (-23)
48225,-60.388818415775745,hours-per-week (-64),marital-status (-60),capital-gain (-24)
36504,-148.51623415945414,marital-status (-93),capital-gain (-24),education-num (-23)
43271,-117.27124007347714,marital-status (-93),age (-26),capital-gain (-24)
18075,2.7194902636749063,native-country (-47),capital-gain (-24),occupation (-20)
45883,-311.6999299649124,marital-status (-93),occupation (-65),relationship (-58)
47660,60.333070224221636,education-num (-87),capital-gain (-24),capital-loss (-4)
41752,111.3203046635436,capital-gain (-24),capital-loss (-4),education-num (-2)
6580,32.73799863798678,workclass (-32),capital-gain (-24),education-num (-23)
47597,6.88326383282597,marital-status (-60),capital-gain (-24),capital-loss (-4)
22610,-120.99246926140268,marital-status (-93),capital-gain (-24),age (-22)
22067,-28.702759788442155,education-num (-87),native-country (-38),capital-gain (-24)
46038,-296.40883322443295,marital-status (-93),hours-per-week (-68),relationship (-58)
45384,121.34093398848447,capital-gain (-24),education-num (-23),capital-loss (-4)
35451,41.95113554820505,marital-status (-60),capital-gain (-24),workclass (-17)
19946,-62.46290751078897,marital-status (-93),workclass (-32),capital-gain (-24)
24856,88.62484751849057,hours-per-week (-68),capital-gain (-24),education (-9)
40677,-140.56180271898788,marital-status (-93),relationship (-58),capital-gain (-24)
20808,-242.20262747385897,marital-status (-93),occupation (-65),age (-32)
43274,73.1183316990895,capital-gain (-24),occupation (-20),education (-9)
31708,-27.194785209366064,marital-status (-93),capital-gain (-24),occupation (-20)
31357,-152.60325187641732,marital-status (-93),age (-31),capital-gain (-24)
32356,2.5095613912602763,marital-status (-60),capital-gain (-24),occupation (-4)
17746,144.3004695525019,capital-gain (-24),education-num (-23),occupation (-5)
27728,-154.39734031213442,occupation (-65),marital-status (-60),capital-gain (-24)
874,-177.7621639963795,marital-status (-93),occupation (-51),capital-gain (-24)
5686,-53.333986854065216,marital-status (-60),capital-gain (-24),education (-9)
21674,41.1304881770839,marital-status (-93),capital-gain (-24),workclass (-17)
40038,-93.14341743112308,marital-status (-93),capital-gain (-24),age (-19)
19095,-114.19488989367991,marital-status (-93),relationship (-58),capital-gain (-24)
548,22.71995946522303,relationship (-60),age (-29),capital-gain (-24)
29274,9.243338760286251,occupation (-65),relationship (-60),age (-18)
30328,-106.24281981652658,marital-status (-75),hours-per-week (-46),capital-gain (-24)
46646,37.82273967391552,occupation (-74),capital-gain (-24),education-num (-23)
46340,-208.14260882088664,marital-status (-93),relationship (-58),capital-gain (-24)
37225,7.059625680202243,occupation (-51),capital-gain (-24),education-num (-23)
1646,-60.745754561196094,marital-status (-60),capital-gain (-24),age (-6)
2069,-267.3701925438415,marital-status (-93),occupation (-65),native-country (-27)
47542,-115.41441843661065,marital-status (-93),capital-gain (-24),age (-24)
11940,-305.59201199685504,education-num (-130),hours-per-week (-79),marital-status (-75)
16136,-201.92381046868388,marital-status (-93),native-country (-47),age (-26)
43439,-116.34948462098379,marital-status (-93),age (-29),capital-gain (-24)
36119,66.77299034123322,workclass (-32),capital-gain (-24),age (-24)
6460,-124.95622633154207,marital-status (-93),relationship (-58),capital-gain (-24)
13466,41.46225630118528,marital-status (-75),capital-gain (-24),relationship (-8)
39457,-267.63523992023926,marital-status (-93),relationship (-58),hours-per-week (-46)
16199,-218.18520887945746,marital-status (-93),occupation (-65),age (-31)
42550,105.36204747999305,capital-gain (-24),hours-per-week (-5),capital-loss (-4)
37840,-50.3668105192897,marital-status (-60),capital-gain (-24),capital-loss (-4)
18616,-254.62538749222753,marital-status (-93),relationship (-58),hours-per-week (-46)
15152,-213.63673963052835,marital-status (-93),relationship (-58),capital-gain (-24)
25470,74.67729101897147,marital-status (-93),age (-22),hours-per-week (-12)
24359,-111.9446572656064,marital-status (-60),capital-gain (-24),age (-18)
39409,-90.12803070266526,marital-status (-93),capital-gain (-24),relationship (-8)
28486,87.82510335487966,capital-gain (-24),education-num (-23),occupation (-4)
16741,-220.8160079453411,marital-status (-93),occupation (-74),relationship (-58)
41390,-52.45480295975678,marital-status (-60),capital-gain (-24),education-num (-23)
16456,-146.0049942397763,marital-status (-54),hours-per-week (-34),capital-gain (-24)
5446,71.45682633980886,capital-gain (-24),education-num (-23),occupation (-4)
3074,-180.7165718552534,marital-status (-93),relationship (-60),age (-26)
1196,-26.308825324329664,occupation (-65),workclass (-32),capital-gain (-24)
27736,-257.03031304335707,marital-status (-93),relationship (-58),hours-per-week (-55)
6710,-86.0758080925468,marital-status (-75),hours-per-week (-68),capital-gain (-24)
24705,-84.55966409365561,marital-status (-93),hours-per-week (-37),capital-gain (-24)
21340,-82.85884698998822,marital-status (-60),capital-gain (-24),hours-per-week (-23)
2627,-206.30313275710623,marital-status (-93),occupation (-74),relationship (-58)
30881,72.85046385363512,occupation (-65),capital-gain (-24),education-num (-23)
43706,-73.22698703647245,marital-status (-60),capital-gain (-24),education-num (-23)
39915,-92.19432725266455,marital-status (-60),relationship (-58),capital-gain (-24)
14704,98.14021513397005,workclass (-32),capital-gain (-24),occupation (-4)
2157,32.68628988349372,marital-status (-93),capital-gain (-24),age (-22)
16372,-83.82810697122449,marital-status (-60),capital-gain (-24),relationship (-8)
35490,-183.29922578925286,marital-status (-93),relationship (-58),age (-29)
13660,-103.73958234355726,education-num (-151),native-country (-50),capital-gain (-24)
11798,-173.7458004989316,marital-status (-93),education-num (-66),capital-gain (-24)
20693,-234.5947425989976,occupation (-65),marital-status (-60),relationship (-58)
16665,99.3000659505444,capital-gain (-24),age (-4),occupation (-4)
28052,-421.1948314217776,marital-status (-93),education-num (-87),occupation (-65)
27281,-298.91784009288824,marital-status (-93),relationship (-58),native-country (-50)
22196,-0.6968233591029407,marital-status (-93),capital-gain (-24),age (-16)
16793,-77.96439433264797,marital-status (-93),capital-gain (-24),age (-11)
28408,5.582988982823049,marital-status (-93),capital-gain (-24),age (-21)
1562,-138.86543591473978,education-num (-130),marital-status (-60),capital-gain (-24)
30475,94.29304555094237,marital-status (-93),relationship (-58),native-country (-38)
31225,24.55386013045139,workclass (-32),capital-gain (-24),education-num (-23)
32206,6.842656890000147,age (-29),capital-gain (-24),education-num (-23)
47440,82.97237431218846,capital-gain (-24),education-num (-23),capital-loss (-4)
23903,-129.10229217051432,marital-status (-60),capital-gain (-24),education-num (-23)
8938,120.76333102424894,capital-gain (-24),education-num (-23),capital-loss (-4)
35207,-156.04506467591716,relationship (-60),marital-status (-58),capital-gain (-24)
12800,-83.8916233758888,marital-status (-93),capital-gain (-24),hours-per-week (-23)
24896,-205.33331378709738,marital-status (-93),education-num (-87),capital-gain (-24)
28254,-83.84393506094335,marital-status (-75),capital-gain (-24),education (-9)
4404,-85.46864678505098,education-num (-87),occupation (-74),capital-gain (-24)
31948,-228.27261611734332,occupation (-97),marital-status (-75),hours-per-week (-73)
30458,-356.60160697985464,marital-status (-93),relationship (-58),occupation (-51)
27421,-309.170235127799,marital-status (-93),education-num (-66),relationship (-58)
27584,-262.1906211929598,education-num (-130),marital-status (-60),relationship (-60)
35540,-92.2137740561719,marital-status (-93),workclass (-32),capital-gain (-24)
20178,-228.43074704611692,marital-status (-93),relationship (-58),hours-per-week (-37)
34898,-221.1913658183693,marital-status (-93),occupation (-65),capital-gain (-24)
3913,-108.70782415298119,marital-status (-93),relationship (-58),capital-gain (-24)
7645,-120.53837961536397,marital-status (-75),occupation (-65),capital-gain (-24)
10448,-194.2127647044189,marital-status (-93),occupation (-65),capital-gain (-24)
41610,78.57097099093497,capital-gain (-24),education-num (-23),age (-18)
30240,-124.4466597636881,marital-status (-54),capital-gain (-24),hours-per-week (-23)
8196,41.41986990938104,occupation (-51),age (-26),capital-gain (-24)
43819,-159.80547107125463,marital-status (-60),occupation (-51),capital-gain (-24)
43317,-421.31410513580886,occupation (-97),marital-status (-93),education-num (-87)
44277,-79.04663731086109,marital-status (-93),capital-gain (-24),education-num (-23)
47931,-50.05323857244481,marital-status (-93),capital-gain (-24),age (-11)
16728,84.60920201369554,capital-gain (-24),education-num (-23),capital-loss (-4)
3114,81.2689375543624,workclass (-32),capital-gain (-24),education-num (-23)
41895,126.31925244120963,capital-gain (-24),capital-loss (-4),education-num (-2)
39710,127.95838308306205,capital-gain (-24),education (-9),age (-4)
38439,10.333281083216395,occupation (-51),capital-gain (-24),education-num (-23)
20124,-119.3670830587165,marital-status (-93),relationship (-58),age (-31)
30167,54.310660233705434,capital-gain (-24),education-num (-23),occupation (-20)
29873,-278.1740180449337,marital-status (-93),occupation (-65),relationship (-58)
27366,-88.53203072213444,marital-status (-60),capital-gain (-24),hours-per-week (-23)
41230,-142.91120261874298,marital-status (-93),capital-gain (-24),education-num (-23)
16739,70.38683248339956,age (-26),capital-gain (-24),education-num (-23)
46735,-219.649053508352,marital-status (-93),relationship (-58),capital-gain (-24)
31584,-226.25374276172417,marital-status (-93),relationship (-58),age (-29)
2696,6.089565025699396,marital-status (-93),capital-gain (-24),workclass (-17)
20415,-106.28733635167754,marital-status (-60),capital-gain (-24),education-num (-23)
44449,-195.92053761779033,occupation (-65),marital-status (-54),capital-gain (-24)
44514,-141.16099405625005,marital-status (-93),workclass (-32),capital-gain (-24)
23204,144.68860008156614,capital-gain (-24),age (-14),capital-loss (-4)
34829,-269.5896656396556,marital-status (-93),relationship (-60),capital-gain (-24)
38996,84.87211182853,capital-gain (-24),education-num (-23),workclass (-17)
21679,-166.19873243502175,education-num (-108),marital-status (-60),capital-gain (-24)
3986,-268.62055029999357,marital-status (-93),occupation (-65),relationship (-58)
42513,53.35762497672558,marital-status (-60),capital-gain (-24),capital-loss (-4)
13103,120.64324368291169,capital-gain (-24),education-num (-23),capital-loss (-4)
36897,-131.3123139915207,marital-status (-93),capital-gain (-24),education-num (-23)
2865,-125.52947050991025,hours-per-week (-86),marital-status (-58),capital-gain (-24)
15487,-119.098912214931,marital-status (-93),capital-gain (-24),age (-16)
7754,42.3512475630452,marital-status (-60),capital-gain (-24),relationship (-8)
32077,-214.97557893131054,marital-status (-93),occupation (-65),age (-29)
8079,-26.503158621412688,relationship (-60),capital-gain (-24),age (-24)
13588,-263.8445600705787,education-num (-108),marital-status (-60),relationship (-60)
21109,-227.55024491651056,education-num (-66),occupation (-65),marital-status (-60)
25366,89.1197890914582,capital-gain (-24),age (-11),education (-9)
36672,103.39573506042088,capital-gain (-24),age (-4),capital-loss (-4)
47885,57.58431563671958,capital-gain (-24),education-num (-23),occupation (-20)
34531,-14.132858002196711,marital-status (-93),capital-gain (-24),age (-9)
17252,-28.19266838392843,marital-status (-93),capital-gain (-24),age (-18)
14089,86.20713451457053,capital-gain (-24),education-num (-23),age (-19)
6181,-110.76160927604636,marital-status (-60),hours-per-week (-46),capital-gain (-24)
9200,118.86549411541347,occupation (-51),capital-gain (-24),education-num (-23)
45877,-110.92123449066577,marital-status (-93),relationship (-58),capital-gain (-24)
48075,125.04915473488063,capital-gain (-24),age (-14),hours-per-week (-10)
31723,-130.5595412343293,marital-status (-60),capital-gain (-24),education-num (-23)
19347,-230.37524359089448,marital-status (-93),relationship (-58),age (-31)
48458,71.46829513861336,capital-gain (-24),occupation (-20),capital-loss (-4)
46843,54.906906700684736,marital-status (-60),capital-gain (-24),capital-loss (-4)
24636,69.24549175084591,education-num (-66),workclass (-32),capital-gain (-24)
471,-64.47450196664815,hours-per-week (-68),marital-status (-60),capital-gain (-24)
10340,61.63586013076638,capital-gain (-24),education-num (-23),occupation (-4)
1537,-201.35196456537156,marital-status (-93),capital-gain (-24),education-num (-23)
39906,67.6782142147332,workclass (-32),capital-gain (-24),education-num (-23)
24268,-128.0849438515321,marital-status (-93),capital-gain (-24),occupation (-20)
22864,-329.81876455312937,occupation (-97),education-num (-66),marital-status (-60)
20781,59.72120601559634,education-num (-66),marital-status (-58),education (-19)
43661,43.71661125423751,marital-status (-60),capital-gain (-24),hours-per-week (-12)
14847,-189.0606298050903,marital-status (-93),relationship (-60),capital-gain (-24)
12418,-125.66711767691902,marital-status (-93),hours-per-week (-46),capital-gain (-24)
38706,-129.38160862786694,occupation (-97),native-country (-67),education-num (-44)
10821,-171.11533779847343,marital-status (-93),relationship (-58),capital-gain (-24)
30961,30.76779010368393,workclass (-32),capital-gain (-24),education-num (-23)
22164,-201.06442379213627,marital-status (-93),education-num (-87),workclass (-32)
39525,42.733222778436755,occupation (-74),capital-gain (-24),education-num (-23)
11883,101.76683691860345,capital-gain (-24),capital-loss (-4),education-num (-2)
37147,-94.62555643609474,marital-status (-93),capital-gain (-24),age (-19)
11082,-111.12489782564649,education-num (-173),occupation (-51),native-country (-50)
194,-125.70859329447208,marital-status (-93),capital-gain (-24),education-num (-23)
33820,86.41665941861444,marital-status (-60),capital-gain (-24),capital-loss (-4)
20988,-35.37000843836601,education-num (-87),workclass (-32),capital-gain (-24)
18145,109.38678889802979,capital-gain (-24),education-num (-23),capital-loss (-4)
29852,64.38043214984313,occupation (-51),capital-gain (-24),education-num (-23)
37167,-74.27944225201611,education-num (-87),native-country (-50),capital-gain (-24)
33750,-64.61268174739232,marital-status (-58),capital-gain (-24),age (-13)
46310,61.69361419259642,capital-gain (-24),education-num (-23),capital-loss (-4)
23540,59.94397672352244,capital-gain (-24),education-num (-23),age (-14)
25473,140.7443080900389,capital-gain (-24),age (-4),capital-loss (-4)
42206,-92.50694450676588,occupation (-65),marital-status (-60),capital-gain (-24)
16415,-6.11405965805788,marital-status (-60),capital-gain (-24),education (-21)
17101,-104.90136088321373,marital-status (-93),capital-gain (-24),education (-9)
14672,25.41629421787044,marital-status (-60),workclass (-32),capital-gain (-24)
39086,-222.76357805183244,marital-status (-93),occupation (-65),capital-gain (-24)
46897,90.0185636392923,capital-gain (-24),occupation (-5),capital-loss (-4)
25651,-172.27544179376326,marital-status (-60),occupation (-51),education-num (-44)
14488,-100.15980404127737,native-country (-86),marital-status (-60),relationship (-60)
19344,-145.07402175769093,marital-status (-60),occupation (-51),capital-gain (-24)
46187,-170.62533324704197,marital-status (-93),relationship (-60),age (-31)
45491,-168.13004149530434,marital-status (-93),relationship (-58),capital-gain (-24)
47057,-329.3303506140658,marital-status (-93),education-num (-66),relationship (-58)
25036,27.509768595468394,marital-status (-58),capital-gain (-24),capital-loss (-4)
39708,-130.37639647574642,marital-status (-93),capital-gain (-24),education-num (-23)
45624,-362.80279147834165,marital-status (-93),education-num (-66),occupation (-65)
24419,-83.49824913431755,marital-status (-60),workclass (-32),capital-gain (-24)
44370,-225.15228760290796,marital-status (-93),relationship (-58),capital-gain (-24)
47645,26.881950379134583,education-num (-108),workclass (-32),capital-gain (-24)
44531,71.22410103287731,capital-gain (-24),education-num (-23),occupation (-5)
10797,113.71980515212084,marital-status (-58),capital-gain (-24),hours-per-week (-1)
30010,81.9304822339981,marital-status (-60),capital-gain (-24),capital-loss (-4)
4220,-76.38478726276387,marital-status (-58),capital-gain (-24),relationship (-8)
25457,-261.9832865518989,marital-status (-93),relationship (-58),native-country (-47)
37306,-197.4414456880701,marital-status (-93),occupation (-65),age (-32)
23438,-342.5073858850388,marital-status (-93),education-num (-87),relationship (-58)
43798,67.92714127149686,capital-gain (-24),occupation (-20),age (-8)
32001,-94.72099562348595,marital-status (-54),workclass (-32),capital-gain (-24)
40985,107.67407261397278,capital-gain (-24),education-num (-23),capital-loss (-4)
33671,-182.6990366536444,education-num (-151),relationship (-60),native-country (-50)
31803,-215.27356733203544,marital-status (-93),relationship (-58),capital-gain (-24)
47206,-139.25299153308777,marital-status (-93),workclass (-32),capital-gain (-24)
44676,-364.1224278660974,education-num (-194),marital-status (-93),education (-34)
17915,-121.16283282489105,education-num (-173),native-country (-50),capital-gain (-24)
47649,-50.47858131152708,relationship (-60),workclass (-32),native-country (-27)
10589,-254.3867486410288,marital-status (-93),relationship (-58),occupation (-51)
667,-97.70256988229733,marital-status (-93),capital-gain (-24),education-num (-23)
5708,-108.73200681675047,marital-status (-93),age (-27),capital-gain (-24)
17862,-107.6475790876516,marital-status (-93),relationship (-58),capital-gain (-24)
13625,45.32533717752563,capital-gain (-24),education-num (-23),age (-19)
37252,-250.42703985429213,education-num (-66),relationship (-58),marital-status (-58)
47987,136.00069144735772,capital-gain (-24),age (-16),capital-loss (-4)
45197,-132.4221325931889,education-num (-66),occupation (-51),native-country (-50)
10373,-168.14084463465903,marital-status (-93),relationship (-58),capital-gain (-24)
291,-20.027056856211264,education-num (-87),occupation (-51),capital-gain (-24)
47166,126.31925244120963,capital-gain (-24),capital-loss (-4),education-num (-2)
36170,-189.04948957495037,marital-status (-93),education-num (-66),capital-gain (-24)
16268,-8.827899592011969,marital-status (-60),capital-gain (-24),education (-21)
33215,-154.0293739086737,marital-status (-60),relationship (-58),workclass (-32)
36160,-104.1766184614205,marital-status (-93),capital-gain (-24),age (-13)
17357,39.5279026392045,marital-status (-93),capital-gain (-24),age (-19)
5845,-104.44652264513721,marital-status (-93),age (-29),capital-gain (-24)
39170,-231.53213006993374,marital-status (-93),relationship (-58),hours-per-week (-46)
14620,-92.85208673096034,marital-status (-93),age (-34),capital-gain (-24)
28451,-213.58719865840155,marital-status (-93),occupation (-65),age (-32)
29528,-137.89233656480874,marital-status (-60),relationship (-60),capital-gain (-24)
26558,-125.37121720050527,marital-status (-93),relationship (-58),capital-gain (-24)
5293,36.85071930122866,capital-gain (-24),education-num (-23),age (-14)
3023,31.080770307720872,occupation (-65),capital-gain (-24),education-num (-23)
22445,74.2532388764484,capital-gain (-24),education-num (-23),age (-13)
31884,29.294376036178466,marital-status (-60),relationship (-58),capital-gain (-24)
33932,58.41995878958226,capital-gain (-24),education-num (-23),age (-6)
16330,-83.49369250761347,marital-status (-93),capital-gain (-24),age (-16)
20923,-426.31554642550293,education-num (-130),marital-status (-93),occupation (-65)
27322,87.32227916262482,capital-gain (-24),education-num (-23),workclass (-17)
48839,-105.8536555726235,marital-status (-75),capital-gain (-24),education-num (-23)
19562,-2.9274312439712276,marital-status (-93),native-country (-50),capital-gain (-24)
36837,95.80317381769562,capital-gain (-24),capital-loss (-4),education-num (-2)
30243,-208.22737800493158,marital-status (-93),relationship (-58),age (-31)
10317,-27.893005864768444,marital-status (-75),hours-per-week (-46),capital-gain (-24)
24040,-92.42461688999853,marital-status (-60),capital-gain (-24),education-num (-23)
40018,-290.41704121527204,education-num (-130),marital-status (-93),occupation (-65)
39115,-226.6216469654125,marital-status (-93),relationship (-58),hours-per-week (-46)
41453,66.02138402173145,workclass (-32),capital-gain (-24),native-country (-5)
12087,-52.49022335754846,marital-status (-93),capital-gain (-24),capital-loss (-4)
32245,8.973531542445903,marital-status (-60),capital-gain (-24),relationship (-8)
31684,-223.87177392654328,marital-status (-93),native-country (-54),age (-26)
9025,-165.37937839698594,marital-status (-93),relationship (-58),capital-gain (-24)
12449,-162.71533262973534,education-num (-108),marital-status (-60),capital-gain (-24)
46437,-20.965289331934894,hours-per-week (-79),capital-gain (-24),education-num (-23)
18057,-49.941970699305216,education-num (-66),age (-26),capital-gain (-24)
9704,140.86117478153201,capital-gain (-24),education-num (-23),capital-loss (-4)
38776,-259.0474049362534,education-num (-108),marital-status (-93),native-country (-67)
14934,-253.01711860927733,marital-status (-93),relationship (-60),hours-per-week (-34)
10054,-231.05730644677473,marital-status (-93),occupation (-65),hours-per-week (-46)
40486,80.37963002900997,marital-status (-75),hours-per-week (-57),capital-loss (-4)
11550,123.04559703819547,capital-gain (-24),capital-loss (-4),education-num (-2)
4719,105.48806610652899,capital-gain (-24),education (-9),capital-loss (-4)
32883,82.72168970810884,hours-per-week (-34),capital-gain (-24),education-num (-23)
42750,-409.9257181776718,education-num (-130),marital-status (-93),occupation (-65)
2737,-87.34347793684591,marital-status (-93),age (-32),hours-per-week (-12)
29112,-0.3626855523576691,marital-status (-93),capital-gain (-24),hours-per-week (-5)
32267,101.96505408034128,marital-status (-60),occupation (-5),capital-loss (-4)
38436,-284.0946686603397,native-country (-130),occupation (-65),marital-status (-60)
3120,-104.89169071043423,marital-status (-93),capital-gain (-24),age (-18)
3013,-5.298270698481384,occupation (-65),capital-gain (-24),education-num (-23)
31977,-358.4252567080572,marital-status (-93),hours-per-week (-75),education-num (-66)
21689,101.09131636714501,workclass (-32),capital-gain (-24),age (-13)
23631,-37.17052857951585,marital-status (-60),capital-gain (-24),relationship (-8)
31869,-31.977340647116424,marital-status (-60),capital-gain (-24),education-num (-23)
11041,-175.17175846828405,education-num (-66),occupation (-65),marital-status (-60)
27148,-20.63624028626427,marital-status (-60),capital-gain (-24),education (-21)
11429,70.24660204188325,hours-per-week (-34),capital-gain (-24),education (-9)
6506,-170.5703981320631,education-num (-87),hours-per-week (-86),occupation (-65)
48009,-187.32032506465868,marital-status (-93),relationship (-58),capital-gain (-24)
48046,-192.62180161748577,marital-status (-93),relationship (-58),age (-32)
4972,-192.35797951093633,marital-status (-93),relationship (-58),capital-gain (-24)
38917,-216.5483811779504,marital-status (-93),occupation (-65),age (-29)
127,-206.50578111937955,marital-status (-93),relationship (-58),capital-gain (-24)
45058,-164.12155629671213,marital-status (-93),age (-34),workclass (-32)
14871,-151.4900178105163,marital-status (-93),relationship (-58),capital-gain (-24)
24188,-181.86046517962362,marital-status (-93),relationship (-58),age (-27)
47000,-146.98961440883767,education-num (-87),marital-status (-60),capital-gain (-24)
3722,-346.4732790798188,marital-status (-93),occupation (-65),relationship (-58)
27144,-91.57798242572827,marital-status (-60),age (-26),capital-gain (-24)
48770,110.68563547024189,capital-gain (-24),education-num (-23),capital-loss (-4)
15786,-308.0544273644937,education-num (-173),marital-status (-93),relationship (-58)
28977,132.3038524633464,workclass (-32),capital-gain (-24),capital-loss (-4)
47065,-111.62344363282332,native-country (-130),hours-per-week (-79),capital-gain (-24)
33972,-311.7227917459917,education-num (-151),occupation (-74),marital-status (-54)
5202,-273.73232298210786,marital-status (-93),hours-per-week (-68),relationship (-58)
47752,-7.754206182897299,native-country (-50),capital-gain (-24),education-num (-23)
33314,128.61136822477218,capital-gain (-24),capital-loss (-4),education-num (-2)
16299,35.360906236153994,education-num (-66),capital-gain (-24),education (-19)
41256,47.486560964368834,education-num (-108),capital-gain (-24),education (-7)
26738,141.45938033905264,capital-gain (-24),education (-9),capital-loss (-4)
11129,50.90415146382237,occupation (-65),capital-gain (-24),capital-loss (-4)
6845,-31.27205279471401,marital-status (-60),capital-gain (-24),capital-loss (-4)
9023,109.68347696203652,capital-gain (-24),capital-loss (-4),education-num (-2)
14547,-246.93645114821481,marital-status (-93),relationship (-58),hours-per-week (-57)
26830,-69.2665560452315,marital-status (-60),native-country (-50),capital-gain (-24)
26354,-197.90299925419453,education-num (-130),marital-status (-60),occupation (-51)
5821,-113.40784127720514,marital-status (-93),capital-gain (-24),education-num (-23)
5014,54.53791115367218,capital-gain (-24),age (-19),workclass (-17)
36339,-31.85926993372797,marital-status (-93),capital-gain (-24),capital-loss (-4)
32388,102.04827956545412,occupation (-51),capital-gain (-24),capital-loss (-4)
44175,-226.78911530441502,marital-status (-93),relationship (-58),capital-gain (-24)
22472,95.62172507967904,capital-gain (-24),education-num (-23),capital-loss (-4)
41124,96.06699592424509,capital-gain (-24),education-num (-23),capital-loss (-4)
10588,-193.815980923498,occupation (-65),marital-status (-58),native-country (-29)
34122,86.55196056284582,occupation (-74),capital-gain (-24),capital-loss (-4)
39668,-67.43255090560608,marital-status (-58),capital-gain (-24),relationship (-8)
23635,95.93297928244081,hours-per-week (-37),capital-gain (-24),education (-21)
24857,60.66857760554748,marital-status (-58),capital-gain (-24),relationship (-8)
45482,-253.53941676258736,marital-status (-93),relationship (-60),occupation (-51)
618,-53.53786886301098,occupation (-74),native-country (-50),capital-gain (-24)
44811,-39.98263589704399,marital-status (-60),capital-gain (-24),education (-9)
30379,-215.73091316263702,marital-status (-93),relationship (-58),capital-gain (-24)
4641,-66.83896478052452,marital-status (-93),hours-per-week (-46),capital-gain (-24)
10045,-61.98695059144336,occupation (-74),marital-status (-58),workclass (-32)
40862,-337.41728326392115,marital-status (-93),education-num (-87),occupation (-65)
43515,-207.81387371473198,marital-status (-93),relationship (-58),hours-per-week (-46)
5937,-26.315826098249033,marital-status (-60),relationship (-60),capital-gain (-24)
34170,-171.8951619561945,occupation (-65),marital-status (-60),workclass (-32)
33009,16.904718551120645,workclass (-32),capital-gain (-24),hours-per-week (-23)
7397,-235.20597911888197,marital-status (-93),relationship (-58),age (-29)
28713,95.21952611257514,capital-gain (-24),capital-loss (-4),education-num (-2)
16421,115.2458236862555,capital-gain (-24),education-num (-23),capital-loss (-4)
39452,-249.52710870285745,education-num (-130),occupation (-65),marital-status (-60)
20616,110.53462313125934,capital-gain (-24),capital-loss (-4),education-num (-2)
19701,-163.9155337680914,marital-status (-93),occupation (-65),age (-27)
16105,-261.9407961478783,marital-status (-93),relationship (-58),hours-per-week (-55)
6894,85.99708669955744,occupation (-74),workclass (-32),education-num (-23)
33556,-157.90461514032316,education-num (-87),marital-status (-75),capital-gain (-24)
14995,-101.5273970192585,marital-status (-93),capital-gain (-24),education (-21)
48440,-38.796569976952455,marital-status (-93),hours-per-week (-73),capital-gain (-24)
44479,-78.38175277416019,marital-status (-93),relationship (-58),age (-26)
2444,-282.56781253054396,marital-status (-93),relationship (-58),occupation (-51)
13414,-140.54963249544267,marital-status (-93),age (-31),capital-gain (-24)
30779,9.118001288072817,education-num (-108),capital-gain (-24),education (-7)
42343,-263.71006719547233,marital-status (-93),occupation (-65),relationship (-58)
39119,22.64276515186601,marital-status (-93),capital-gain (-24),hours-per-week (-12)
20599,-147.97107037535307,marital-status (-93),capital-gain (-24),education-num (-23)
1231,45.267583115695594,capital-gain (-24),education-num (-23),age (-6)
23123,109.12272233566964,capital-gain (-24),education-num (-23),capital-loss (-4)
749,121.89977420147386,capital-gain (-24),education-num (-23),occupation (-4)
3872,112.05619099953162,workclass (-32),capital-gain (-24),capital-loss (-4)
37955,-69.99922634655374,marital-status (-93),age (-26),capital-gain (-24)
18043,-31.184460367606068,marital-status (-60),capital-gain (-24),relationship (-8)
14304,71.99300522014434,education-num (-66),capital-gain (-24),education (-19)
24617,-150.21159962940638,occupation (-65),marital-status (-60),capital-gain (-24)
6074,-240.96512402508134,marital-status (-93),education-num (-87),age (-34)
3083,-19.3620966538391,hours-per-week (-73),marital-status (-60),capital-gain (-24)
6753,-76.89571131990127,marital-status (-93),capital-gain (-24),occupation (-20)
10601,94.43384458029087,capital-gain (-24),hours-per-week (-12),capital-loss (-4)
39000,-14.400356466299028,marital-status (-93),capital-gain (-24),age (-21)
34382,-2.2636928742412534,occupation (-65),capital-gain (-24),education-num (-23)
14759,53.90734658938808,capital-gain (-24),hours-per-week (-14),age (-13)
41085,-84.49863844993963,marital-status (-93),relationship (-58),capital-gain (-24)
48116,-7.448905192541074,marital-status (-93),capital-gain (-24),age (-19)
15438,46.962164879032706,capital-gain (-24),education-num (-23),age (-18)
11628,-246.56314102716922,marital-status (-93),relationship (-58),capital-gain (-24)
1184,30.943544409958236,marital-status (-60),capital-gain (-24),relationship (-8)
47600,-96.67413441368618,marital-status (-93),capital-gain (-24),workclass (-17)
15274,-11.998115043884978,marital-status (-93),capital-gain (-24),age (-14)
24780,141.63434945989383,capital-gain (-24),capital-loss (-4),education-num (-2)
37192,78.06189120766722,capital-gain (-24),education-num (-23),capital-loss (-4)
39301,63.330441894103494,capital-gain (-24),education-num (-23),capital-loss (-4)
18077,-50.05323857244481,marital-status (-93),capital-gain (-24),age (-11)
33815,-42.46295011832372,marital-status (-60),capital-gain (-24),education-num (-23)
40368,-18.8442251585838,marital-status (-60),hours-per-week (-23),relationship (-8)
3676,-305.22258282161886,education-num (-108),marital-status (-93),native-country (-34)
36721,-168.5990766547549,education-num (-194),native-country (-50),education (-34)
14451,76.66414108493416,capital-gain (-24),education-num (-23),workclass (-17)
8539,-324.59253037498496,marital-status (-93),occupation (-65),relationship (-58)
19070,-13.451687348466335,marital-status (-60),capital-gain (-24),occupation (-20)
26393,-217.08736818920516,marital-status (-93),relationship (-60),age (-34)
47174,-327.0402358120158,marital-status (-93),hours-per-week (-70),relationship (-58)
4954,-189.41960475425105,marital-status (-93),relationship (-58),age (-29)
48465,-130.84991873018015,marital-status (-60),capital-gain (-24),education-num (-23)
26891,140.9173974914908,capital-gain (-24),education (-9),capital-loss (-4)
27693,-223.67046089044624,education-num (-87),marital-status (-60),occupation (-51)
26102,-433.18196444797934,marital-status (-93),education-num (-87),hours-per-week (-81)
44365,-110.29950549439542,marital-status (-93),education-num (-23),hours-per-week (-12)
34187,-77.39169689626564,marital-status (-60),capital-gain (-24),occupation (-20)
11746,110.53462313125934,capital-gain (-24),capital-loss (-4),education-num (-2)
29536,-132.97444093155303,education-num (-108),marital-status (-75),capital-gain (-24)
4556,-252.8321502297405,marital-status (-93),relationship (-58),hours-per-week (-37)
26039,-41.982668069060885,marital-status (-60),hours-per-week (-34),capital-gain (-24)
13346,64.95934003592093,capital-gain (-24),education-num (-23),age (-14)
13372,-63.45191554052543,marital-status (-93),capital-gain (-24),age (-19)
5629,-26.574367662239585,education-num (-87),occupation (-51),capital-gain (-24)
9147,-25.81439499668353,marital-status (-60),capital-gain (-24),capital-loss (-4)
30585,-146.9799792744604,marital-status (-93),education-num (-87),hours-per-week (-34)
25585,-241.26431204992343,marital-status (-93),relationship (-60),hours-per-week (-46)
10927,-129.94298475411597,marital-status (-93),age (-27),capital-gain (-24)
33740,-102.60045397950304,marital-status (-93),relationship (-58),capital-gain (-24)
22048,111.58780312764593,capital-gain (-24),capital-loss (-4),education-num (-2)
5661,36.27275470161247,education-num (-87),capital-gain (-24),occupation (-20)
24138,-11.998115043884978,marital-status (-93),capital-gain (-24),age (-14)
35030,-119.85084372341828,marital-status (-93),age (-27),capital-gain (-24)
42337,-63.914313508230315,marital-status (-93),relationship (-58),capital-gain (-24)
19115,-52.238396046527825,marital-status (-93),capital-gain (-24),age (-16)
11851,83.4670828163081,marital-status (-60),capital-gain (-24),capital-loss (-4)
16054,-156.82982791978915,marital-status (-60),relationship (-58),capital-gain (-24)
15023,-263.0900357167221,education-num (-108),marital-status (-93),hours-per-week (-37)
8432,-191.84903766089715,marital-status (-93),relationship (-60),age (-29)
16208,-211.72873710736607,marital-status (-93),relationship (-58),age (-29)
26728,54.81275269789019,marital-status (-93),age (-16),capital-loss (-4)
9806,-119.13577147440458,marital-status (-93),capital-gain (-24),hours-per-week (-23)
13194,72.88390963904365,capital-gain (-24),education-num (-23),capital-loss (-4)
38296,-62.423999334157834,marital-status (-93),capital-gain (-24),age (-9)
18786,-65.84978126568802,marital-status (-75),workclass (-32),capital-gain (-24)
11672,-97.48365100308597,education-num (-108),occupation (-65),capital-gain (-24)
27562,-356.12622244795887,marital-status (-93),education-num (-66),relationship (-58)
970,41.72224917933563,marital-status (-93),age (-14),capital-loss (-4)
46999,-98.77580339798945,marital-status (-93),capital-gain (-24),relationship (-8)
3708,-11.03429490620398,marital-status (-60),capital-gain (-24),capital-loss (-4)
34167,-258.5107311838842,marital-status (-93),relationship (-58),hours-per-week (-46)
29348,85.01482720950571,capital-gain (-24),education-num (-23),hours-per-week (-10)
22617,22.971441711922232,marital-status (-60),capital-gain (-24),relationship (-8)
16539,2.485904825905517,marital-status (-75),capital-gain (-24),education (-9)
15198,-14.219134439389782,occupation (-51),capital-gain (-24),education-num (-23)
103,-261.78476321858915,education-num (-108),marital-status (-75),occupation (-65)
22488,109.95097542613884,capital-gain (-24),capital-loss (-4),education-num (-2)
8751,-305.786519994702,education-num (-130),marital-status (-75),occupation (-74)
16078,127.08472272576117,capital-gain (-24),occupation (-5),capital-loss (-4)
6069,-188.29510415131358,marital-status (-93),relationship (-60),capital-gain (-24)
32450,-64.06928184078053,education-num (-130),native-country (-50),capital-gain (-24)
2870,61.42611572849409,capital-gain (-24),education-num (-23),age (-14)
22631,-86.02291250559549,marital-status (-60),capital-gain (-24),relationship (-8)
30147,-66.05889200333502,occupation (-65),hours-per-week (-64),workclass (-32)
14548,80.58870880127374,capital-gain (-24),hours-per-week (-19),capital-loss (-4)
5876,-33.78202829790244,occupation (-97),capital-gain (-24),hours-per-week (-23)
8135,131.93334372680596,capital-gain (-24),age (-18),occupation (-5)
30417,15.02679539753554,capital-gain (-24),education-num (-23),age (-21)
7080,-117.18333536402665,marital-status (-60),occupation (-51),capital-gain (-24)
22718,-415.8599628910856,marital-status (-93),hours-per-week (-68),education-num (-66)
40546,-222.41064856874164,hours-per-week (-64),marital-status (-60),capital-gain (-24)
12720,140.2724904979937,education-num (-23),occupation (-4),capital-loss (-4)
38829,127.00911120774538,capital-gain (-24),education (-21),capital-loss (-4)
21621,12.857568164041176,education-num (-151),native-country (-50),capital-gain (-24)
45568,-121.50275637520205,marital-status (-93),relationship (-60),hours-per-week (-34)
34112,113.3253946070001,occupation (-65),capital-gain (-24),education (-21)
8330,-212.02289283368054,marital-status (-93),relationship (-58),capital-gain (-24)
45824,-271.5817328195424,marital-status (-93),occupation (-65),relationship (-58)
6236,-97.49543754346826,marital-status (-58),capital-gain (-24),education-num (-23)
4087,-145.10034225642303,occupation (-65),marital-status (-54),hours-per-week (-37)
12700,-193.97175253429918,marital-status (-93),workclass (-32),capital-gain (-24)
104,-147.18508461269593,marital-status (-75),hours-per-week (-28),capital-gain (-24)
45138,-80.4248196509559,marital-status (-58),capital-gain (-24),education-num (-23)
42290,-297.8252509848163,marital-status (-93),education-num (-66),relationship (-58)
3667,-175.20827416571805,marital-status (-93),relationship (-58),age (-26)
33875,90.10333282333725,capital-gain (-24),education-num (-23),capital-loss (-4)
3944,-113.49843242099251,marital-status (-93),relationship (-58),capital-gain (-24)
48349,-252.40006924471373,marital-status (-93),occupation (-74),education-num (-44)
12802,-66.5504642812944,education-num (-130),occupation (-65),capital-gain (-24)
2311,-50.63430898339203,marital-status (-60),capital-gain (-24),age (-9)
5564,-156.87926944197932,occupation (-65),marital-status (-60),capital-gain (-24)
8767,100.22655352247007,occupation (-74),capital-gain (-24),education-num (-23)
11697,-220.34183462348653,marital-status (-93),relationship (-58),hours-per-week (-34)
1629,139.1554111598072,capital-gain (-24),workclass (-17),capital-loss (-4)
27845,-94.50564374514724,marital-status (-93),relationship (-58),hours-per-week (-46)
27271,-158.9677013899645,marital-status (-93),occupation (-51),capital-gain (-24)
26812,-28.555338507007544,marital-status (-75),capital-gain (-24),education-num (-23)
37431,66.55781203409212,capital-gain (-24),occupation (-20),capital-loss (-4)
11324,-101.86583462449451,hours-per-week (-77),marital-status (-75),capital-gain (-24)
40547,-33.925984464508964,education-num (-130),hours-per-week (-32),capital-gain (-24)
27934,-122.05808482433133,marital-status (-93),relationship (-58),capital-gain (-24)
37470,5.7715165163667335,marital-status (-60),capital-gain (-24),relationship (-8)
27916,-233.44811054812791,occupation (-65),marital-status (-60),relationship (-58)
39303,141.62094378559436,workclass (-32),capital-gain (-24),native-country (-11)
41097,-193.00578620670788,marital-status (-93),relationship (-58),age (-32)
43888,0.5988190131948172,education-num (-108),capital-gain (-24),occupation (-20)
19464,-83.67248343004357,marital-status (-75),capital-gain (-24),education-num (-23)
45569,-142.18646019694975,marital-status (-93),age (-32),capital-gain (-24)
14041,131.37561943353413,marital-status (-60),capital-loss (-4),
23675,108.52348427605419,age (-31),education-num (-23),hours-per-week (-12)
39405,-27.493350754981787,marital-status (-60),workclass (-32),capital-gain (-24)
45294,-87.12380843425242,marital-status (-75),capital-gain (-24),education-num (-23)
46319,-195.86628355801705,marital-status (-93),relationship (-58),capital-gain (-24)
29114,-113.24843619032177,marital-status (-75),capital-gain (-24),relationship (-8)
23575,74.73048174282302,capital-gain (-24),education-num (-23),occupation (-4)
45133,-308.6564237523949,marital-status (-93),relationship (-58),occupation (-51)
38670,83.52823569347434,occupation (-74),workclass (-32),education-num (-23)
18418,-113.70285223865885,marital-status (-60),relationship (-60),capital-gain (-24)
22750,-36.987175172229364,marital-status (-60),relationship (-60),workclass (-17)
48689,-30.233636553165166,marital-status (-93),capital-gain (-24),age (-14)
41627,-240.8590559659487,marital-status (-93),education-num (-87),occupation (-51)
17706,-174.46294568617344,education-num (-66),marital-status (-60),capital-gain (-24)
11838,-65.50442317465414,marital-status (-58),capital-gain (-24),education (-21)
28890,-287.60777780552667,marital-status (-93),education-num (-87),relationship (-58)
26375,-192.62180161748577,marital-status (-93),relationship (-58),age (-32)
981,-211.6837626880031,marital-status (-93),relationship (-58),age (-34)
35843,-18.921500049791728,education-num (-87),occupation (-65),capital-gain (-24)
40458,130.7185708535866,capital-gain (-24),age (-11),capital-loss (-4)
1094,-299.9348502040052,education-num (-151),occupation (-65),marital-status (-58)
18281,-159.59562887483193,marital-status (-93),capital-gain (-24),education-num (-23)
44080,-220.97530231248993,native-country (-86),marital-status (-58),occupation (-51)
26786,-71.32358116459551,marital-status (-93),capital-gain (-24),education-num (-23)
25505,-0.0014965012301797476,education-num (-66),capital-gain (-24),education (-19)
10787,-165.7086766278286,marital-status (-93),age (-27),capital-gain (-24)
7542,-212.29039129778286,marital-status (-93),relationship (-58),capital-gain (-24)
25428,-304.8998659323142,hours-per-week (-88),education-num (-87),marital-status (-75)
38346,-362.71455285994057,marital-status (-93),relationship (-58),occupation (-51)
419,51.21855843304903,marital-status (-93),capital-gain (-24),capital-loss (-4)
32272,18.3004508005497,capital-gain (-24),education-num (-23),occupation (-20)
13200,-95.55544383602188,education-num (-151),native-country (-50),capital-gain (-24)
3095,73.66048788641372,capital-gain (-24),education-num (-23),age (-22)
8862,-209.4298407804963,marital-status (-93),relationship (-58),age (-27)
28534,-156.6953854657741,marital-status (-93),hours-per-week (-46),age (-31)
31486,-172.75392926401784,marital-status (-93),occupation (-65),capital-gain (-24)
12122,47.01509554332426,occupation (-74),age (-26),capital-gain (-24)
39166,-224.55586025532037,marital-status (-93),relationship (-58),hours-per-week (-34)
34903,-44.54930110563576,marital-status (-75),capital-gain (-24),hours-per-week (-12)
25253,-72.46867855251585,marital-status (-60),capital-gain (-24),education-num (-23)
35312,86.75787083718369,education-num (-44),capital-gain (-24),education (-8)
10112,-9.172540298779529,marital-status (-60),capital-gain (-24),education-num (-23)
24672,-372.2155069953618,marital-status (-93),occupation (-65),relationship (-58)
47781,-147.55845107396487,marital-status (-93),occupation (-65),age (-26)
14020,106.98466348096532,occupation (-74),workclass (-32),education-num (-23)
6672,66.54634323528762,capital-gain (-24),education-num (-23),occupation (-4)
14530,-126.6693293511018,marital-status (-93),capital-gain (-24),age (-24)
27833,22.545451993329525,occupation (-65),capital-gain (-24),education-num (-23)
23098,92.79334052123093,capital-gain (-24),education-num (-23),capital-loss (-4)
21742,-33.50729195617933,marital-status (-93),capital-gain (-24),age (-18)
56,104.25113443178049,capital-gain (-24),education-num (-23),capital-loss (-4)
31737,-355.7208810160828,marital-status (-93),occupation (-65),relationship (-58)
32796,-229.19884489573928,marital-status (-93),relationship (-58),hours-per-week (-46)
12163,-176.95012000833094,marital-status (-93),relationship (-60),capital-gain (-24)
32024,-192.62180161748577,marital-status (-93),relationship (-58),age (-32)
18749,96.7684604004993,marital-status (-60),capital-gain (-24),hours-per-week (-1)
11108,-1.217605639439529,occupation (-65),capital-gain (-24),age (-16)
37979,-227.1598903494236,marital-status (-93),relationship (-58),education-num (-44)
27930,-176.94998207510238,marital-status (-93),relationship (-58),capital-gain (-24)
24799,-142.8278619639003,marital-status (-93),capital-gain (-24),education-num (-23)
45816,140.6269181227292,capital-gain (-24),education (-9),occupation (-5)
34637,-249.87921802450938,education-num (-108),marital-status (-93),age (-27)
47856,-161.0656919874097,marital-status (-93),age (-34),capital-gain (-24)
783,-31.158976891694724,education-num (-66),capital-gain (-24),age (-22)
7660,-332.569249991092,marital-status (-93),occupation (-74),education-num (-66)
18659,-114.03182439742667,marital-status (-58),capital-gain (-24),age (-22)
27871,-179.78996090956133,relationship (-60),marital-status (-58),workclass (-32)
7303,72.13262564944398,hours-per-week (-43),capital-gain (-24),education-num (-23)
45018,-217.2731235997436,marital-status (-93),occupation (-65),capital-gain (-24)
26329,-137.00901544894876,marital-status (-58),occupation (-51),capital-gain (-24)
7867,-114.15467908661279,marital-status (-93),age (-29),capital-gain (-24)
19912,103.19795443539388,capital-gain (-24),education-num (-23),capital-loss (-4)
36296,-125.11129102272557,education-num (-173),marital-status (-93),workclass (-32)
3639,-176.5622585269618,marital-status (-93),relationship (-58),age (-27)
41633,-17.868731457861006,marital-status (-75),capital-gain (-24),education-num (-23)
12344,-282.9323411267699,marital-status (-93),education-num (-66),relationship (-58)
14100,-53.90796438640619,marital-status (-60),capital-gain (-24),age (-13)
9866,-50.10611774741885,marital-status (-93),occupation (-65),capital-gain (-24)
257,-187.08548255082297,marital-status (-93),occupation (-65),capital-gain (-24)
43584,-84.35804753580533,marital-status (-93),capital-gain (-24),age (-13)
43792,-67.44419671585152,marital-status (-93),capital-gain (-24),education-num (-23)
32509,24.847761606578022,capital-gain (-24),education-num (-23),occupation (-20)
8099,-55.721423909861485,education-num (-151),native-country (-50),capital-gain (-24)
1026,-102.73537934520638,marital-status (-60),capital-gain (-24),education-num (-23)
1617,-403.6922715950665,marital-status (-93),education-num (-66),occupation (-65)
38223,-64.97276278605011,marital-status (-60),capital-gain (-24),education-num (-23)
15139,-69.20755838873023,marital-status (-60),capital-gain (-24),occupation (-20)
33824,-226.37954673815904,occupation (-74),education-num (-66),marital-status (-60)
8370,141.54760076894254,workclass (-32),hours-per-week (-23),education-num (-23)
19099,10.660743432249523,marital-status (-93),capital-gain (-24),capital-loss (-4)
41253,141.45472606195727,capital-gain (-24),education-num (-23),capital-loss (-4)
33695,-101.5839810532502,marital-status (-75),hours-per-week (-28),capital-gain (-24)
33906,77.46914021763254,capital-gain (-24),education-num (-23),occupation (-4)
39762,-153.94099636289727,relationship (-58),marital-status (-58),age (-26)
2923,-68.79934858466268,occupation (-65),marital-status (-60),workclass (-32)
5649,-139.76680778105992,marital-status (-93),relationship (-58),age (-32)
47523,-76.23028167328684,education-num (-173),occupation (-51),capital-gain (-24)
12097,-44.34140568602233,marital-status (-93),capital-gain (-24),age (-24)
9005,-152.38709660841877,occupation (-65),marital-status (-58),hours-per-week (-43)
40253,24.619038532567046,marital-status (-60),capital-gain (-24),relationship (-8)
44810,-147.52590231005604,marital-status (-93),age (-32),capital-gain (-24)
12073,45.9201547656443,marital-status (-93),age (-14),hours-per-week (-12)
29497,-52.05561054145656,marital-status (-93),occupation (-65),capital-gain (-24)
7067,14.19665518203777,marital-status (-60),hours-per-week (-37),capital-gain (-24)
10892,-341.9972988344685,marital-status (-93),occupation (-65),relationship (-60)
19944,24.847761606578022,capital-gain (-24),education-num (-23),occupation (-20)
42911,5.582988982823049,marital-status (-93),capital-gain (-24),age (-21)
14358,-178.1587114242737,marital-status (-93),capital-gain (-24),education-num (-23)
24210,104.44774133158292,capital-gain (-24),occupation (-4),capital-loss (-4)
15805,-122.62929696290976,marital-status (-93),capital-gain (-24),age (-24)
44288,-247.20893681353257,marital-status (-93),relationship (-58),age (-26)
22334,-219.2521008524577,marital-status (-93),education-num (-87),age (-27)
9365,-16.75606460903094,occupation (-65),capital-gain (-24),education-num (-23)
35942,-267.2833456158264,marital-status (-93),education-num (-66),occupation (-51)
48626,-390.376709054642,marital-status (-93),occupation (-65),hours-per-week (-64)
19957,44.48969402466296,capital-gain (-24),education-num (-23),occupation (-20)
47221,90.89269071317439,capital-gain (-24),age (-6),capital-loss (-4)
41775,-201.059237749647,marital-status (-93),occupation (-65),hours-per-week (-34)
36509,-139.4424667879549,marital-status (-93),relationship (-58),age (-21)
29970,25.972465250741045,marital-status (-93),education-num (-23),hours-per-week (-5)
33742,102.42212500065894,capital-gain (-24),age (-9),capital-loss (-4)
5815,53.50947568506103,capital-gain (-24),education-num (-23),age (-11)
15313,-141.01466661592306,marital-status (-93),capital-gain (-24),age (-19)
24271,-367.43436007838557,education-num (-130),marital-status (-93),occupation (-74)
33685,63.05897250488961,education-num (-87),workclass (-32),capital-gain (-24)
35214,-76.65843661325877,marital-status (-54),capital-gain (-24),age (-11)
45175,-9.65381881344281,marital-status (-93),age (-22),capital-loss (-4)
16941,-47.460582208972696,occupation (-51),education-num (-44),workclass (-32)
17624,-192.4093813009239,marital-status (-93),relationship (-58),capital-gain (-24)
9547,-12.067071292104556,marital-status (-93),capital-gain (-24),age (-13)
37077,-156.70037266698955,marital-status (-93),capital-gain (-24),education-num (-23)
28179,-313.0692592023171,marital-status (-93),occupation (-65),relationship (-58)
36294,-231.51798777655566,occupation (-65),marital-status (-60),age (-26)
44303,-9.308651334868546,occupation (-51),capital-gain (-24),education-num (-23)
23367,-343.63398860274697,marital-status (-93),occupation (-65),relationship (-58)
37944,87.82510335487966,capital-gain (-24),education-num (-23),occupation (-4)
9556,11.82144911252263,marital-status (-75),hours-per-week (-46),capital-loss (-4)
42918,75.10566558771202,capital-gain (-24),education-num (-23),occupation (-5)
28127,-51.34375197504784,education-num (-87),capital-gain (-24),age (-22)
46343,-55.53063002463236,marital-status (-60),capital-gain (-24),education (-9)
29983,-302.79043624588684,marital-status (-93),occupation (-74),relationship (-58)
31008,-104.15332922001394,marital-status (-60),occupation (-51),capital-gain (-24)
2404,121.43260157274882,capital-gain (-24),capital-loss (-4),education-num (-2)
10609,-158.89338579154074,marital-status (-60),occupation (-51),capital-gain (-24)
26233,81.9040146853363,hours-per-week (-52),capital-gain (-24),workclass (-17)
33340,110.41936329802454,workclass (-32),capital-gain (-24),capital-loss (-4)
9793,-207.08942882450006,marital-status (-93),relationship (-58),capital-gain (-24)
24389,-294.00404119504645,education-num (-66),marital-status (-60),relationship (-58)
5317,-221.3582322802093,marital-status (-93),occupation (-65),capital-gain (-24)
32487,78.85124909750435,capital-gain (-24),age (-14),capital-loss (-4)
31124,-326.2088552337367,marital-status (-93),occupation (-65),relationship (-58)
2111,-250.4861397316836,marital-status (-93),education-num (-66),age (-26)
37756,-227.75051020553457,marital-status (-75),education-num (-66),occupation (-65)
35061,-82.37290948639517,marital-status (-93),capital-gain (-24),age (-21)
30871,-256.31528657777403,marital-status (-93),occupation (-65),relationship (-58)
47134,54.03349457234669,education-num (-44),capital-gain (-24),education (-8)
46389,-244.35925321788804,marital-status (-93),relationship (-58),hours-per-week (-57)
44469,63.330441894103494,capital-gain (-24),education-num (-23),capital-loss (-4)
18398,22.861851824515348,marital-status (-60),capital-gain (-24),hours-per-week (-23)
24412,-274.3203912943519,marital-status (-93),occupation (-65),relationship (-58)
34477,122.43553917018022,capital-gain (-24),age (-9),capital-loss (-4)
17521,12.03007266965428,marital-status (-93),capital-gain (-24),age (-6)
17468,85.14419894190019,capital-gain (-24),hours-per-week (-23),education-num (-23)
5607,-289.2580312339535,marital-status (-93),occupation (-65),relationship (-58)
48105,-211.16307757314092,education-num (-108),occupation (-74),marital-status (-58)
37667,4.213659745418293,marital-status (-93),capital-gain (-24),age (-11)
36463,-378.26817448965454,marital-status (-93),education-num (-66),relationship (-58)
45627,1.812623564211308,education-num (-87),capital-gain (-24),occupation (-4)
11783,-2.7613405288402317,occupation (-51),capital-gain (-24),education-num (-23)
18155,-334.12549527716976,marital-status (-93),hours-per-week (-68),occupation (-65)
5549,-110.91760881624435,marital-status (-60),capital-gain (-24),education-num (-23)
34133,50.758158786327684,native-country (-50),capital-gain (-24),occupation (-20)
19888,-79.77276550421254,marital-status (-58),workclass (-32),capital-gain (-24)
1102,55.03210404168331,occupation (-74),workclass (-32),capital-gain (-24)
19689,126.47411427954074,capital-gain (-24),education (-21),age (-16)
11539,-201.92214799809872,marital-status (-75),education-num (-66),capital-gain (-24)
1631,139.6140564314082,capital-gain (-24),workclass (-17),capital-loss (-4)
7195,-182.60271044138028,relationship (-58),marital-status (-58),age (-26)
22057,56.78313108807518,capital-gain (-24),education-num (-23),age (-8)
25133,81.80393448256707,workclass (-32),capital-gain (-24),education-num (-23)
17003,67.8552493303134,marital-status (-93),age (-16),capital-loss (-4)
48751,117.11159543835979,marital-status (-60),capital-gain (-24),capital-loss (-4)
25337,-221.647773798274,education-num (-108),marital-status (-93),age (-27)
3677,55.877907214575195,capital-gain (-24),age (-24),occupation (-4)
41153,-105.66072575262064,marital-status (-93),capital-gain (-24),age (-18)
26749,-51.58600050498211,marital-status (-93),occupation (-74),relationship (-58)
13098,-161.18075096238772,relationship (-58),marital-status (-54),age (-29)
39173,-73.66338744514266,marital-status (-93),relationship (-58),capital-gain (-24)
8026,62.95834520123738,marital-status (-93),capital-gain (-24),relationship (-8)
14051,111.23184169093636,marital-status (-60),relationship (-8),capital-loss (-4)
12489,-116.36339699684146,marital-status (-60),hours-per-week (-37),capital-gain (-24)
1293,-76.5962645504701,marital-status (-60),relationship (-58),capital-gain (-24)
31182,54.241079513068115,age (-26),capital-gain (-24),occupation (-4)
26584,-2.655463882025731,hours-per-week (-77),marital-status (-60),education (-21)
44934,-102.80969494363012,marital-status (-93),age (-27),capital-gain (-24)
24910,68.84167142236399,marital-status (-60),capital-gain (-24),capital-loss (-4)
46375,67.99564631190242,hours-per-week (-50),capital-gain (-24),education-num (-23)
45527,64.81541888727513,marital-status (-60),capital-gain (-24),capital-loss (-4)
10563,-25.80496711043619,marital-status (-54),capital-gain (-24),capital-loss (-4)
38665,109.96071802642352,workclass (-32),capital-gain (-24),age (-13)
2011,-214.54002132625143,education-num (-87),marital-status (-75),relationship (-58)
32493,-138.32438671863127,marital-status (-93),hours-per-week (-68),capital-gain (-24)
15137,26.484589308085095,capital-gain (-24),education-num (-23),occupation (-20)
28701,-170.1891584414881,marital-status (-93),occupation (-65),workclass (-32)
42867,-42.38838219647096,marital-status (-60),capital-gain (-24),education-num (-23)
46798,-332.1811397129803,marital-status (-93),native-country (-67),occupation (-65)
22783,-58.35128591092672,marital-status (-60),capital-gain (-24),education-num (-23)
27954,14.131351622534108,marital-status (-60),capital-gain (-24),education-num (-23)
7967,-12.619877984395186,relationship (-58),age (-27),capital-gain (-24)
36562,-58.90336584818948,occupation (-65),native-country (-29),capital-gain (-24)
23934,-89.36108150374284,marital-status (-60),capital-gain (-24),education-num (-23)
26765,-416.5193947430208,marital-status (-93),education-num (-66),occupation (-65)
35482,-98.97107880698272,marital-status (-75),hours-per-week (-37),capital-gain (-24)
8879,38.72027230966728,capital-gain (-24),education-num (-23),age (-13)
28126,0.5123148741739214,occupation (-51),capital-gain (-24),education-num (-23)
26320,-204.9537226019174,marital-status (-93),relationship (-58),age (-27)
23773,-70.85585488904181,marital-status (-60),capital-gain (-24),education-num (-23)
22200,-79.81788248760984,marital-status (-60),capital-gain (-24),education-num (-23)
9011,-40.99497299102734,marital-status (-93),capital-gain (-24),age (-19)
33676,-23.903989612343228,marital-status (-60),capital-gain (-24),education-num (-23)
24094,114.64442185487346,education-num (-66),capital-gain (-24),education (-19)
36627,91.98344859133005,capital-gain (-24),age (-8),capital-loss (-4)
15622,131.52277867063867,education-num (-23),age (-19),occupation (-5)
15812,-200.53844166091886,marital-status (-93),relationship (-58),age (-29)
25603,-299.40931297422895,marital-status (-93),hours-per-week (-84),relationship (-58)
29149,-55.781729545153695,marital-status (-60),capital-gain (-24),occupation (-20)
13524,-9.485013182244819,marital-status (-60),capital-gain (-24),capital-loss (-4)
19416,86.18827565337257,capital-gain (-24),education-num (-23),occupation (-4)
28889,-184.98951868388386,education-num (-108),marital-status (-60),capital-gain (-24)
41657,-218.54988079205813,marital-status (-93),relationship (-58),age (-29)
39905,-77.67306363248522,marital-status (-93),age (-26),capital-gain (-24)
11265,142.92110764211586,occupation (-65),capital-gain (-24),education (-9)
43842,-225.0013319352896,education-num (-66),occupation (-65),marital-status (-60)
37777,-70.38652049758016,marital-status (-93),age (-26),capital-gain (-24)
3033,50.235820282046866,capital-gain (-24),education-num (-23),age (-14)
20217,-99.36584706542911,marital-status (-60),capital-gain (-24),workclass (-17)
22251,-11.532074363899921,marital-status (-93),capital-gain (-24),capital-loss (-4)
46490,-356.18705968553917,marital-status (-93),hours-per-week (-73),education-num (-66)
33114,69.87775270013182,capital-gain (-24),education-num (-23),capital-loss (-4)
12129,-242.91171540994347,occupation (-65),marital-status (-60),relationship (-58)
8942,72.60533827979455,capital-gain (-24),education-num (-23),capital-loss (-4)
1576,115.12805029413612,capital-gain (-24),education-num (-23),capital-loss (-4)
3865,-29.298101501703766,marital-status (-93),capital-gain (-24),workclass (-17)
20128,111.29354462206243,capital-gain (-24),education-num (-23),capital-loss (-4)
24076,-48.98049428006655,marital-status (-60),capital-gain (-24),education (-21)
17141,-344.93592700151163,marital-status (-93),education-num (-66),relationship (-58)
14165,-42.4180630645786,education-num (-66),occupation (-65),native-country (-50)
48265,-146.4006303927407,marital-status (-93),native-country (-50),capital-gain (-24)
34,-89.56684316621494,marital-status (-60),capital-gain (-24),education-num (-23)
35089,-6.785853880700857,marital-status (-60),capital-gain (-24),education-num (-23)
48059,-79.35774705671955,marital-status (-60),occupation (-51),capital-gain (-24)
880,-110.22477701797837,marital-status (-93),relationship (-58),capital-gain (-24)
19468,-57.994098556918985,occupation (-65),marital-status (-54),capital-gain (-24)
30236,108.2902601193462,capital-gain (-24),education-num (-23),occupation (-5)
31173,12.890717531116648,marital-status (-93),capital-gain (-24),age (-16)
3290,141.73355656719315,capital-gain (-24),hours-per-week (-14),age (-14)
13979,-74.9073993830886,marital-status (-60),capital-gain (-24),education-num (-23)
8882,23.128202955681594,marital-status (-60),capital-gain (-24),education (-21)
47736,109.14333045377256,hours-per-week (-46),capital-gain (-24),capital-loss (-4)
23224,87.64346073082632,marital-status (-60),capital-gain (-24),capital-loss (-4)
44226,-114.08036348818905,marital-status (-60),capital-gain (-24),education-num (-23)
42692,48.44338917610047,marital-status (-60),relationship (-58),capital-gain (-24)
9234,-142.81681995498684,marital-status (-93),age (-34),capital-gain (-24)
40114,-5.613448025490899,education-num (-108),capital-gain (-24),education (-7)
2192,16.201278105983953,marital-status (-60),capital-gain (-24),education (-21)
38339,-172.49586135682245,marital-status (-93),relationship (-58),hours-per-week (-34)
45888,77.12561605254224,capital-gain (-24),education-num (-23),occupation (-20)
20743,130.04693192175466,capital-gain (-24),age (-18),capital-loss (-4)
12485,87.14450000504972,capital-gain (-24),occupation (-4),capital-loss (-4)
26334,11.16108508953016,education-num (-66),workclass (-32),capital-gain (-24)
42680,-276.16156557151186,education-num (-130),marital-status (-93),capital-gain (-24)
35744,100.86466926119942,capital-gain (-24),education-num (-23),capital-loss (-4)
12314,103.63370371908498,occupation (-74),workclass (-32),capital-gain (-24)
37299,-130.50096258697985,marital-status (-93),age (-26),capital-gain (-24)
36221,-147.1175637429886,marital-status (-60),capital-gain (-24),hours-per-week (-23)
40928,-150.8445321324332,marital-status (-93),hours-per-week (-46),age (-31)
26801,-182.05838158297635,marital-status (-60),hours-per-week (-34),capital-gain (-24)
5251,-23.54968374350953,marital-status (-93),capital-gain (-24),age (-24)
39776,-53.78104710125422,education-num (-151),native-country (-47),capital-gain (-24)
3270,56.45787856214282,capital-gain (-24),education-num (-23),age (-6)
33970,124.29524699517742,occupation (-51),capital-gain (-24),education-num (-2)
28912,109.5706671944696,capital-gain (-24),age (-4),capital-loss (-4)
24498,-290.4211698453204,marital-status (-93),occupation (-65),relationship (-58)
43243,-346.05940667379724,marital-status (-93),education-num (-87),hours-per-week (-64)
24445,-342.5954345492202,education-num (-130),marital-status (-93),relationship (-58)
37991,133.6751378582758,capital-gain (-24),education-num (-23),capital-loss (-4)
23846,-185.5751276966729,marital-status (-93),capital-gain (-24),hours-per-week (-23)
39226,-34.75850616977498,education-num (-87),occupation (-51),capital-gain (-24)
1167,-209.26331220175692,education-num (-66),marital-status (-60),hours-per-week (-55)
29752,-163.9155337680914,marital-status (-93),occupation (-65),age (-27)
9129,5.422797978695162,occupation (-51),capital-gain (-24),education-num (-23)
12109,116.4903566724775,capital-gain (-24),capital-loss (-4),workclass (-3)
47373,38.61219838586841,occupation (-65),capital-gain (-24),education (-21)
44383,-172.1492132477536,marital-status (-93),relationship (-58),capital-gain (-24)
17891,-74.0219938898741,marital-status (-60),education-num (-44),workclass (-32)
13439,-238.70733822131646,marital-status (-93),relationship (-58),age (-27)
28002,-17.165327493370807,marital-status (-93),capital-gain (-24),age (-24)
25190,39.99600433756233,marital-status (-93),capital-gain (-24),hours-per-week (-10)
9694,64.96726959561057,capital-gain (-24),education-num (-23),capital-loss (-4)
13391,-406.9659269980806,marital-status (-93),education-num (-66),occupation (-65)
45289,96.5837483382237,marital-status (-60),capital-gain (-24),relationship (-8)
29111,110.63396163282462,marital-status (-75),capital-gain (-24),relationship (-8)
6928,-72.45378559157734,marital-status (-54),capital-gain (-24),education-num (-23)
20761,135.36884529935526,capital-gain (-24),age (-14),native-country (-11)
6931,54.59734615364412,marital-status (-60),capital-gain (-24),occupation (-4)
18469,-113.73249192597504,marital-status (-93),capital-gain (-24),hours-per-week (-23)
47318,-131.6027933602823,marital-status (-93),capital-gain (-24),education-num (-23)
3112,109.47904731936066,capital-gain (-24),education-num (-23),occupation (-5)
42378,-128.03865858850656,marital-status (-93),capital-gain (-24),education-num (-23)
6246,-109.93808010620091,marital-status (-60),capital-gain (-24),education-num (-23)
32203,11.576606335424954,education-num (-44),age (-26),capital-gain (-24)
18932,112.6971746555995,marital-status (-54),capital-gain (-24),capital-loss (-4)
31104,-165.7323599272509,marital-status (-75),education-num (-66),capital-gain (-24)
37599,-277.00597838512203,marital-status (-93),hours-per-week (-68),relationship (-58)
21817,77.94839360733648,capital-gain (-24),hours-per-week (-23),occupation (-4)
5134,-30.20900135391906,education-num (-66),hours-per-week (-57),capital-gain (-24)
31448,-236.45440542026827,occupation (-65),marital-status (-60),relationship (-60)
17797,103.32502613255193,capital-gain (-24),education-num (-23),occupation (-5)
15051,119.39163340351209,capital-gain (-24),capital-loss (-4),education-num (-2)
42540,-194.2586293189929,marital-status (-93),relationship (-58),age (-34)
17186,-102.29910538276661,marital-status (-60),capital-gain (-24),education-num (-23)
24325,-143.54419956691925,marital-status (-93),hours-per-week (-32),capital-gain (-24)
23717,-251.35173208921339,marital-status (-93),relationship (-58),hours-per-week (-46)
18963,49.36110579918782,marital-status (-54),capital-gain (-24),capital-loss (-4)
40552,-130.92655880792836,education-num (-108),occupation (-74),hours-per-week (-34)
30506,78.87324261220806,capital-gain (-24),education-num (-23),occupation (-5)
7847,31.39507241260633,capital-gain (-24),education-num (-23),occupation (-20)
46560,12.056629559724371,marital-status (-93),capital-gain (-24),age (-16)
39062,-73.58401875689876,marital-status (-75),capital-gain (-24),education-num (-23)
44900,-88.8622029826673,marital-status (-60),capital-gain (-24),relationship (-8)
25352,26.701558098287176,occupation (-51),capital-gain (-24),education-num (-23)
22793,-9.4019378904497,marital-status (-93),workclass (-32),capital-gain (-24)
28105,126.31132288151998,capital-gain (-24),capital-loss (-4),workclass (-3)
34788,132.5494004633658,capital-gain (-24),age (-19),capital-loss (-4)
41268,-41.94359443298029,marital-status (-60),capital-gain (-24),workclass (-17)
30283,-265.8133949980051,marital-status (-93),occupation (-65),workclass (-32)
36875,-423.23357201088913,marital-status (-93),education-num (-66),occupation (-65)
28068,-199.24113528667883,marital-status (-93),hours-per-week (-86),relationship (-58)
20080,-1.9058226668395843,education-num (-66),capital-gain (-24),education (-19)
16537,-297.235979115451,marital-status (-93),occupation (-65),relationship (-58)
47537,103.33276403480725,occupation (-74),workclass (-32),capital-gain (-24)
10100,-267.0789829518199,marital-status (-93),hours-per-week (-77),relationship (-58)
13447,-227.4711781602953,marital-status (-93),occupation (-65),capital-gain (-24)
3674,-91.05901594470461,marital-status (-93),capital-gain (-24),age (-24)
35645,126.94809851425913,workclass (-32),capital-gain (-24),age (-9)
32459,-158.0561284086285,marital-status (-60),relationship (-60),capital-gain (-24)
30770,-77.67306363248522,marital-status (-93),age (-26),capital-gain (-24)
34300,-333.80646879264475,marital-status (-93),education-num (-66),relationship (-58)
42970,127.11399141562264,capital-gain (-24),education (-21),capital-loss (-4)
19581,-87.62516952262229,marital-status (-60),capital-gain (-24),education (-21)
2835,-101.0985516436993,marital-status (-60),capital-gain (-24),education-num (-23)
11506,-33.50729195617933,marital-status (-93),capital-gain (-24),age (-18)
10103,71.5145804016389,capital-gain (-24),education-num (-23),capital-loss (-4)
38152,-98.77984017492166,education-num (-173),occupation (-74),capital-gain (-24)
45391,70.11514123263204,education-num (-87),capital-gain (-24),capital-loss (-4)
11643,-300.38903633890703,marital-status (-93),education-num (-87),occupation (-65)
35797,-0.3564149777107588,occupation (-51),capital-gain (-24),education-num (-23)
21847,109.0488077687348,capital-gain (-24),education-num (-23),capital-loss (-4)
16412,-128.88814757838398,marital-status (-93),occupation (-65),capital-gain (-24)
24513,51.98221419988297,marital-status (-93),age (-21),hours-per-week (-12)
29948,-125.27696422182811,marital-status (-93),relationship (-58),age (-27)
11918,-23.274173765154767,education-num (-66),hours-per-week (-57),capital-gain (-24)
10852,-1.9786066189597673,marital-status (-93),capital-gain (-24),capital-loss (-4)
35410,28.535004167614375,marital-status (-60),capital-gain (-24),native-country (-18)
14083,-43.67389329163612,marital-status (-60),capital-gain (-24),education-num (-23)
10156,-101.19079511925989,marital-status (-93),occupation (-65),relationship (-58)
21002,119.67692917199744,hours-per-week (-73),capital-gain (-24),capital-loss (-4)
2533,-6.762973231646119,marital-status (-60),education-num (-23),capital-loss (-4)
3347,121.68032472471691,capital-gain (-24),education-num (-23),capital-loss (-4)
44041,-165.07544650562633,occupation (-65),marital-status (-60),capital-gain (-24)
22536,-10.716960913497513,education-num (-87),workclass (-32),capital-gain (-24)
21772,-189.89731278515237,marital-status (-93),relationship (-58),capital-gain (-24)
45846,-139.17489734068064,marital-status (-93),age (-31),capital-gain (-24)
7309,15.90977618816099,capital-gain (-24),education-num (-23),occupation (-20)
39633,-182.75045507172305,marital-status (-93),relationship (-58),capital-gain (-24)
35300,-169.4812868904693,marital-status (-93),relationship (-58),capital-gain (-24)
32371,-194.81560496107883,education-num (-87),marital-status (-54),capital-gain (-24)
29479,44.70666281486505,occupation (-51),capital-gain (-24),education-num (-23)
39977,93.36017436632872,capital-gain (-24),education-num (-23),age (-16)
39478,87.6640097295232,capital-gain (-24),education-num (-23),age (-14)
7000,15.37145769638534,marital-status (-60),capital-gain (-24),occupation (-5)
38229,-323.43864361320306,education-num (-108),marital-status (-93),occupation (-65)
3375,-202.63080952317142,hours-per-week (-81),occupation (-65),marital-status (-60)
40087,134.88435567733745,workclass (-32),capital-gain (-24),education (-9)
41194,-147.86061983169688,marital-status (-93),relationship (-58),age (-32)
8986,82.85956454462155,capital-gain (-24),education-num (-23),capital-loss (-4)
11527,-229.6285437147154,marital-status (-93),relationship (-60),capital-gain (-24)
9624,-71.24844025752495,marital-status (-58),capital-gain (-24),education-num (-23)
5805,79.62531977069614,marital-status (-93),capital-gain (-24),relationship (-8)
21900,6.13782220405529,occupation (-65),hours-per-week (-34),capital-gain (-24)
41285,-181.03581939939366,marital-status (-93),occupation (-51),capital-gain (-24)
43722,89.71845755471395,native-country (-50),capital-gain (-24),occupation (-5)
46130,114.822563330028,capital-gain (-24),age (-19),capital-loss (-4)
18720,96.39324915800769,capital-gain (-24),age (-11),capital-loss (-4)
391,-218.60497679687964,marital-status (-93),relationship (-58),capital-gain (-24)
11824,64.00510288477757,marital-status (-60),capital-gain (-24),age (-13)
46508,-146.4656393162472,marital-status (-60),relationship (-60),hours-per-week (-46)
32230,-118.52635040079178,education-num (-130),occupation (-74),capital-gain (-24)
39371,-23.334170898315445,marital-status (-60),capital-gain (-24),education (-21)
706,69.85010197924947,native-country (-50),hours-per-week (-34),capital-gain (-24)
42414,-203.8938650023482,marital-status (-75),occupation (-65),capital-gain (-24)
13635,144.0179634930531,capital-gain (-24),capital-loss (-4),education-num (-2)
29822,-348.3276348414138,education-num (-130),marital-status (-93),occupation (-65)
30645,-110.88102368359864,marital-status (-93),age (-26),capital-gain (-24)
35599,-23.52486520265411,marital-status (-93),capital-gain (-24),age (-24)
8884,36.41613714108768,marital-status (-60),capital-gain (-24),workclass (-17)
21357,-253.52187722069147,marital-status (-93),occupation (-65),relationship (-58)
32036,36.00871293192554,education-num (-66),capital-gain (-24),education (-19)
32692,35.65100836765531,education-num (-87),capital-gain (-24),occupation (-4)
45605,71.50800537335019,marital-status (-75),capital-gain (-24),capital-loss (-4)
19895,74.38833977789449,age (-26),capital-gain (-24),education (-9)
8066,139.88226192515197,workclass (-32),capital-gain (-24),capital-loss (-4)
4587,-216.95668029656807,marital-status (-93),relationship (-58),capital-gain (-24)
30718,107.12489380803608,capital-gain (-24),education (-9),capital-loss (-4)
35685,94.59572384091545,capital-gain (-24),education-num (-23),occupation (-20)
9374,73.88301193115306,capital-gain (-24),age (-6),occupation (-4)
38923,-55.802773961194674,marital-status (-93),age (-34),capital-gain (-24)
32557,11.753139994521394,capital-gain (-24),age (-24),education-num (-23)
30952,-12.084659083283722,occupation (-65),capital-gain (-24),education-num (-23)
37492,-231.53213006993374,marital-status (-93),relationship (-58),hours-per-week (-46)
38468,104.53539527815005,hours-per-week (-64),capital-gain (-24),capital-loss (-4)
27942,-25.984515496014257,marital-status (-93),capital-gain (-24),workclass (-17)
21794,-17.32431111582234,marital-status (-60),capital-gain (-24),education-num (-23)
12814,114.29874774676854,workclass (-32),capital-gain (-24),capital-loss (-4)
14644,66.33659883301533,capital-gain (-24),education-num (-23),age (-9)
8290,-248.5732788497219,marital-status (-93),relationship (-58),hours-per-week (-57)
10632,-256.0419274337724,marital-status (-93),occupation (-65),education-num (-44)
27733,34.348989681608856,education-num (-66),hours-per-week (-34),age (-26)
4440,-60.862414927746485,hours-per-week (-57),marital-status (-54),capital-gain (-24)
45973,-169.19537278311267,education-num (-108),marital-status (-93),capital-gain (-24)
36949,13.472239496412916,marital-status (-60),capital-gain (-24),capital-loss (-4)
11641,-143.60273281507045,marital-status (-93),relationship (-58),age (-26)
45575,-266.74464501971244,marital-status (-93),occupation (-65),relationship (-58)
44463,-115.99989262255914,marital-status (-93),age (-26),capital-gain (-24)
10108,-14.750327091837908,occupation (-74),workclass (-32),capital-gain (-24)
45715,59.208478310066496,marital-status (-60),capital-gain (-24),capital-loss (-4)
18728,-204.33650366654686,occupation (-65),marital-status (-60),hours-per-week (-34)
43707,-283.6463645098644,marital-status (-93),relationship (-58),education-num (-44)
40349,48.95773063199748,relationship (-60),capital-gain (-24),age (-14)
3426,-17.053906053229444,marital-status (-93),capital-gain (-24),age (-18)
12782,-84.18270067621762,marital-status (-93),age (-31),capital-gain (-24)
40640,-422.8316591232847,marital-status (-93),education-num (-87),occupation (-65)
28518,46.84935511146581,age (-27),capital-gain (-24),education-num (-23)
42230,-125.24481513645708,education-num (-108),marital-status (-58),capital-gain (-24)
16999,-237.81194241185975,marital-status (-93),relationship (-58),hours-per-week (-57)
28997,85.28575013596577,capital-gain (-24),age (-18),capital-loss (-4)
15505,81.03793821497695,education-num (-87),capital-gain (-24),capital-loss (-4)
40890,-197.6721257627393,native-country (-130),education-num (-66),occupation (-51)
6863,-94.57927002785723,marital-status (-93),relationship (-58),capital-gain (-24)
7171,-263.940216385969,marital-status (-93),relationship (-58),occupation (-51)
34274,-128.30623339115988,marital-status (-93),relationship (-58),age (-27)
5903,67.82806800304668,occupation (-65),capital-gain (-24),age (-11)
13300,68.73980351970029,capital-gain (-24),age (-11),occupation (-5)
25925,-221.97866232499362,marital-status (-93),relationship (-58),hours-per-week (-34)
25540,21.45455598229626,education-num (-87),capital-gain (-24),occupation (-4)
41454,-139.50064352826448,occupation (-65),marital-status (-60),capital-gain (-24)
33909,-70.94503987310796,native-country (-67),education-num (-66),capital-gain (-24)
43587,49.10603095216642,native-country (-47),capital-gain (-24),education-num (-23)
38768,-22.773783698496516,marital-status (-60),native-country (-38),capital-gain (-24)
22760,11.3351016657462,marital-status (-60),capital-gain (-24),capital-loss (-4)
21636,123.39045657318803,occupation (-51),capital-gain (-24),age (-6)
43011,32.13390062854321,occupation (-51),capital-gain (-24),age (-13)
34016,-198.49667190187733,occupation (-97),marital-status (-93),capital-gain (-24)
32762,-5.607306463624174,marital-status (-93),capital-gain (-24),age (-21)
22406,138.32765763740062,marital-status (-93),capital-gain (-24),
22968,-59.87420478148728,marital-status (-93),capital-gain (-24),age (-21)
25832,-165.7030119221722,marital-status (-93),occupation (-51),native-country (-47)
42008,-330.79490593637564,marital-status (-93),education-num (-66),relationship (-58)
6030,-194.13044101145027,marital-status (-93),occupation (-51),capital-gain (-24)
45918,55.57437254804482,marital-status (-60),capital-gain (-24),age (-19)
3760,58.373673526556715,capital-gain (-24),occupation (-20),age (-6)
7694,-64.80876785404737,marital-status (-60),capital-gain (-24),education-num (-23)
8924,123.91689908592585,capital-gain (-24),education-num (-23),capital-loss (-4)
4507,23.925550349872,occupation (-65),capital-gain (-24),education-num (-23)
26078,120.94566468061386,capital-gain (-24),capital-loss (-4),education-num (-2)
23921,-50.89680371102469,education-num (-130),capital-gain (-24),occupation (-20)
38910,-50.26360632118171,marital-status (-60),capital-gain (-24),education-num (-23)
29355,113.99834821785382,hours-per-week (-81),capital-gain (-24),capital-loss (-4)
35534,-364.8710403811352,marital-status (-93),education-num (-66),relationship (-58)
14757,-37.013272080357524,marital-status (-93),capital-gain (-24),age (-22)
11842,-280.3328431054041,marital-status (-93),occupation (-65),relationship (-60)
22740,-208.14831887767687,marital-status (-93),relationship (-60),education-num (-44)
23514,-149.92037096032544,marital-status (-93),age (-29),capital-gain (-24)
5238,-91.37997188210102,education-num (-151),native-country (-50),capital-gain (-24)
46853,-118.30812578853494,marital-status (-75),workclass (-32),capital-gain (-24)
11065,-5.544579026931669,marital-status (-93),capital-gain (-24),age (-6)
46903,-333.1535905417693,marital-status (-93),occupation (-65),relationship (-58)
14463,-82.61445038059134,marital-status (-93),education-num (-23),age (-14)
6439,-11.782763076496831,occupation (-65),hours-per-week (-55),capital-gain (-24)
31964,-90.40916780104979,marital-status (-60),capital-gain (-24),relationship (-8)
34869,129.06196783994534,capital-gain (-24),education-num (-23),capital-loss (-4)
28342,67.38067554448772,capital-gain (-24),education-num (-23),age (-18)
33121,-263.42121428840545,marital-status (-93),relationship (-58),hours-per-week (-46)
10119,-125.88964163404415,marital-status (-93),capital-gain (-24),age (-19)
6245,-114.98315722283635,marital-status (-93),native-country (-67),capital-gain (-24)
33246,110.99505213761122,capital-gain (-24),occupation (-4),capital-loss (-4)
31678,134.30315803788486,capital-gain (-24),education (-9),capital-loss (-4)
35881,-26.086952431366992,marital-status (-75),capital-gain (-24),education (-9)
47828,-113.87755683068164,marital-status (-60),relationship (-58),capital-gain (-24)
46940,-59.34271192799507,marital-status (-75),hours-per-week (-34),capital-gain (-24)
31049,-54.45075284012073,marital-status (-54),capital-gain (-24),age (-11)
31068,130.25727940993184,capital-gain (-24),education (-9),occupation (-5)
40744,-146.5775713239037,marital-status (-58),hours-per-week (-34),capital-gain (-24)
15008,38.794775777765494,hours-per-week (-75),workclass (-32),capital-gain (-24)
2381,-143.6057510549329,marital-status (-93),capital-gain (-24),education-num (-23)
20732,-146.0437633050844,marital-status (-93),age (-32),capital-gain (-24)
29735,126.88058799795095,marital-status (-60),capital-gain (-24),workclass (-17)
3232,-207.03003348590647,marital-status (-93),relationship (-58),age (-32)
45966,-108.06821121283443,education-num (-173),native-country (-50),capital-gain (-24)
30676,-84.43505111452075,marital-status (-93),capital-gain (-24),capital-loss (-4)
22359,-62.04712847457863,marital-status (-60),age (-26),capital-gain (-24)
25714,71.98527094609535,marital-status (-75),capital-gain (-24),capital-loss (-4)
2065,-167.58781854857122,relationship (-58),marital-status (-54),capital-gain (-24)
10063,99.59501228889171,capital-gain (-24),age (-16),capital-loss (-4)
36900,52.91672469502634,capital-gain (-24),education-num (-23),age (-21)
39754,52.599034550105756,occupation (-65),marital-status (-58),capital-loss (-4)
7748,114.64389138551437,capital-gain (-24),age (-16),occupation (-5)
7746,117.52001914510211,capital-gain (-24),education (-9),occupation (-5)
29607,117.08321447932843,capital-gain (-24),hours-per-week (-12),occupation (-5)
8825,-159.2432079486117,occupation (-65),marital-status (-60),capital-gain (-24)
6296,12.54074690557778,occupation (-74),workclass (-32),capital-gain (-24)
42503,42.35361615824406,marital-status (-93),capital-gain (-24),capital-loss (-4)
29283,-20.25120979963995,marital-status (-93),capital-gain (-24),age (-21)
18882,121.61760703833438,capital-gain (-24),education-num (-23),occupation (-4)
15804,-283.643670972327,marital-status (-93),education-num (-87),occupation (-65)
34115,-134.86444156040707,relationship (-60),marital-status (-54),workclass (-32)
39316,-45.61471347886081,marital-status (-60),capital-gain (-24),occupation (-4)
1481,111.57086625654206,hours-per-week (-57),workclass (-32),capital-gain (-24)
44874,35.9036413371648,capital-gain (-24),education-num (-23),workclass (-17)
43209,69.89456656015454,hours-per-week (-46),capital-gain (-24),education-num (-23)
8282,-112.40096637865182,marital-status (-75),capital-gain (-24),education-num (-23)
8902,-20.22186862057918,marital-status (-60),capital-gain (-24),hours-per-week (-12)
44418,68.1831709367947,capital-gain (-24),education-num (-23),occupation (-4)
18729,-114.95196653613957,marital-status (-93),capital-gain (-24),education-num (-23)
42689,-151.24472577836724,marital-status (-93),capital-gain (-24),age (-24)
25028,53.218996316299446,capital-gain (-24),education-num (-23),occupation (-5)
39003,55.49555150074842,marital-status (-93),capital-gain (-24),capital-loss (-4)
43051,81.83442513175692,capital-gain (-24),occupation (-5),capital-loss (-4)
38734,-122.62929696290976,marital-status (-93),capital-gain (-24),age (-24)
17316,-76.76323793676661,marital-status (-93),age (-32),capital-gain (-24)
19107,39.01710395027134,capital-gain (-24),education-num (-23),workclass (-17)
38510,-402.2855930840561,marital-status (-93),education-num (-66),relationship (-58)
6005,80.2205783349091,capital-gain (-24),age (-24),capital-loss (-4)
14129,47.22835249947248,capital-gain (-24),education-num (-23),occupation (-20)
2268,96.1701417193135,occupation (-51),capital-gain (-24),education-num (-23)
11869,-201.77958259078102,marital-status (-93),occupation (-51),capital-gain (-24)
16758,-273.4936841309091,marital-status (-93),relationship (-58),occupation (-51)
39847,-326.2088552337367,marital-status (-93),occupation (-65),relationship (-58)
31939,144.55483051413438,capital-gain (-24),occupation (-5),capital-loss (-4)
15357,-100.47640976943566,marital-status (-93),capital-gain (-24),age (-19)
30896,67.50211487320968,marital-status (-75),capital-gain (-24),occupation (-5)
11255,91.75026967253623,native-country (-29),capital-gain (-24),capital-loss (-4)
34535,-256.9720829942903,education-num (-108),marital-status (-93),native-country (-34)
12353,-150.44648041203942,education-num (-66),marital-status (-60),capital-gain (-24)
8303,-163.96855936870008,marital-status (-93),occupation (-65),capital-gain (-24)
30643,131.6337598529148,capital-gain (-24),education-num (-23),age (-6)
35230,-6.604240250255635,education-num (-87),capital-gain (-24),occupation (-5)
11244,-104.79455580982028,education-num (-173),native-country (-50),capital-gain (-24)
37367,40.585537600180935,occupation (-51),capital-gain (-24),capital-loss (-4)
42462,-191.10752022267755,education-num (-87),marital-status (-60),capital-gain (-24)
31304,61.40858913497281,education-num (-130),capital-gain (-24),capital-loss (-4)
16780,78.07870506768992,hours-per-week (-46),capital-gain (-24),education-num (-23)
44115,-218.72125004200316,marital-status (-93),relationship (-58),age (-31)
3748,95.21159655288548,capital-gain (-24),age (-13),capital-loss (-4)
13352,95.19394478669491,capital-gain (-24),workclass (-17),capital-loss (-4)
33597,118.06748016615475,marital-status (-60),capital-gain (-24),relationship (-8)
13837,-110.29737597847813,marital-status (-93),age (-29),capital-gain (-24)
7315,-179.2708758622711,marital-status (-93),relationship (-58),hours-per-week (-57)
46639,87.82510335487966,capital-gain (-24),education-num (-23),occupation (-4)
20749,-209.96179570562836,marital-status (-93),relationship (-58),capital-gain (-24)
37063,82.708552205639,capital-gain (-24),age (-14),capital-loss (-4)
45373,78.07492047081216,education-num (-130),occupation (-5),capital-loss (-4)
37608,108.587725407465,capital-gain (-24),education-num (-23),age (-19)
11014,-237.3434898588453,education-num (-87),marital-status (-60),relationship (-58)
10876,68.25825765770597,marital-status (-60),capital-gain (-24),capital-loss (-4)
43535,100.71282012411207,capital-gain (-24),education-num (-23),capital-loss (-4)
28260,43.63075541418852,capital-gain (-24),education-num (-23),age (-8)
17464,40.12437470424282,capital-gain (-24),education-num (-23),age (-11)
44519,-40.59526315299078,marital-status (-58),capital-gain (-24),age (-11)
35269,-300.2155558998949,marital-status (-93),relationship (-58),occupation (-51)
27850,102.34680826617107,capital-gain (-24),education-num (-23),capital-loss (-4)
29068,-362.4168039090226,marital-status (-93),education-num (-66),relationship (-58)
47103,-183.6739865797245,marital-status (-93),hours-per-week (-46),age (-29)
10010,-37.49138737424644,education-num (-151),hours-per-week (-64),occupation (-4)
31704,-366.88018189104855,marital-status (-93),education-num (-87),occupation (-65)
27283,-280.0072870031118,marital-status (-93),education-num (-87),relationship (-58)
46865,-152.11459158370891,marital-status (-93),relationship (-58),age (-34)
44725,-162.88107481321387,occupation (-74),marital-status (-58),workclass (-32)
8545,-192.39172953473332,marital-status (-93),relationship (-58),capital-gain (-24)
44184,106.50796946569872,marital-status (-75),hours-per-week (-34),capital-gain (-24)
1991,-85.73009285083168,marital-status (-93),relationship (-58),age (-27)
33502,-68.75290434062143,marital-status (-93),relationship (-58),capital-gain (-24)
10980,-109.12731097563764,marital-status (-75),capital-gain (-24),education-num (-23)
34600,-3.2751519042443418,education-num (-66),capital-gain (-24),education (-19)
45549,120.59834438469176,capital-gain (-24),age (-21),capital-loss (-4)
37030,-129.73324035184365,marital-status (-93),capital-gain (-24),education-num (-23)
47867,-77.6358910020017,marital-status (-60),capital-gain (-24),education-num (-23)
31359,-12.091889832959977,marital-status (-93),capital-gain (-24),age (-13)
4158,-255.62785455311806,marital-status (-93),education-num (-87),occupation (-65)
5870,143.7996763422669,capital-gain (-24),workclass (-17),occupation (-5)
23568,15.131895163793693,occupation (-65),capital-gain (-24),education-num (-23)
6361,129.05791091601913,capital-gain (-24),capital-loss (-4),education-num (-2)
27920,85.38578026106559,capital-gain (-24),education-num (-23),occupation (-4)
26383,104.83478213690097,capital-gain (-24),education-num (-23),capital-loss (-4)
42375,-229.96477619527002,marital-status (-93),education-num (-66),hours-per-week (-34)
13862,121.71581949834601,workclass (-32),capital-gain (-24),education (-9)
4849,122.8566303367875,hours-per-week (-57),capital-gain (-24),age (-6)
8335,-229.10800586180235,marital-status (-93),occupation (-65),capital-gain (-24)
1637,-228.1986089840827,occupation (-65),relationship (-58),marital-status (-58)
3385,-92.98872873458765,marital-status (-93),capital-gain (-24),age (-18)
15175,-299.2315492943544,marital-status (-93),occupation (-74),relationship (-58)
11976,-234.10932800026052,marital-status (-93),relationship (-58),hours-per-week (-46)
15146,-61.355171762498756,marital-status (-60),education-num (-44),capital-gain (-24)
12601,-235.04790715200753,education-num (-108),marital-status (-75),occupation (-65)
16858,-103.64222678766066,marital-status (-60),workclass (-32),capital-gain (-24)
41195,-123.23299851545599,occupation (-65),marital-status (-60),capital-gain (-24)
3260,83.96139531792399,capital-gain (-24),education-num (-23),age (-13)
17312,-234.88332293041324,marital-status (-93),occupation (-65),relationship (-58)
2717,142.67959989659076,capital-gain (-24),capital-loss (-4),workclass (-3)
43343,-52.85788813482441,marital-status (-75),workclass (-32),capital-gain (-24)
11622,-105.3868928739569,marital-status (-93),capital-gain (-24),age (-24)
28216,-95.33804340708468,marital-status (-93),hours-per-week (-46),capital-gain (-24)
23616,-71.92273927576358,marital-status (-60),capital-gain (-24),education (-9)
7653,-94.01664494095527,marital-status (-93),age (-27),capital-gain (-24)
32174,126.7297297618664,capital-gain (-24),education-num (-23),hours-per-week (-5)
8406,-275.3347275678619,marital-status (-93),occupation (-65),relationship (-58)
18897,-295.1664368879973,education-num (-151),marital-status (-93),native-country (-50)
13729,68.77882773432913,marital-status (-60),capital-gain (-24),relationship (-8)
39397,-105.9165424624812,marital-status (-93),capital-gain (-24),age (-13)
16358,-35.124216718131805,education-num (-87),hours-per-week (-86),capital-gain (-24)
8318,-185.54040058387912,marital-status (-93),relationship (-58),age (-27)
16575,-47.19001398640185,marital-status (-93),capital-gain (-24),age (-19)
33640,-89.96665709452,marital-status (-93),relationship (-58),capital-gain (-24)
17038,-24.637465095094267,marital-status (-93),capital-gain (-24),age (-9)
33350,46.81284484216098,marital-status (-93),capital-gain (-24),capital-loss (-4)
19532,-224.98481926390545,marital-status (-93),relationship (-58),hours-per-week (-46)
37086,-271.54438354593674,marital-status (-93),relationship (-58),occupation (-51)
20983,-272.9746820333456,marital-status (-93),relationship (-58),hours-per-week (-57)
21163,97.68362343883364,education-num (-87),age (-16),capital-loss (-4)
12051,-136.75403659485846,education-num (-151),marital-status (-93),capital-gain (-24)
16024,-390.376709054642,marital-status (-93),occupation (-65),hours-per-week (-64)
15038,-85.74521277930097,marital-status (-60),capital-gain (-24),education-num (-23)
10115,-1.9571335441104705,marital-status (-93),capital-gain (-24),occupation (-5)
9111,-130.69239460119817,occupation (-65),marital-status (-60),capital-gain (-24)
17993,23.23435340683655,education-num (-44),capital-gain (-24),occupation (-20)
24677,85.97853125110029,capital-gain (-24),education-num (-23),capital-loss (-4)
2583,76.98092488744602,occupation (-74),workclass (-32),education-num (-23)
1923,40.65133790142672,marital-status (-75),education (-9),occupation (-5)
21959,17.31983830647087,marital-status (-54),capital-gain (-24),relationship (-8)
11719,-114.43296385068497,education-num (-66),occupation (-65),age (-34)
42853,55.1463033865681,capital-gain (-24),education-num (-23),age (-9)
17161,-183.1351541388529,education-num (-108),marital-status (-60),capital-gain (-24)
6140,83.56730993550518,marital-status (-60),capital-gain (-24),capital-loss (-4)
40512,-279.72852205347215,marital-status (-93),relationship (-58),occupation (-51)
35752,14.760607777095798,age (-27),capital-gain (-24),hours-per-week (-23)
26625,-53.80671954529993,education-num (-151),workclass (-32),capital-gain (-24)
26975,-114.74385459830796,marital-status (-93),capital-gain (-24),education-num (-23)
24108,-29.86181002271582,marital-status (-60),workclass (-32),age (-16)
19200,121.07343552438215,capital-gain (-24),education-num (-23),capital-loss (-4)
35897,27.458938363447533,hours-per-week (-73),capital-gain (-24),capital-loss (-4)
4358,28.808288102678347,hours-per-week (-64),capital-gain (-24),education-num (-23)
27032,-183.06919452879492,marital-status (-93),age (-27),capital-gain (-24)
21904,-25.369287058872242,education-num (-151),capital-gain (-24),capital-loss (-4)
2605,-137.05844024890462,marital-status (-93),capital-gain (-24),education-num (-23)
30085,-11.333457145403754,marital-status (-60),capital-gain (-24),education (-21)
32188,127.21396863730126,marital-status (-60),capital-gain (-24),age (-8)
30512,-261.9407961478783,marital-status (-93),relationship (-58),hours-per-week (-55)
21196,-290.66902868364855,marital-status (-93),education-num (-66),relationship (-58)
6661,46.91587961600717,capital-gain (-24),occupation (-20),age (-18)
8382,-194.68518260796355,marital-status (-93),relationship (-58),capital-gain (-24)
47271,-136.280551157872,marital-status (-93),capital-gain (-24),education-num (-23)
38690,-50.507309527100034,marital-status (-93),native-country (-54),capital-gain (-24)
37204,33.14823690205319,occupation (-51),capital-gain (-24),education-num (-23)
2279,96.91041050835533,capital-gain (-24),age (-13),capital-loss (-4)
35194,107.33119486447754,workclass (-32),capital-gain (-24),education-num (-23)
7525,-85.46864678505098,education-num (-87),occupation (-74),capital-gain (-24)
47059,118.80257978103432,capital-gain (-24),capital-loss (-4),education-num (-2)
16146,-124.53263052473744,marital-status (-93),relationship (-58),age (-26)
30993,-44.18483511259746,marital-status (-93),relationship (-58),capital-gain (-24)
43777,-139.51758910590834,marital-status (-93),relationship (-58),hours-per-week (-34)
28932,-6.227162254332993,hours-per-week (-81),capital-gain (-24),education-num (-23)
43609,-30.45130041837155,marital-status (-60),capital-gain (-24),education-num (-23)
521,54.81028174149801,capital-gain (-24),education-num (-23),age (-14)
3742,-161.90554061582984,marital-status (-93),relationship (-58),capital-gain (-24)
8126,-180.92731081385358,marital-status (-75),relationship (-60),education-num (-44)
35209,-60.911736248596455,native-country (-130),capital-gain (-24),age (-22)
32232,37.826758919413855,hours-per-week (-30),capital-gain (-24),education-num (-23)
14657,-125.35084868760251,occupation (-74),marital-status (-54),workclass (-32)
9831,-192.62180161748577,marital-status (-93),relationship (-58),age (-32)
10180,-333.3153358626372,marital-status (-93),education-num (-87),occupation (-65)
45273,-392.10006326101484,marital-status (-93),education-num (-87),occupation (-65)
8885,143.22860560321595,capital-gain (-24),education-num (-23),capital-loss (-4)
4912,-43.85324973705839,marital-status (-60),capital-gain (-24),occupation (-5)
36340,-96.93893225987202,marital-status (-93),capital-gain (-24),education-num (-23)
35240,64.90951553378054,capital-gain (-24),education-num (-23),occupation (-4)
34096,82.30996918012993,occupation (-74),workclass (-32),capital-gain (-24)
28745,-202.29175548754571,marital-status (-93),relationship (-58),capital-gain (-24)
5290,-117.37009526848476,marital-status (-58),age (-26),capital-gain (-24)
30548,-20.7664452454181,occupation (-51),age (-26),capital-gain (-24)
35372,-299.2519408973102,marital-status (-93),relationship (-58),education-num (-44)
36225,-58.324055420642594,marital-status (-93),occupation (-65),capital-gain (-24)
16688,8.988078507687574,hours-per-week (-34),workclass (-32),capital-gain (-24)
43710,-354.3102516618327,marital-status (-93),education-num (-87),occupation (-65)
43392,-88.57104207397472,marital-status (-93),capital-gain (-24),age (-14)
46376,63.012861998882016,marital-status (-60),capital-gain (-24),relationship (-8)
19400,105.61294570579382,hours-per-week (-46),capital-gain (-24),age (-6)
18647,-89.71266761195912,marital-status (-93),capital-gain (-24),education (-9)
20103,-74.58993929840787,marital-status (-60),capital-gain (-24),hours-per-week (-23)
4966,-88.04682227271252,marital-status (-60),capital-gain (-24),age (-24)
35711,-146.0437633050844,marital-status (-93),age (-32),capital-gain (-24)
6895,-315.48249950806286,marital-status (-93),education-num (-87),relationship (-58)
14073,-201.51583751049077,marital-status (-93),relationship (-58),age (-32)
41837,-59.96252371653854,marital-status (-93),occupation (-65),age (-22)
13682,-84.66794822342493,marital-status (-93),age (-26),capital-gain (-24)
21217,-115.02641544462432,marital-status (-75),education-num (-66),capital-gain (-24)
14072,8.86456901969082,marital-status (-60),capital-gain (-24),capital-loss (-4)
2002,-195.485404393199,education-num (-130),occupation (-97),marital-status (-75)
37330,-81.55565033925046,marital-status (-60),hours-per-week (-41),capital-gain (-24)
38646,-225.40137042375596,education-num (-108),marital-status (-93),age (-31)
6873,-68.28979968454689,marital-status (-93),relationship (-58),capital-gain (-24)
45455,-77.94480653755863,marital-status (-93),capital-gain (-24),education-num (-23)
4489,102.34099604662701,capital-gain (-24),occupation (-5),capital-loss (-4)
12018,-87.90398217626867,marital-status (-75),hours-per-week (-32),capital-gain (-24)
18970,-217.96371296315763,marital-status (-93),relationship (-60),age (-27)
41039,-236.37100393468347,marital-status (-93),relationship (-58),capital-gain (-24)
45579,-2.3904316611643663,occupation (-74),hours-per-week (-34),capital-gain (-24)
13662,40.35658178455025,marital-status (-93),capital-gain (-24),age (-9)
41012,-278.1740180449337,marital-status (-93),occupation (-65),relationship (-58)
42856,103.40366462011052,capital-gain (-24),capital-loss (-4),education-num (-2)
18329,138.2268976517339,capital-gain (-24),education-num (-23),age (-18)
40179,-29.25629211464504,marital-status (-54),capital-gain (-24),occupation (-5)
31097,-2.652434635277338,marital-status (-58),capital-gain (-24),relationship (-8)
14823,15.02679539753554,capital-gain (-24),education-num (-23),age (-21)
47860,-128.0964126503366,marital-status (-93),capital-gain (-24),education-num (-23)
17930,-126.00133365800721,education-num (-87),marital-status (-60),capital-gain (-24)
218,-55.28005926921274,marital-status (-58),capital-gain (-24),age (-13)
41331,-234.49331258948263,marital-status (-93),relationship (-58),age (-29)
1291,-60.17826013751127,marital-status (-93),capital-gain (-24),age (-16)
46957,-63.83417640686665,marital-status (-93),capital-gain (-24),education (-9)
42150,-45.61550883852205,marital-status (-93),capital-gain (-24),hours-per-week (-19)
4558,-234.49331258948263,marital-status (-93),relationship (-58),age (-29)
13788,113.91288416437351,marital-status (-60),workclass (-32),capital-gain (-24)
27801,-89.6360135878036,marital-status (-93),capital-gain (-24),occupation (-5)
32294,-87.15982496847079,marital-status (-75),capital-gain (-24),relationship (-8)
28040,-133.48073198136305,marital-status (-60),relationship (-60),capital-gain (-24)
26910,33.84568113069748,marital-status (-60),capital-gain (-24),age (-9)
22582,16.369721622915996,workclass (-32),capital-gain (-24),education-num (-23)
20710,-2.8938094479956673,occupation (-51),hours-per-week (-50),capital-gain (-24)
28552,-205.58823492199983,marital-status (-93),occupation (-51),age (-32)
7118,-361.2644092519005,marital-status (-93),hours-per-week (-79),education-num (-66)
11394,-300.55460893782816,marital-status (-93),occupation (-65),relationship (-58)
15706,-95.0843287293782,marital-status (-60),capital-gain (-24),education-num (-23)
26817,-251.19532252823345,marital-status (-93),relationship (-58),hours-per-week (-37)
19257,-24.500579484121662,marital-status (-60),education-num (-23),hours-per-week (-12)
32760,-151.1320810539249,relationship (-58),marital-status (-54),capital-gain (-24)
45720,-184.5127321636155,marital-status (-60),relationship (-58),capital-gain (-24)
38435,-61.96846479191379,marital-status (-58),capital-gain (-24),education (-9)
4314,51.512312000078055,occupation (-74),workclass (-32),capital-gain (-24)
35783,107.95789920044166,hours-per-week (-37),capital-gain (-24),age (-11)
33860,75.96195885008561,capital-gain (-24),education-num (-23),capital-loss (-4)
2775,-338.883818359006,marital-status (-93),education-num (-66),relationship (-58)
38577,-81.11317013639731,marital-status (-93),hours-per-week (-34),age (-26)
767,-147.97107037535307,marital-status (-93),capital-gain (-24),education-num (-23)
44008,-19.224607414463566,marital-status (-60),education-num (-44),capital-gain (-24)
27698,-109.24419598209155,marital-status (-93),capital-gain (-24),age (-24)
17638,-18.806067100828297,marital-status (-93),capital-gain (-24),age (-13)
19587,-85.67332007893694,marital-status (-93),capital-gain (-24),age (-19)
34750,-434.02195456973186,marital-status (-93),education-num (-87),hours-per-week (-68)
37455,9.450830381272898,occupation (-65),capital-gain (-24),education-num (-23)
35949,49.299545126921885,capital-gain (-24),education-num (-23),occupation (-20)
15782,-178.92222535474855,education-num (-151),marital-status (-60),capital-gain (-24)
13804,-4.064228856119695,marital-status (-60),capital-gain (-24),education (-9)
9631,139.07487276805583,native-country (-50),capital-gain (-24),capital-loss (-4)
38055,-173.85662055264837,marital-status (-93),age (-27),capital-gain (-24)
4995,48.893110125180606,education-num (-87),capital-gain (-24),capital-loss (-4)
15592,-208.41010728498895,marital-status (-93),relationship (-58),age (-31)
29908,-126.6667260249722,marital-status (-54),hours-per-week (-46),capital-gain (-24)
16098,-34.56003451918001,marital-status (-93),capital-gain (-24),age (-22)
32011,12.554300478721208,marital-status (-93),capital-gain (-24),capital-loss (-4)
4113,-228.65866831285365,marital-status (-93),relationship (-58),capital-gain (-24)
19364,-210.3630842275142,marital-status (-93),relationship (-58),capital-gain (-24)
33822,103.6583834417458,capital-gain (-24),education-num (-23),occupation (-4)
28498,-87.89190628387479,marital-status (-75),capital-gain (-24),education-num (-23)
34372,145.40413904716104,capital-gain (-24),age (-16),capital-loss (-4)
30415,-1.1245128273331517,occupation (-51),capital-gain (-24),education-num (-23)
15640,122.18769406863069,education-num (-108),capital-gain (-24),education (-7)
42376,-291.6555158839914,education-num (-151),occupation (-65),marital-status (-60)
33957,-79.05902779042728,marital-status (-75),education-num (-66),hours-per-week (-23)
10706,90.60119350539979,occupation (-74),capital-gain (-24),education-num (-23)
43181,-20.7664452454181,occupation (-51),age (-26),capital-gain (-24)
15965,-152.5257717635038,occupation (-65),marital-status (-58),native-country (-47)
38628,-170.4026712690741,marital-status (-93),relationship (-58),capital-gain (-24)
7842,-83.70275945374985,marital-status (-93),age (-31),capital-gain (-24)
32289,29.70886440059706,marital-status (-58),capital-gain (-24),workclass (-17)
23056,97.66492842512008,capital-gain (-24),education-num (-23),age (-8)
18106,39.45071496532781,marital-status (-60),capital-gain (-24),relationship (-8)
36331,-29.95278284015233,marital-status (-54),capital-gain (-24),age (-11)
48125,25.251231948283998,marital-status (-75),capital-gain (-24),capital-loss (-4)
6933,58.373673526556715,capital-gain (-24),occupation (-20),age (-6)
28439,54.85582401780652,capital-gain (-24),education-num (-23),occupation (-5)
38337,24.227900574877605,capital-gain (-24),education-num (-23),workclass (-17)
47730,58.68614641002202,capital-gain (-24),education-num (-23),occupation (-20)
13302,54.890932196313905,marital-status (-58),capital-gain (-24),hours-per-week (-5)
38693,106.98979290659,capital-gain (-24),education-num (-23),capital-loss (-4)
46857,-79.70921362607754,marital-status (-75),capital-gain (-24),education (-21)
23176,-217.0681792204724,marital-status (-93),relationship (-58),hours-per-week (-34)
31026,118.40869161650747,capital-gain (-24),education-num (-23),age (-9)
6180,-149.53209223952476,occupation (-74),marital-status (-58),workclass (-32)
7076,-59.87420478148728,marital-status (-93),capital-gain (-24),age (-21)
21192,-94.47557500792847,marital-status (-93),relationship (-58),age (-26)
48693,-89.77170206352119,occupation (-65),marital-status (-60),capital-gain (-24)
7596,13.038312158071795,workclass (-32),capital-gain (-24),education-num (-23)
41387,51.29373417565587,capital-gain (-24),education-num (-23),occupation (-20)
48764,-211.68287249279214,marital-status (-93),occupation (-65),hours-per-week (-34)
8592,-71.75838040644862,marital-status (-60),age (-29),capital-gain (-24)
3696,-152.32134191757504,marital-status (-60),relationship (-58),capital-gain (-24)
16906,-244.75678834528222,marital-status (-93),occupation (-74),relationship (-58)
1962,101.48655881203406,capital-gain (-24),education-num (-23),occupation (-4)
8714,-166.97977267123574,occupation (-65),marital-status (-60),capital-gain (-24)
13965,99.54083370540118,capital-gain (-24),education-num (-23),workclass (-17)
28426,68.43769134520186,hours-per-week (-79),capital-gain (-24),education-num (-23)
33681,110.82227747386922,capital-gain (-24),education-num (-23),capital-loss (-4)
8401,-290.8355685939668,marital-status (-93),education-num (-87),occupation (-65)
36642,-167.27964763866916,marital-status (-93),relationship (-58),capital-gain (-24)
33792,-91.16477566708994,marital-status (-60),capital-gain (-24),education-num (-23)
11023,-68.21295859652,marital-status (-93),relationship (-60),capital-gain (-24)
42587,-41.52278576600537,education-num (-87),capital-gain (-24),occupation (-20)
14430,-192.62180161748577,marital-status (-93),relationship (-58),age (-32)
25287,-298.0893033631093,marital-status (-93),education-num (-87),native-country (-67)
12270,114.85352897097043,capital-gain (-24),capital-loss (-4),workclass (-3)
9515,132.33562324295949,capital-gain (-24),education-num (-23),capital-loss (-4)
15583,-405.32909929657353,marital-status (-93),education-num (-66),occupation (-65)
25544,28.08497010063347,marital-status (-93),capital-gain (-24),age (-21)
14033,-95.40062109626129,hours-per-week (-84),marital-status (-75),capital-gain (-24)
7014,-66.88690865376768,marital-status (-93),capital-gain (-24),age (-21)
38233,-384.58533610518623,marital-status (-93),education-num (-66),occupation (-65)
3927,-243.20760082168877,marital-status (-60),relationship (-58),hours-per-week (-46)
24626,-106.86606432219756,marital-status (-60),capital-gain (-24),education-num (-23)
5529,-141.13328020056318,marital-status (-93),age (-27),capital-gain (-24)
1700,75.66731977812881,age (-27),capital-gain (-24),hours-per-week (-23)
28090,103.40366462011052,capital-gain (-24),capital-loss (-4),education-num (-2)
40608,117.18782473158467,hours-per-week (-34),workclass (-32),capital-gain (-24)
33124,72.15282129242424,capital-gain (-24),native-country (-22),workclass (-17)
35955,-47.97528727668539,marital-status (-58),capital-gain (-24),education-num (-23)
10698,58.927241862100026,workclass (-32),capital-gain (-24),education-num (-23)
16554,-107.14966383084695,marital-status (-93),relationship (-58),capital-gain (-24)
46341,-335.6276945979706,marital-status (-93),occupation (-65),relationship (-58)
23572,-136.1806794945805,marital-status (-93),relationship (-58),capital-gain (-24)
8723,-67.39534636416951,marital-status (-54),capital-gain (-24),relationship (-8)
34964,-353.2507330674628,education-num (-130),marital-status (-93),relationship (-58)
33590,-245.67328906829832,marital-status (-93),relationship (-60),hours-per-week (-37)
25686,-351.19169037651704,education-num (-108),marital-status (-93),occupation (-65)
43877,119.49166352861194,capital-gain (-24),education-num (-23),occupation (-4)
27927,-52.19603755661228,marital-status (-93),age (-26),capital-gain (-24)
10938,2.4545056855234177,marital-status (-60),capital-gain (-24),age (-14)
43987,103.44863903947349,capital-gain (-24),education-num (-23),capital-loss (-4)
17913,79.60251584161944,capital-gain (-24),education (-21),workclass (-17)
48363,96.56587444532062,capital-gain (-24),occupation (-5),capital-loss (-4)
45081,-140.19118663601373,marital-status (-93),capital-gain (-24),education-num (-23)
1499,-44.80751595157856,marital-status (-93),relationship (-60),capital-gain (-24)
43265,-25.508745035555823,education-num (-130),capital-gain (-24),capital-loss (-4)
32643,-1.1757023625763001,relationship (-60),marital-status (-58),capital-gain (-24)
32736,-26.64962142526497,marital-status (-93),capital-gain (-24),age (-21)
30338,78.55699059192088,capital-gain (-24),age (-24),education-num (-23)
41720,54.24915264935512,capital-gain (-24),education-num (-23),workclass (-17)
41180,-162.6231991132755,marital-status (-93),native-country (-50),capital-gain (-24)
29527,-268.3346467152286,marital-status (-93),education-num (-66),hours-per-week (-34)
13886,-100.96362627799596,marital-status (-93),relationship (-58),capital-gain (-24)
20728,-115.28613152944149,marital-status (-93),relationship (-58),capital-gain (-24)
46553,-244.74596864013515,education-num (-130),relationship (-60),occupation (-51)
8909,-124.20428598987587,marital-status (-93),age (-29),capital-gain (-24)
7808,108.09162367989242,capital-gain (-24),education-num (-23),capital-loss (-4)
72,-30.023298151887424,native-country (-50),capital-gain (-24),education-num (-23)
16259,-193.42058991885088,marital-status (-75),hours-per-week (-73),relationship (-60)
43882,-132.82047935536727,marital-status (-60),capital-gain (-24),education-num (-23)
46739,84.60920201369554,capital-gain (-24),education-num (-23),capital-loss (-4)
46509,-85.19650136398374,marital-status (-75),capital-gain (-24),education-num (-23)
48467,-99.6566538134526,marital-status (-93),workclass (-32),capital-gain (-24)
29559,101.50697595570455,hours-per-week (-43),capital-gain (-24),education-num (-23)
26991,-176.78895678670833,education-num (-87),occupation (-65),relationship (-58)
30742,-181.97254341017347,marital-status (-93),hours-per-week (-46),age (-27)
40145,21.88130490986568,marital-status (-60),capital-gain (-24),education-num (-23)
38150,-201.28193493618204,marital-status (-93),occupation (-65),capital-gain (-24)
19931,-240.1164622234032,marital-status (-93),relationship (-58),age (-34)
33343,-89.56855980413891,marital-status (-93),relationship (-58),age (-26)
34646,-90.00724947393817,marital-status (-75),occupation (-65),capital-loss (-4)
24302,88.91129288532085,capital-gain (-24),workclass (-17),capital-loss (-4)
37349,-2.606495144696585,marital-status (-60),capital-gain (-24),relationship (-8)
26232,-203.28792468262088,marital-status (-93),occupation (-65),education-num (-23)
10553,52.54092030876228,native-country (-50),capital-gain (-24),education-num (-23)
26664,-52.11644798836369,marital-status (-60),capital-gain (-24),age (-9)
47299,-189.34814621447163,marital-status (-93),relationship (-58),age (-29)
24327,69.51041503936449,marital-status (-60),workclass (-32),capital-gain (-24)
26989,22.798940549084737,marital-status (-75),capital-gain (-24),capital-loss (-4)
12585,-44.78271710376749,marital-status (-75),capital-gain (-24),education-num (-23)
3928,69.87775270013182,capital-gain (-24),education-num (-23),capital-loss (-4)
14544,-1.4016003575156877,education-num (-130),capital-gain (-24),capital-loss (-4)
25129,31.39507241260633,capital-gain (-24),education-num (-23),occupation (-20)
27718,-295.0987525030567,marital-status (-93),relationship (-58),hours-per-week (-50)
11936,-56.6055300614792,marital-status (-60),workclass (-32),capital-gain (-24)
7796,122.17423962123993,capital-gain (-24),occupation (-5),capital-loss (-4)
8040,-262.12506828394527,relationship (-58),marital-status (-58),native-country (-50)
2494,-2.1932060298455225,marital-status (-60),capital-gain (-24),education-num (-23)
35042,-26.349391924888184,marital-status (-60),capital-gain (-24),capital-loss (-4)
24451,49.910567756114496,capital-gain (-24),education-num (-23),age (-13)
9169,102.21003907013484,education-num (-44),capital-gain (-24),education (-8)
19647,-23.752727475191957,education-num (-66),capital-gain (-24),occupation (-20)
31654,-327.95561545930383,marital-status (-93),education-num (-66),relationship (-58)
44241,-92.40211347273615,marital-status (-60),capital-gain (-24),education-num (-23)
18887,-166.96755532157718,marital-status (-93),relationship (-58),age (-29)
23702,-232.01691334150334,marital-status (-93),hours-per-week (-68),relationship (-58)
14747,-191.13141713570877,marital-status (-93),relationship (-58),age (-31)
35820,-307.48174844781715,marital-status (-93),occupation (-51),hours-per-week (-46)
34986,-177.84136154451974,marital-status (-93),occupation (-74),relationship (-58)
46386,-131.33263637764009,marital-status (-93),occupation (-74),capital-gain (-24)
30107,16.773284429270287,marital-status (-93),capital-gain (-24),age (-21)
21349,-100.80332812959153,marital-status (-93),capital-gain (-24),age (-11)
14293,81.54589289011612,hours-per-week (-64),capital-gain (-24),capital-loss (-4)
42205,-43.96870436238163,occupation (-74),marital-status (-54),education-num (-23)
16596,-137.90591006057457,marital-status (-93),capital-gain (-24),age (-24)
17866,106.40982155902236,capital-gain (-24),capital-loss (-4),education-num (-2)
43132,-71.27593108835555,marital-status (-93),capital-gain (-24),occupation (-20)
5639,-40.54286671661941,marital-status (-54),hours-per-week (-46),capital-gain (-24)
2899,26.484589308085095,capital-gain (-24),education-num (-23),occupation (-20)
25040,-67.01536564092987,marital-status (-60),capital-gain (-24),education-num (-23)
23793,-279.7344355977394,marital-status (-93),relationship (-58),hours-per-week (-46)
38922,-264.0442268564614,marital-status (-93),relationship (-58),education-num (-44)
42093,7.9175867663540584,marital-status (-54),capital-gain (-24),relationship (-8)
46362,26.799309726127593,occupation (-65),capital-gain (-24),education (-9)
43696,-295.59915141394396,marital-status (-93),occupation (-65),relationship (-58)
26295,-178.58680977660947,marital-status (-93),relationship (-58),capital-gain (-24)
19029,102.54341516597351,capital-gain (-24),age (-11),occupation (-4)
46814,-68.29846999688073,native-country (-86),occupation (-65),workclass (-32)
14777,10.546509750613502,capital-gain (-24),education-num (-23),native-country (-18)
46216,-139.72231639977375,marital-status (-93),capital-gain (-24),age (-13)
3516,-89.40260044810819,marital-status (-93),capital-gain (-24),education-num (-23)
43740,-198.95026473632763,marital-status (-93),relationship (-58),hours-per-week (-34)
30632,66.17330449556897,marital-status (-93),capital-gain (-24),age (-14)
7620,59.57353111145472,native-country (-29),capital-gain (-24),age (-6)
31107,108.25639366280173,capital-gain (-24),occupation (-4),capital-loss (-4)
33808,2.6184969014698742,marital-status (-93),capital-gain (-24),age (-18)
46511,-353.1874563476871,marital-status (-93),occupation (-65),relationship (-58)
39417,-211.72873710736607,marital-status (-93),relationship (-58),age (-29)
1710,143.08759004946225,marital-status (-93),hours-per-week (-12),capital-loss (-4)
30955,141.1712448038193,capital-gain (-24),capital-loss (-4),education-num (-2)
41740,-65.69291657061095,education-num (-108),occupation (-51),capital-gain (-24)
38207,-186.38066742985723,marital-status (-93),occupation (-51),capital-gain (-24)
28148,-61.9052625538193,marital-status (-93),education-num (-23),age (-21)
17714,-236.7235515513395,marital-status (-93),relationship (-58),hours-per-week (-57)
43433,-464.5337446902031,education-num (-194),occupation (-97),marital-status (-75)
39439,-215.38637709960233,marital-status (-93),relationship (-58),age (-32)
18742,-122.66569368903484,marital-status (-93),workclass (-32),capital-gain (-24)
39910,100.66245433262058,education-num (-44),capital-gain (-24),education (-8)
27997,82.97237431218846,capital-gain (-24),education-num (-23),capital-loss (-4)
38193,137.57578234723456,capital-gain (-24),capital-loss (-4),education-num (-2)
36603,-182.67264710090075,marital-status (-93),occupation (-51),capital-gain (-24)
15564,58.641171990659046,capital-gain (-24),occupation (-20),hours-per-week (-12)
13422,-311.74490438427534,marital-status (-93),occupation (-65),relationship (-58)
13285,-235.53523880347979,education-num (-87),marital-status (-58),occupation (-51)
36615,-44.77386157546724,marital-status (-93),capital-gain (-24),occupation (-20)
28927,33.809789205146046,capital-gain (-24),education-num (-23),age (-18)
19362,-144.37890526817912,marital-status (-60),capital-gain (-24),education-num (-23)
24450,-271.54438354593674,marital-status (-93),relationship (-58),occupation (-51)
41419,-178.58680977660947,marital-status (-93),relationship (-58),capital-gain (-24)
23227,117.66185380709982,capital-gain (-24),age (-21),capital-loss (-4)
98,84.5514479518655,capital-gain (-24),education-num (-23),occupation (-4)
23992,-34.22485054256476,relationship (-58),hours-per-week (-34),workclass (-32)
36162,-370.83540863881933,marital-status (-93),occupation (-65),relationship (-58)
34416,-202.5919406487854,marital-status (-93),occupation (-65),relationship (-60)
859,28.12272785325476,hours-per-week (-34),capital-gain (-24),education-num (-23)
33729,-139.4964524990561,marital-status (-93),age (-26),capital-gain (-24)
43940,-219.31889181573627,education-num (-66),marital-status (-54),occupation (-51)
16228,69.22925817159643,capital-gain (-24),age (-6),occupation (-4)
22509,-41.9090943289211,marital-status (-60),capital-gain (-24),age (-24)
8336,-126.48260774510294,marital-status (-93),education-num (-66),capital-gain (-24)
19677,14.273703533234789,marital-status (-93),capital-gain (-24),workclass (-17)
6133,92.99958699841767,occupation (-65),capital-gain (-24),capital-loss (-4)
20457,84.86593135866013,capital-gain (-24),education-num (-23),capital-loss (-4)
30451,-109.41363448160615,occupation (-65),marital-status (-60),capital-gain (-24)
25845,82.0120947329516,capital-gain (-24),age (-21),capital-loss (-4)
18959,-169.02464793166587,marital-status (-93),occupation (-74),capital-gain (-24)
28156,70.38503577264959,workclass (-32),capital-gain (-24),education-num (-23)
15371,45.32533717752563,capital-gain (-24),education-num (-23),age (-19)
44473,-154.5183811813814,marital-status (-93),age (-27),capital-gain (-24)
36901,-19.852836774234785,occupation (-65),hours-per-week (-57),workclass (-32)
37814,-98.75295558299914,marital-status (-75),capital-gain (-24),education-num (-23)
9121,-232.66041473652538,marital-status (-93),relationship (-58),occupation (-51)
41087,75.81737830290562,workclass (-32),capital-gain (-24),capital-loss (-4)
28897,-16.13196855495025,education-num (-151),capital-gain (-24),capital-loss (-4)
32754,-284.48910467584284,occupation (-65),marital-status (-60),relationship (-58)
38128,-243.6178213258377,marital-status (-93),relationship (-58),age (-32)
37499,-3.320646586332849,native-country (-54),capital-gain (-24),education-num (-23)
9220,-196.45724914414524,marital-status (-93),relationship (-60),capital-gain (-24)
40290,-370.3515344462215,marital-status (-93),education-num (-66),relationship (-58)
13988,121.27469952890675,capital-gain (-24),education-num (-23),capital-loss (-4)
20324,-129.58819544456364,occupation (-65),marital-status (-60),capital-gain (-24)
3341,-121.62645565496823,education-num (-130),occupation (-74),workclass (-32)
32003,82.97237431218846,capital-gain (-24),education-num (-23),capital-loss (-4)
38729,100.1167113480052,marital-status (-93),capital-gain (-24),capital-loss (-4)
24357,37.19276855600097,occupation (-74),capital-gain (-24),education-num (-23)
42598,120.24334765615313,capital-gain (-24),education (-9),age (-6)
34775,-17.147240786289938,marital-status (-60),capital-gain (-24),capital-loss (-4)
44941,-279.72852205347215,marital-status (-93),relationship (-58),occupation (-51)
577,84.3417035495932,capital-gain (-24),education-num (-23),capital-loss (-4)
42311,-68.57221950322693,marital-status (-60),capital-gain (-24),education-num (-23)
30910,123.04559703819547,capital-gain (-24),capital-loss (-4),education-num (-2)
16947,118.83105585793864,age (-19),workclass (-17),occupation (-4)
3235,-302.07999657199804,marital-status (-93),relationship (-58),native-country (-50)
27156,67.38015731786362,marital-status (-93),capital-gain (-24),age (-16)
30242,126.08280512370646,capital-gain (-24),education-num (-23),age (-6)
46727,-205.58823492199983,marital-status (-93),occupation (-51),age (-32)
41950,-221.28220485230622,marital-status (-93),relationship (-58),hours-per-week (-34)
33370,-340.36033319973285,marital-status (-93),occupation (-65),relationship (-58)
9300,-3.195705454782572,occupation (-51),capital-gain (-24),education-num (-23)
8613,-153.42671726397538,marital-status (-93),capital-gain (-24),education-num (-23)
6254,-34.77016448414384,marital-status (-58),relationship (-8),capital-loss (-4)
45663,39.18680997155944,capital-gain (-24),education-num (-23),age (-21)
14223,140.83725998494413,capital-gain (-24),capital-loss (-4),education-num (-2)
28425,1.0963707690629245,marital-status (-60),capital-gain (-24),capital-loss (-4)
29595,-94.00416801707246,marital-status (-60),capital-gain (-24),education-num (-23)
34486,-81.5309348240381,marital-status (-93),capital-gain (-24),age (-6)
29614,-126.59305403304916,marital-status (-93),relationship (-58),age (-26)
3316,-151.12368490912024,occupation (-65),marital-status (-60),capital-gain (-24)
33659,-99.2549894570999,marital-status (-93),occupation (-65),hours-per-week (-46)
48322,-181.46746000312075,relationship (-58),marital-status (-58),capital-gain (-24)
17515,-220.25081076523068,education-num (-66),occupation (-65),marital-status (-58)
45941,10.89854656294749,marital-status (-93),capital-gain (-24),age (-16)
40362,-179.2112547587335,marital-status (-75),occupation (-65),workclass (-32)
25901,-20.58776265114413,marital-status (-60),capital-gain (-24),capital-loss (-4)
8907,12.203521888669982,occupation (-65),native-country (-29),capital-gain (-24)
36663,111.11587502086775,capital-gain (-24),education-num (-23),occupation (-5)
7403,-127.46546446900726,marital-status (-60),capital-gain (-24),education-num (-23)
19853,-259.94949179351346,marital-status (-93),hours-per-week (-64),relationship (-58)
46333,-77.30284222520996,marital-status (-75),capital-gain (-24),education-num (-23)
5438,-298.8728068169581,marital-status (-93),occupation (-65),relationship (-58)
8650,132.34477517800232,capital-gain (-24),education (-9),capital-loss (-4)
30688,-196.64971941490086,marital-status (-93),occupation (-65),capital-gain (-24)
43680,90.35401742741688,capital-gain (-24),education-num (-23),age (-8)
1732,-20.870346065523155,marital-status (-60),relationship (-60),capital-gain (-24)
21458,-19.557563559416796,marital-status (-60),capital-gain (-24),occupation (-5)
12787,89.1197890914582,capital-gain (-24),age (-11),education (-9)
44738,42.866697539441574,marital-status (-75),capital-gain (-24),relationship (-8)
1358,25.11392516257319,marital-status (-93),capital-gain (-24),capital-loss (-4)
10407,96.32135688587756,capital-gain (-24),age (-19),capital-loss (-4)
21227,4.706579023581258,marital-status (-93),capital-gain (-24),age (-24)
37242,-33.829548726031305,occupation (-74),capital-gain (-24),education-num (-23)
20269,57.58431563671958,capital-gain (-24),education-num (-23),occupation (-20)
41498,-110.71822045515765,marital-status (-54),capital-gain (-24),education-num (-23)
24621,115.28789389691278,capital-gain (-24),hours-per-week (-5),capital-loss (-4)
501,56.30064401424583,education-num (-108),native-country (-50),education (-7)
6802,-75.11953030925525,marital-status (-60),capital-gain (-24),education-num (-23)
21108,102.38430299561661,capital-gain (-24),education-num (-23),age (-8)
24175,-297.4865976307557,education-num (-194),marital-status (-54),native-country (-50)
987,55.74376968134855,marital-status (-93),capital-gain (-24),age (-13)
5397,-80.2649595894043,marital-status (-60),capital-gain (-24),education-num (-23)
11261,-112.92762524079214,marital-status (-58),capital-gain (-24),education-num (-23)
35341,-75.62012969477533,marital-status (-60),hours-per-week (-37),capital-gain (-24)
15479,-69.94965896065165,marital-status (-75),education-num (-44),capital-gain (-24)
20687,-243.43509204578032,marital-status (-93),relationship (-58),hours-per-week (-34)
23967,-132.87330182941787,marital-status (-93),capital-gain (-24),education-num (-23)
15028,-106.5930320070745,marital-status (-93),capital-gain (-24),education-num (-23)
21125,-319.70457979605857,education-num (-130),marital-status (-93),occupation (-51)
22641,-214.22833179816757,occupation (-97),marital-status (-93),capital-gain (-24)
31697,-124.76500318549239,marital-status (-93),capital-gain (-24),education-num (-23)
20127,-81.7570162166858,marital-status (-60),capital-gain (-24),age (-16)
4914,66.98360688746413,education-num (-66),capital-gain (-24),education (-19)
23763,-118.83747030929186,occupation (-65),marital-status (-58),capital-gain (-24)
661,-63.4204599386369,education-num (-108),occupation (-51),capital-gain (-24)
19147,19.306777480588917,occupation (-51),capital-gain (-24),age (-14)
24804,-71.67854525764173,marital-status (-60),capital-gain (-24),education (-21)
31294,-204.40852441152057,marital-status (-93),relationship (-58),capital-gain (-24)
44854,39.03475571646191,capital-gain (-24),education-num (-23),age (-21)
1831,111.12469847157139,capital-gain (-24),capital-loss (-4),education-num (-2)
14561,143.8193829485746,capital-gain (-24),hours-per-week (-19),education (-9)
15525,-79.34245481405372,marital-status (-93),workclass (-32),capital-gain (-24)
31189,-310.70393989331114,marital-status (-93),education-num (-66),relationship (-58)
29638,137.77922645784986,hours-per-week (-46),capital-gain (-24),capital-loss (-4)
46731,41.62315266767286,education-num (-44),capital-gain (-24),education (-8)
4053,30.135467255995184,education-num (-130),capital-gain (-24),capital-loss (-4)
573,-114.55368382316149,marital-status (-58),capital-gain (-24),education-num (-23)
33432,4.857146085728243,education-num (-66),occupation (-51),capital-gain (-24)
7212,100.97747902876633,capital-gain (-24),education-num (-23),capital-loss (-4)
14965,-266.98372259848645,marital-status (-93),occupation (-65),relationship (-58)
29977,99.27677173239383,workclass (-32),capital-gain (-24),education-num (-23)
7389,-212.04619719204683,marital-status (-93),relationship (-58),capital-gain (-24)
24792,13.547056077639791,marital-status (-58),workclass (-32),capital-gain (-24)
965,-216.09904362900167,marital-status (-93),relationship (-58),age (-32)
24499,89.73406263514856,marital-status (-60),capital-gain (-24),education-num (-23)
1895,-131.81510352206922,occupation (-97),marital-status (-60),capital-gain (-24)
27586,-185.08434565357797,marital-status (-93),relationship (-58),occupation (-51)
25472,37.942383218634646,capital-gain (-24),education-num (-23),occupation (-20)
34443,-27.85777407833083,hours-per-week (-34),workclass (-32),capital-gain (-24)
41859,-81.36157331421126,education-num (-87),marital-status (-60),capital-gain (-24)
13818,-101.01221683659782,occupation (-97),marital-status (-93),capital-gain (-24)
7240,-186.19097693657724,marital-status (-93),relationship (-58),capital-gain (-24)
11087,37.14119866999024,age (-27),capital-gain (-24),education-num (-23)
6086,-54.1730944671764,marital-status (-60),capital-gain (-24),education-num (-23)
34685,-321.2533977098525,marital-status (-93),occupation (-65),relationship (-58)
44086,117.61838454932877,capital-gain (-24),education (-21),age (-8)
35884,-152.92737907246735,occupation (-65),marital-status (-60),capital-gain (-24)
24841,-155.18463681875872,marital-status (-60),relationship (-58),capital-gain (-24)
12651,-68.78749648615461,marital-status (-75),capital-gain (-24),education-num (-23)
13017,18.51741959075179,occupation (-51),capital-gain (-24),education-num (-23)
36898,-192.91595734380024,marital-status (-93),relationship (-58),capital-gain (-24)
34696,-483.5673257630535,education-num (-194),marital-status (-93),occupation (-74)
19917,18.92510169009768,education-num (-44),capital-gain (-24),occupation (-20)
27205,-194.7990234691949,marital-status (-93),relationship (-58),age (-31)
44236,62.03809167795419,capital-gain (-24),education-num (-23),age (-8)
25136,-434.02195456973186,marital-status (-93),education-num (-87),hours-per-week (-68)
48608,-62.96846724757698,marital-status (-93),capital-gain (-24),native-country (-22)
26429,-221.42151500886598,marital-status (-93),occupation (-51),age (-26)
47364,7.330850177421669,occupation (-65),hours-per-week (-34),capital-gain (-24)
32414,-146.85252211328012,marital-status (-93),relationship (-60),capital-gain (-24)
1524,-219.47851068895912,marital-status (-93),relationship (-58),age (-32)
46752,-34.74358153442964,marital-status (-93),capital-gain (-24),workclass (-17)
41599,121.3698741360563,capital-gain (-24),age (-13),capital-loss (-4)
845,-86.27903709034413,marital-status (-60),capital-gain (-24),workclass (-17)
6775,-127.17498510024566,marital-status (-60),capital-gain (-24),education-num (-23)
9728,138.76705080185502,capital-gain (-24),age (-9),hours-per-week (-5)
28850,-147.41309254248915,marital-status (-93),capital-gain (-24),education-num (-23)
621,-98.46587254241098,marital-status (-93),age (-29),capital-gain (-24)
2999,-403.6922715950665,marital-status (-93),education-num (-66),occupation (-65)
11755,27.029753092186194,capital-gain (-24),age (-24),education-num (-23)
6475,-81.19903838382186,marital-status (-60),capital-gain (-24),age (-18)
21709,8.479484591507234,age (-27),capital-gain (-24),education-num (-23)
45563,129.70642057082227,workclass (-32),education-num (-23),age (-4)
2,107.4720589975377,capital-gain (-24),education (-21),age (-18)
12479,-132.40690774412306,marital-status (-93),capital-gain (-24),age (-14)
31916,-85.19650136398374,marital-status (-75),capital-gain (-24),education-num (-23)
46618,96.79859975225217,capital-gain (-24),occupation (-4),capital-loss (-4)
36582,-3.094835645500514,marital-status (-58),capital-gain (-24),education-num (-23)
19823,-15.23468877549915,marital-status (-93),capital-gain (-24),hours-per-week (-12)
32728,-91.20538750564599,marital-status (-93),relationship (-58),age (-27)
21750,-221.23723043294325,marital-status (-93),relationship (-58),age (-32)
34714,62.709977048381916,workclass (-32),capital-gain (-24),education-num (-23)
22484,-54.23647726229148,marital-status (-58),capital-gain (-24),education-num (-23)
3700,-251.03660165038895,marital-status (-93),occupation (-65),relationship (-58)
17490,42.58536785905355,capital-gain (-24),education-num (-23),occupation (-20)
34742,-183.4972928811307,marital-status (-93),relationship (-58),age (-29)
8783,73.95451391932578,marital-status (-54),workclass (-32),capital-gain (-24)
28938,57.48368363445728,capital-gain (-24),education-num (-23),occupation (-20)
48540,-214.3881274874178,education-num (-87),marital-status (-75),occupation (-65)
10376,-11.492143761224574,marital-status (-93),capital-gain (-24),occupation (-5)
47827,-35.19887796343606,occupation (-74),capital-gain (-24),education-num (-23)
43884,123.3191747210287,capital-gain (-24),education-num (-23),age (-4)
29947,-30.738486061608615,marital-status (-58),capital-gain (-24),education-num (-23)
31631,-340.719964560691,marital-status (-93),education-num (-87),relationship (-58)
29225,-162.47958562339545,marital-status (-93),age (-29),capital-gain (-24)
3486,19.937278502056788,capital-gain (-24),education-num (-23),occupation (-20)
31536,-121.18891445560001,marital-status (-58),capital-gain (-24),education-num (-23)
39465,77.21442139599726,capital-gain (-24),age (-16),capital-loss (-4)
25858,-181.23436368549227,marital-status (-75),relationship (-58),capital-gain (-24)
20769,-82.1005763696485,marital-status (-93),capital-gain (-24),age (-22)
2633,93.47130119796573,occupation (-51),capital-gain (-24),capital-loss (-4)
23583,-260.6275001078591,marital-status (-93),relationship (-58),age (-32)
48423,-114.96158332365599,marital-status (-60),capital-gain (-24),age (-16)
1693,-210.00107037192208,marital-status (-93),occupation (-65),capital-gain (-24)
35592,-189.34814621447163,marital-status (-93),relationship (-58),age (-29)
38887,-219.56855236563064,occupation (-65),marital-status (-60),hours-per-week (-55)
40905,-71.55068567260739,marital-status (-60),relationship (-8),occupation (-5)
41335,77.21442139599726,capital-gain (-24),age (-16),capital-loss (-4)
24607,-259.22339771328353,marital-status (-93),relationship (-58),age (-31)
44556,-211.01191759973037,marital-status (-93),relationship (-58),hours-per-week (-46)
43294,-5.607306463624174,marital-status (-93),capital-gain (-24),age (-21)
38431,66.86082664208226,capital-gain (-24),education-num (-23),capital-loss (-4)
1004,79.6987189091743,capital-gain (-24),education-num (-23),capital-loss (-4)
7324,57.72083247657856,education-num (-108),capital-gain (-24),education (-7)
4933,38.77802637149731,age (-26),capital-gain (-24),education-num (-23)
32715,55.1463033865681,capital-gain (-24),education-num (-23),age (-9)
8590,22.166027530656258,marital-status (-93),age (-14),occupation (-5)
29121,-190.16166911892432,marital-status (-93),capital-gain (-24),education-num (-23)
30002,-135.64960297654264,marital-status (-60),capital-gain (-24),education-num (-23)
11564,-213.30649037214948,marital-status (-93),occupation (-74),capital-gain (-24)
33871,52.40633406809602,capital-gain (-24),education-num (-23),occupation (-20)
33235,80.687052082146,capital-gain (-24),occupation (-4),capital-loss (-4)
38697,5.920445633294141,occupation (-65),capital-gain (-24),education-num (-23)
16189,-128.46394123953874,marital-status (-93),age (-31),capital-gain (-24)
45315,-177.89049023715063,marital-status (-93),relationship (-60),capital-gain (-24)
19890,-112.03230882190202,marital-status (-93),age (-26),capital-gain (-24)
32042,21.256078065561308,occupation (-51),capital-gain (-24),education-num (-23)
5163,98.00975447339538,occupation (-74),capital-gain (-24),capital-loss (-4)
27650,-336.27824115024157,marital-status (-93),education-num (-87),relationship (-60)
9173,54.71193846062577,capital-gain (-24),education-num (-23),age (-14)
47893,88.44969126180747,capital-gain (-24),education-num (-23),age (-21)
10184,31.991318879585645,marital-status (-60),capital-gain (-24),age (-16)
17381,-50.7118125454994,education-num (-130),hours-per-week (-73),capital-gain (-24)
48805,-254.10052221135223,marital-status (-93),relationship (-60),hours-per-week (-57)
1185,-226.4545411161219,native-country (-67),occupation (-65),marital-status (-60)
2638,-127.97315238959163,marital-status (-93),relationship (-58),capital-gain (-24)
21208,-223.18433683712948,relationship (-58),hours-per-week (-57),marital-status (-54)
5184,13.182368810579346,education-num (-130),capital-gain (-24),occupation (-4)
45361,69.37085755014613,marital-status (-60),capital-gain (-24),capital-loss (-4)
23070,-165.06133745219768,marital-status (-93),hours-per-week (-75),relationship (-58)
28490,116.8888227501421,education-num (-130),workclass (-32),capital-gain (-24)
20196,84.60920201369554,capital-gain (-24),education-num (-23),capital-loss (-4)
17628,-306.9497597211714,marital-status (-93),education-num (-66),relationship (-58)
36660,-32.859077239433375,education-num (-66),occupation (-65),capital-gain (-24)
9073,-389.260772783943,marital-status (-93),education-num (-87),occupation (-65)
14713,4.642968307736818,marital-status (-60),capital-gain (-24),age (-19)
2104,-47.32474695353174,marital-status (-93),capital-gain (-24),occupation (-20)
27697,-75.16220031983079,marital-status (-93),capital-gain (-24),education-num (-23)
13897,-245.13405084778663,marital-status (-93),education-num (-87),hours-per-week (-46)
40363,7.557273334801214,occupation (-65),capital-gain (-24),education-num (-23)
23525,-193.2294748611204,marital-status (-93),relationship (-60),age (-27)
14933,-429.34651789097506,marital-status (-93),hours-per-week (-68),education-num (-66)
23103,-13.614207466938977,marital-status (-93),workclass (-32),capital-gain (-24)
20952,74.94292450118849,capital-gain (-24),education-num (-23),hours-per-week (-12)
38110,-182.8008354084433,marital-status (-93),relationship (-58),capital-gain (-24)
47684,-54.30758615832677,marital-status (-54),capital-gain (-24),education-num (-23)
19654,-81.31997722198705,marital-status (-60),capital-gain (-24),education-num (-23)
1959,-172.95774895099086,marital-status (-93),age (-31),capital-gain (-24)
47760,-91.46594822498344,marital-status (-93),capital-gain (-24),age (-24)
48303,-101.0985516436993,marital-status (-60),capital-gain (-24),education-num (-23)
37534,-74.18456599779284,marital-status (-60),capital-gain (-24),education-num (-23)
4598,-95.35051634981795,marital-status (-60),capital-gain (-24),education-num (-23)
17802,-250.9282235785751,education-num (-108),occupation (-65),marital-status (-60)
28465,-24.894194440058865,marital-status (-93),capital-gain (-24),age (-14)
20257,39.26498705789568,occupation (-74),workclass (-32),capital-gain (-24)
26713,-270.3863652861816,marital-status (-93),relationship (-58),hours-per-week (-37)
10300,-422.8316591232847,marital-status (-93),education-num (-87),occupation (-65)
48226,-119.14171566069649,education-num (-108),occupation (-74),capital-gain (-24)
7824,-68.62949607766006,marital-status (-60),capital-gain (-24),education-num (-23)
44867,-327.39182780387733,education-num (-151),marital-status (-93),hours-per-week (-34)
46879,-96.80383135842592,marital-status (-93),capital-gain (-24),hours-per-week (-23)
1056,-228.2584746669196,marital-status (-93),relationship (-58),hours-per-week (-46)
23686,-50.57936377574185,marital-status (-60),capital-gain (-24),education (-21)
36758,32.265151485099274,marital-status (-93),capital-gain (-24),age (-8)
13542,-242.52141680041305,education-num (-108),occupation (-65),marital-status (-58)
43753,18.79506884490731,marital-status (-60),workclass (-32),capital-gain (-24)
32454,-192.62180161748577,marital-status (-93),relationship (-58),age (-32)
7635,99.3756501654031,occupation (-65),hours-per-week (-64),capital-gain (-24)
23028,-302.7926680271176,marital-status (-93),occupation (-65),relationship (-58)
32082,114.77403538736681,capital-gain (-24),education (-9),age (-8)
43471,-4.830307173398105,marital-status (-60),workclass (-17),hours-per-week (-10)
48348,-9.839843987316666,occupation (-74),workclass (-32),capital-gain (-24)
25861,9.575354092585103,marital-status (-93),hours-per-week (-28),capital-gain (-24)
12313,87.31969992916478,hours-per-week (-57),capital-gain (-24),capital-loss (-4)
805,74.54411827044962,marital-status (-60),capital-gain (-24),education-num (-2)
23481,-184.89061346521007,education-num (-130),marital-status (-60),capital-gain (-24)
35181,-73.21538788805911,marital-status (-54),capital-gain (-24),education-num (-23)
29302,-245.57210911202552,marital-status (-93),relationship (-58),capital-gain (-24)
39329,-321.84266957921784,marital-status (-93),education-num (-66),relationship (-58)
9583,-145.3187044035799,marital-status (-60),workclass (-32),capital-gain (-24)
11582,90.30111344836425,capital-gain (-24),age (-18),capital-loss (-4)
6303,-349.82882113093063,occupation (-97),marital-status (-93),education-num (-87)
28231,-87.16637784228254,marital-status (-60),capital-gain (-24),education-num (-23)
22126,115.90553524213247,capital-gain (-24),occupation (-4),capital-loss (-4)
29882,-337.2976670761988,education-num (-108),marital-status (-93),occupation (-65)
13587,-98.92712804547651,marital-status (-93),age (-32),capital-gain (-24)
41246,-69.15766261181898,marital-status (-93),capital-gain (-24),education (-21)
22855,123.0694292742559,capital-gain (-24),capital-loss (-4),education-num (-2)
41522,52.821141579741635,marital-status (-93),capital-gain (-24),age (-16)
40965,7.04720971197798,marital-status (-75),capital-gain (-24),relationship (-8)
26596,-63.14786018450145,marital-status (-93),capital-gain (-24),age (-24)
9253,-79.70588269316079,marital-status (-93),capital-gain (-24),hours-per-week (-23)
15711,-299.51915055733195,marital-status (-93),occupation (-65),relationship (-60)
35384,-8.550957220128854,occupation (-51),hours-per-week (-34),age (-26)
15552,87.91735416647889,hours-per-week (-57),capital-gain (-24),occupation (-5)
39954,29.553165383789064,education-num (-151),native-country (-50),workclass (-32)
16844,-225.95490976187799,marital-status (-93),occupation (-51),capital-gain (-24)
4133,-275.369150683615,marital-status (-93),hours-per-week (-68),relationship (-58)
12131,-403.92242078556313,marital-status (-93),education-num (-66),relationship (-58)
38640,-43.46712317368004,relationship (-58),age (-31),capital-gain (-24)
11821,-273.1113749177274,marital-status (-93),education-num (-66),relationship (-58)
44316,-189.77710522305668,marital-status (-93),relationship (-58),capital-gain (-24)
13794,-20.23263773971692,marital-status (-60),capital-gain (-24),relationship (-8)
43068,97.12294557755824,capital-gain (-24),education-num (-23),age (-9)
41070,3.1525376139166026,marital-status (-60),capital-gain (-24),education (-21)
15670,-257.10660756843936,education-num (-173),relationship (-60),marital-status (-58)
25172,-229.89530236842668,marital-status (-93),relationship (-58),hours-per-week (-46)
14377,-164.68966989218197,education-num (-108),hours-per-week (-68),native-country (-50)
19655,22.881639281531037,education-num (-87),capital-gain (-24),capital-loss (-4)
16056,-96.18807452569166,education-num (-66),occupation (-65),workclass (-32)
46082,-118.38713087897867,occupation (-65),marital-status (-60),capital-gain (-24)
18873,-149.29219128424893,marital-status (-93),hours-per-week (-46),workclass (-32)
18552,-132.54785317114192,marital-status (-93),age (-26),capital-gain (-24)
15014,68.96273758522159,capital-gain (-24),occupation (-20),age (-4)
5152,73.15140810314598,capital-gain (-24),education-num (-23),capital-loss (-4)
12266,-62.589882351637506,marital-status (-93),age (-26),capital-gain (-24)
47151,143.1447230072218,hours-per-week (-46),workclass (-32),capital-gain (-24)
22000,-99.3247140042487,marital-status (-60),capital-gain (-24),hours-per-week (-23)
40986,108.64891174197625,capital-gain (-24),education (-9),capital-loss (-4)
9953,129.10864237250314,native-country (-34),capital-gain (-24),age (-14)
9977,45.32533717752563,capital-gain (-24),education-num (-23),age (-19)
959,118.12233429120717,capital-gain (-24),education-num (-23),occupation (-4)
43894,144.37300793470334,capital-gain (-24),capital-loss (-4),education-num (-2)
40248,118.88413184917258,hours-per-week (-28),capital-gain (-24),education-num (-23)
37936,-206.1770460132249,marital-status (-93),relationship (-58),hours-per-week (-46)
33104,45.832620250043405,workclass (-32),capital-gain (-24),education-num (-23)
14550,-34.322287779195044,marital-status (-93),education-num (-23),age (-21)
41839,118.44758681713954,capital-gain (-24),education-num (-23),capital-loss (-4)
19325,-287.64530003013374,marital-status (-93),relationship (-60),occupation (-51)
6238,64.1316264427479,capital-gain (-24),education-num (-23),occupation (-20)
39147,-125.87299715846878,education-num (-151),occupation (-74),native-country (-50)
22011,-77.6410307084889,marital-status (-93),capital-gain (-24),age (-21)
47223,-174.84881031482107,marital-status (-58),age (-32),capital-gain (-24)
28468,-153.0508901064782,occupation (-65),marital-status (-60),capital-gain (-24)
15969,112.75270272237483,capital-gain (-24),education-num (-23),occupation (-5)
8710,-194.2587672522214,marital-status (-93),relationship (-60),age (-32)
24561,110.33442884054438,marital-status (-93),capital-gain (-24),capital-loss (-4)
39149,89.51968511821677,capital-gain (-24),education-num (-23),capital-loss (-4)
9559,80.95523837901214,capital-gain (-24),education-num (-23),age (-4)
1897,-310.85641895647177,marital-status (-93),occupation (-74),relationship (-60)
2283,-149.60789807686015,marital-status (-93),capital-gain (-24),education-num (-23)
17106,-72.11445075725547,marital-status (-75),capital-gain (-24),education-num (-23)
32603,-134.17351309649757,marital-status (-60),relationship (-60),capital-gain (-24)
11084,-135.12002866864418,marital-status (-93),occupation (-74),age (-26)
38115,19.91826695959995,occupation (-74),capital-gain (-24),education-num (-23)
17301,-56.312208533138545,marital-status (-93),capital-gain (-24),capital-loss (-4)
28678,54.12773299714895,occupation (-51),capital-gain (-24),education (-9)
29271,77.44142636194564,workclass (-32),capital-gain (-24),education-num (-23)
40898,42.25065705764604,capital-gain (-24),education-num (-23),age (-4)
7687,-323.4794972807249,marital-status (-93),education-num (-66),relationship (-58)
2959,-121.30771893837093,marital-status (-93),hours-per-week (-46),age (-32)
38591,-80.53762941852278,marital-status (-58),capital-gain (-24),education-num (-23)
3265,-104.37029801021603,marital-status (-60),capital-gain (-24),education-num (-23)
43192,-160.44506305640428,marital-status (-93),relationship (-58),capital-gain (-24)
10689,91.67837224545865,capital-gain (-24),age (-13),capital-loss (-4)
45953,52.88901083933944,workclass (-32),capital-gain (-24),education-num (-23)
43960,-115.63441237197006,marital-status (-93),capital-gain (-24),age (-24)
16627,-17.02042550363834,hours-per-week (-73),education-num (-66),capital-gain (-24)
17731,-81.15406396445889,marital-status (-60),capital-gain (-24),education-num (-23)
37273,17.986226938303663,occupation (-74),workclass (-32),capital-gain (-24)
6259,-92.3673403155654,marital-status (-60),capital-gain (-24),education-num (-23)
1543,-104.62419224633189,marital-status (-93),capital-gain (-24),age (-6)
47786,107.46741138745078,capital-gain (-24),education-num (-23),occupation (-5)
3031,-27.648023323921183,marital-status (-93),age (-22),occupation (-4)
31118,-65.56101273354463,marital-status (-93),age (-29),capital-gain (-24)
46637,-272.1527757788327,marital-status (-93),relationship (-58),occupation (-51)
41946,-1.3401707738726583,hours-per-week (-34),age (-32),capital-gain (-24)
33105,-81.90986842975741,marital-status (-93),capital-gain (-24),age (-19)
28524,-113.97429542905641,marital-status (-60),occupation (-51),capital-gain (-24)
41908,-23.841262175650723,marital-status (-60),capital-gain (-24),education-num (-23)
11125,-65.8885958580727,marital-status (-93),capital-gain (-24),education (-21)
10415,110.49205157307438,capital-gain (-24),education-num (-23),age (-6)
10599,-7.872465826396401,marital-status (-60),capital-gain (-24),age (-14)
42268,-132.19130051025434,marital-status (-93),occupation (-74),capital-gain (-24)
15620,-177.73269605065568,marital-status (-60),relationship (-58),capital-gain (-24)
17773,61.40313482383484,capital-gain (-24),education-num (-23),occupation (-5)
30985,94.50097826177499,hours-per-week (-46),education-num (-23),workclass (-17)
14697,-107.53421431644594,marital-status (-75),hours-per-week (-41),capital-gain (-24)
34374,-43.30731054792032,marital-status (-60),capital-gain (-24),education (-21)
35914,-110.7174134063215,marital-status (-75),occupation (-65),capital-gain (-24)
19922,-135.41326715572538,marital-status (-93),age (-26),capital-gain (-24)
1101,137.91966731707367,capital-gain (-24),occupation (-20),native-country (-11)
7977,-3.970478762117101,marital-status (-93),capital-gain (-24),age (-19)
150,-234.66469477346897,marital-status (-93),occupation (-65),hours-per-week (-59)
43624,-141.42375956932477,marital-status (-93),capital-gain (-24),education-num (-23)
35933,-147.73834506842152,marital-status (-93),capital-gain (-24),education-num (-23)
16311,-52.129849309077784,marital-status (-93),age (-26),capital-gain (-24)
48058,-62.40733013494884,relationship (-60),hours-per-week (-34),age (-32)
8763,-215.8470430696655,marital-status (-60),relationship (-58),hours-per-week (-34)
36337,-113.29867742419125,marital-status (-58),workclass (-32),capital-gain (-24)
41991,-127.71554339969376,education-num (-87),marital-status (-75),capital-gain (-24)
4845,104.00046807315263,marital-status (-93),capital-gain (-24),age (-24)
13308,-234.72068956106793,marital-status (-93),relationship (-58),workclass (-32)
16303,-72.25459036518514,education-num (-108),occupation (-74),capital-gain (-24)
46635,58.41995878958226,capital-gain (-24),education-num (-23),age (-6)
24764,-205.25745372924084,marital-status (-93),occupation (-65),capital-gain (-24)
41478,110.39854921105022,capital-gain (-24),education (-9),capital-loss (-4)
7180,-360.530568237179,marital-status (-93),education-num (-66),relationship (-58)
44302,-242.03673716283132,marital-status (-93),relationship (-58),hours-per-week (-46)
20280,-70.80492374954936,education-num (-130),capital-gain (-24),hours-per-week (-23)
36093,13.417834225477057,marital-status (-54),capital-gain (-24),education-num (-23)
35999,131.75766121419747,workclass (-32),capital-gain (-24),age (-9)
26397,99.65808111031821,capital-gain (-24),education-num (-23),occupation (-5)
24935,23.384101193001413,marital-status (-93),capital-gain (-24),education-num (-23)
32791,48.40654479281956,capital-gain (-24),education-num (-23),workclass (-17)
46098,39.57921092014172,capital-gain (-24),education-num (-23),occupation (-20)
18248,-173.24822831975246,marital-status (-93),capital-gain (-24),education-num (-23)
30598,-12.990491728889245,marital-status (-60),capital-gain (-24),relationship (-8)
35821,-85.29738667096058,marital-status (-93),capital-gain (-24),age (-11)
9519,142.4740876864512,capital-gain (-24),capital-loss (-4),education-num (-2)
38939,-297.05710127268327,marital-status (-93),occupation (-65),relationship (-60)
33634,-42.59077916989316,hours-per-week (-55),occupation (-51),capital-gain (-24)
41050,-242.20262747385897,marital-status (-93),occupation (-65),age (-32)
17155,-287.797311940408,education-num (-151),occupation (-65),marital-status (-60)
22629,-176.90514558896797,marital-status (-93),relationship (-60),age (-26)
48138,102.83214087460593,capital-gain (-24),education-num (-23),capital-loss (-4)
35191,100.30408391233367,education-num (-66),capital-gain (-24),education (-19)
862,-119.28132596147185,marital-status (-60),capital-gain (-24),education-num (-23)
24876,-215.62776404748493,occupation (-65),marital-status (-58),workclass (-32)
2202,56.473415963334844,marital-status (-93),capital-gain (-24),age (-18)
40467,121.3698741360563,capital-gain (-24),age (-13),capital-loss (-4)
37989,-101.48236656947114,marital-status (-58),capital-gain (-24),occupation (-20)
25737,-150.4650142031651,marital-status (-93),relationship (-58),capital-gain (-24)
38450,26.02192217128411,marital-status (-54),capital-gain (-24),hours-per-week (-8)
31855,-38.254646894870426,education-num (-173),hours-per-week (-46),capital-gain (-24)
17075,130.94945743916148,capital-gain (-24),education-num (-23),occupation (-4)
36096,-78.13793623725985,marital-status (-60),capital-gain (-24),education (-21)
26579,79.9554482541389,capital-gain (-24),education-num (-23),capital-loss (-4)
16119,48.9748415312072,marital-status (-93),capital-gain (-24),age (-11)
27762,-71.48149457769406,relationship (-58),capital-gain (-24),education-num (-23)
25969,-124.47516684600711,marital-status (-93),education-num (-44),age (-27)
38779,145.31727197259355,occupation (-51),capital-gain (-24),capital-loss (-4)
16315,-83.37597786197946,occupation (-65),hours-per-week (-57),age (-27)
4982,-128.23927507414356,marital-status (-93),capital-gain (-24),education-num (-23)
39052,-162.60128623772587,marital-status (-60),hours-per-week (-57),capital-gain (-24)
19153,130.65583044089504,workclass (-32),capital-gain (-24),capital-loss (-4)
43041,-169.22468027029524,relationship (-58),marital-status (-54),capital-gain (-24)
26049,-85.46493467273157,marital-status (-60),capital-gain (-24),relationship (-8)
45396,-152.92652789923727,marital-status (-93),hours-per-week (-34),capital-gain (-24)
26648,102.35048462372393,capital-gain (-24),capital-loss (-4),education-num (-2)
47677,-58.8089309001065,marital-status (-93),age (-26),capital-gain (-24)
29867,-316.5032274661116,marital-status (-93),education-num (-66),relationship (-58)
23726,79.16372198096965,capital-gain (-24),education-num (-23),age (-8)
18661,-118.21401602191119,marital-status (-93),age (-26),capital-gain (-24)
17273,26.72568476016312,workclass (-32),capital-gain (-24),hours-per-week (-23)
28722,70.382639438157,marital-status (-93),workclass (-32),capital-loss (-4)
12335,-149.03688160905455,education-num (-130),occupation (-97),hours-per-week (-57)
32525,59.789288026987016,capital-gain (-24),education-num (-23),age (-16)
29753,-266.37236390327973,education-num (-66),occupation (-65),marital-status (-58)
25120,-252.3896912337413,education-num (-108),marital-status (-60),occupation (-51)
18768,-67.8149247929592,marital-status (-60),capital-gain (-24),education-num (-23)
19377,-177.01708588628927,marital-status (-93),age (-27),capital-gain (-24)
15433,-202.2379301156391,occupation (-65),marital-status (-58),hours-per-week (-34)
34153,-14.083023403300762,marital-status (-60),capital-gain (-24),education-num (-23)
48252,52.03300998178947,marital-status (-93),workclass (-32),capital-gain (-24)
34251,51.238202738818295,workclass (-32),capital-gain (-24),education-num (-23)
43827,-26.531022141565952,marital-status (-93),capital-gain (-24),age (-16)
18163,97.43132466568305,workclass (-32),capital-gain (-24),education-num (-23)
16626,-38.344856914125145,marital-status (-93),workclass (-32),capital-gain (-24)
38539,-328.1549339594817,marital-status (-93),education-num (-87),relationship (-58)
48424,-85.72480457736438,marital-status (-93),capital-gain (-24),education-num (-23)
1451,-208.84070477221343,marital-status (-93),education-num (-66),capital-gain (-24)
35686,-129.26410226873054,marital-status (-93),capital-gain (-24),education-num (-23)
13344,-230.7906981778834,marital-status (-93),relationship (-58),age (-31)
35503,-84.24817690330727,marital-status (-58),education-num (-23),relationship (-8)
46730,2.3039879598246484,marital-status (-60),capital-gain (-24),relationship (-8)
39318,-290.21983352111585,marital-status (-93),occupation (-74),relationship (-58)
20362,-271.54438354593674,marital-status (-93),relationship (-58),occupation (-51)
34281,66.06910036891301,capital-gain (-24),education-num (-23),age (-21)
9031,-235.5827238374625,marital-status (-60),relationship (-60),occupation (-51)
46718,-337.3757274935813,marital-status (-93),occupation (-65),relationship (-60)
12736,60.8343957969142,education-num (-130),native-country (-29),occupation (-20)
41410,47.19218676029394,capital-gain (-24),education-num (-23),occupation (-20)
20162,-85.44718596806334,marital-status (-75),hours-per-week (-34),capital-gain (-24)
45020,-28.66321057971319,education-num (-66),capital-gain (-24),occupation (-20)
41836,-52.52819826444806,marital-status (-60),capital-gain (-24),workclass (-17)
17926,101.90179801216006,hours-per-week (-46),capital-gain (-24),education-num (-23)
7695,-136.80717728834577,marital-status (-60),hours-per-week (-46),capital-gain (-24)
25725,22.914091319868916,education-num (-66),capital-gain (-24),education (-19)
1285,-153.78760981894555,education-num (-87),marital-status (-60),hours-per-week (-34)
16433,-63.09728735011471,marital-status (-93),relationship (-60),capital-gain (-24)
8951,-219.94129650022978,marital-status (-93),relationship (-58),age (-29)
12340,18.29911589244255,marital-status (-93),capital-gain (-24),age (-18)
42819,-229.86126902164693,marital-status (-93),relationship (-60),capital-gain (-24)
31963,-225.19864920864137,marital-status (-93),occupation (-74),age (-29)
13739,81.90238045577917,age (-27),capital-gain (-24),education-num (-23)
5811,-149.3751727699286,marital-status (-93),capital-gain (-24),education-num (-23)
13383,8.25814725315543,education-num (-87),hours-per-week (-52),capital-gain (-24)
9558,2.9385004655181293,occupation (-51),age (-31),capital-gain (-24)
44040,-339.34522940592893,marital-status (-93),education-num (-87),relationship (-58)
30495,39.60731016847987,capital-gain (-24),education-num (-23),native-country (-22)
8662,-110.83604926423567,marital-status (-93),age (-31),capital-gain (-24)
11817,-62.76671494133566,education-num (-108),occupation (-65),capital-gain (-24)
36392,-33.23641596792675,occupation (-51),education-num (-44),capital-gain (-24)
9898,-305.68224443815984,marital-status (-93),hours-per-week (-84),relationship (-58)
7918,16.339681416772834,capital-gain (-24),hours-per-week (-23),education-num (-23)
46016,-104.37029801021603,marital-status (-60),capital-gain (-24),education-num (-23)
27469,-56.42439426642994,relationship (-60),native-country (-38),capital-gain (-24)
38494,-211.8949085605875,education-num (-87),marital-status (-58),occupation (-51)
44869,18.572793137568386,education-num (-130),capital-gain (-24),capital-loss (-4)
16508,47.23840347164945,occupation (-74),workclass (-32),education-num (-23)
47960,-197.32728136798642,education-num (-87),marital-status (-58),capital-gain (-24)
3716,118.06245187826354,education-num (-23),age (-16),hours-per-week (-5)
30345,72.31576495028331,capital-gain (-24),education-num (-23),occupation (-20)
8102,-134.30367760686556,marital-status (-93),relationship (-60),capital-gain (-24)
24881,-111.17150305236021,marital-status (-93),capital-gain (-24),age (-13)
45593,-0.45340486303948535,marital-status (-60),capital-gain (-24),education-num (-23)
38588,0.5817779246797166,marital-status (-75),workclass (-32),native-country (-27)
3771,-273.26353494041246,marital-status (-93),occupation (-65),relationship (-58)
13630,87.36912052871979,capital-gain (-24),age (-19),capital-loss (-4)
46782,-386.61843519126774,marital-status (-93),education-num (-66),occupation (-65)
44634,-88.58149565959593,marital-status (-60),capital-gain (-24),education (-9)
13153,-28.0881244757157,marital-status (-93),capital-gain (-24),hours-per-week (-23)
45583,-46.82690918049005,marital-status (-93),capital-gain (-24),capital-loss (-4)
8105,-55.56777299257254,marital-status (-60),capital-gain (-24),occupation (-5)
46824,-69.7612732134267,marital-status (-93),age (-27),capital-gain (-24)
10860,17.378239543843694,occupation (-65),capital-gain (-24),education-num (-23)
31377,-228.4555655869723,marital-status (-93),hours-per-week (-59),relationship (-58)
17348,19.70299078113031,education-num (-44),capital-gain (-24),education (-8)
32080,-164.38432180978683,marital-status (-93),hours-per-week (-34),age (-32)
43648,-279.54334728233846,marital-status (-93),occupation (-65),relationship (-58)
19742,-311.30499049368325,education-num (-130),marital-status (-75),occupation (-65)
39177,-442.8770489062988,marital-status (-93),native-country (-86),education-num (-66)
1427,-345.19608273926985,marital-status (-93),education-num (-87),relationship (-58)
34258,-194.28542451443354,marital-status (-93),relationship (-60),capital-gain (-24)
15944,-176.90766823950776,marital-status (-75),occupation (-65),capital-gain (-24)
22306,52.456295688674444,capital-gain (-24),education-num (-23),age (-16)
26724,-436.55522597881054,marital-status (-93),education-num (-87),occupation (-65)
24669,68.50329092285179,marital-status (-93),workclass (-17),age (-6)
43989,-44.34949290499637,education-num (-130),capital-gain (-24),occupation (-20)
39577,43.63075541418852,capital-gain (-24),education-num (-23),age (-8)
22991,-63.67148323335241,marital-status (-93),capital-gain (-24),age (-22)
14866,-273.6957404048039,marital-status (-93),occupation (-65),relationship (-58)
22844,95.03988000826806,capital-gain (-24),education-num (-23),occupation (-4)
31209,145.4636443870615,capital-gain (-24),age (-11),capital-loss (-4)
18044,-292.5682225306263,marital-status (-93),education-num (-87),relationship (-58)
30349,-19.692725355891678,hours-per-week (-68),occupation (-65),capital-gain (-24)
3811,-304.617456587548,marital-status (-93),education-num (-87),relationship (-58)
203,-12.048499232181529,marital-status (-60),capital-gain (-24),relationship (-8)
14263,-273.61050158708184,education-num (-151),hours-per-week (-77),marital-status (-75)
5342,-261.78438658689834,marital-status (-93),relationship (-58),hours-per-week (-46)
46359,-8.067272153387085,marital-status (-93),capital-gain (-24),capital-loss (-4)
36876,14.483446870484718,marital-status (-60),hours-per-week (-34),education-num (-23)
39581,-326.00463949829106,marital-status (-93),hours-per-week (-73),relationship (-58)
28626,-184.75767825156206,education-num (-87),occupation (-65),marital-status (-60)
1736,53.10238230916323,occupation (-74),workclass (-32),education-num (-23)
35280,-37.43177521405189,marital-status (-93),capital-gain (-24),age (-24)
33638,85.71103278699798,capital-gain (-24),education-num (-23),capital-loss (-4)
47311,119.78376829398859,capital-gain (-24),education-num (-23),occupation (-20)
44506,64.56996433303176,marital-status (-60),capital-gain (-24),relationship (-8)
2442,-37.66246655787425,marital-status (-93),capital-gain (-24),education (-21)
34798,-277.2708183306845,marital-status (-93),occupation (-74),relationship (-58)
28929,-143.6057510549329,marital-status (-93),capital-gain (-24),education-num (-23)
221,-153.14455010083591,marital-status (-93),capital-gain (-24),education-num (-23)
35498,-57.3069246681193,marital-status (-93),age (-26),capital-gain (-24)
6943,-289.4488562602523,marital-status (-93),relationship (-58),occupation (-51)
12244,-32.444581013748106,education-num (-130),occupation (-65),capital-gain (-24)
33117,101.76683691860345,capital-gain (-24),capital-loss (-4),education-num (-2)
31228,-227.6740611563537,marital-status (-93),occupation (-65),age (-29)
14347,-198.17344635195408,occupation (-74),marital-status (-60),workclass (-32)
25252,108.76172150954315,capital-gain (-24),education (-9),capital-loss (-4)
10059,-142.88647501754548,marital-status (-60),hours-per-week (-46),age (-32)
2519,143.94341887327175,marital-status (-58),capital-gain (-24),relationship (-8)
21035,-36.01463367255587,marital-status (-60),capital-gain (-24),education-num (-23)
10252,-228.65866831285365,marital-status (-93),relationship (-58),capital-gain (-24)
26192,-187.0990315640424,marital-status (-93),native-country (-86),capital-gain (-24)
25486,130.67085101224063,capital-gain (-24),education-num (-23),occupation (-5)
41745,-168.78866759900697,marital-status (-93),occupation (-51),capital-gain (-24)
28001,24.46054727807665,occupation (-65),capital-gain (-24),hours-per-week (-23)
1412,51.037004830691274,capital-gain (-24),education-num (-23),occupation (-20)
28548,28.20321325157321,capital-gain (-24),education-num (-23),age (-18)
1529,-286.12611830557375,marital-status (-93),education-num (-87),native-country (-50)
22159,-227.4711781602953,marital-status (-93),occupation (-65),capital-gain (-24)
26903,-304.42949572862466,marital-status (-93),occupation (-65),relationship (-58)
41146,-223.79859960836444,marital-status (-93),relationship (-58),age (-29)
45416,-223.34799156239836,marital-status (-93),relationship (-58),hours-per-week (-46)
6920,-264.96838802856917,marital-status (-93),relationship (-58),education-num (-44)
48266,-9.766447895110016,marital-status (-60),workclass (-32),capital-gain (-24)
27186,11.636348308840025,education-num (-151),capital-gain (-24),occupation (-4)
17068,-304.97508625003485,marital-status (-93),relationship (-58),education-num (-44)
4188,113.27868752342611,capital-gain (-24),capital-loss (-4),education-num (-2)
40214,-38.70351040113737,marital-status (-93),capital-gain (-24),education (-9)
44305,-88.07824563006642,marital-status (-93),capital-gain (-24),age (-13)
10690,-193.8673401280071,marital-status (-93),occupation (-65),capital-gain (-24)
2600,-33.12362094260284,marital-status (-93),capital-gain (-24),education (-21)
18780,-204.0804323261401,marital-status (-93),relationship (-58),age (-31)
2023,47.42058128100469,education-num (-130),capital-loss (-4),hours-per-week (-1)
31826,-84.774314203346,marital-status (-75),capital-gain (-24),hours-per-week (-23)
2249,82.32456761641691,capital-gain (-24),education-num (-23),age (-14)
14951,-283.58171007647866,marital-status (-93),relationship (-58),hours-per-week (-57)
37543,-316.6553874887966,marital-status (-93),occupation (-65),relationship (-58)
6752,-89.93759737631285,marital-status (-93),age (-31),capital-gain (-24)
22151,-195.78456551862803,education-num (-130),native-country (-67),marital-status (-54)
36285,-54.429823812140995,marital-status (-60),capital-gain (-24),education-num (-23)
11003,-254.80811677228493,marital-status (-93),relationship (-58),hours-per-week (-34)
47876,-104.33371287757029,marital-status (-93),capital-gain (-24),age (-19)
36945,-5.853335743952607,marital-status (-54),hours-per-week (-34),capital-gain (-24)
35931,11.663691058064417,marital-status (-75),capital-gain (-24),capital-loss (-4)
5281,80.01614869223326,capital-gain (-24),education-num (-23),occupation (-5)
40139,97.63721456943318,workclass (-32),capital-gain (-24),education-num (-23)
45240,-174.2661400111419,education-num (-130),occupation (-74),native-country (-50)
12021,34.481147182002196,marital-status (-60),education-num (-23),capital-loss (-4)
24622,-150.12597927213133,marital-status (-93),hours-per-week (-28),capital-gain (-24)
2909,-217.4258874413439,occupation (-65),marital-status (-60),hours-per-week (-46)
4463,69.04210954726915,capital-gain (-24),education-num (-23),occupation (-20)
10510,91.24058749269919,workclass (-32),education-num (-23),hours-per-week (-19)
23700,-236.17511471035266,marital-status (-93),relationship (-58),hours-per-week (-57)
24039,-181.64862172635515,education-num (-87),marital-status (-75),occupation (-51)
11752,-97.16148712136498,occupation (-74),education-num (-66),capital-gain (-24)
8802,92.32868700173397,hours-per-week (-46),age (-27),capital-gain (-24)
15578,-287.5860948863265,marital-status (-93),education-num (-66),relationship (-58)
16370,114.94230148011175,marital-status (-93),capital-gain (-24),capital-loss (-4)
10810,15.403955191865515,marital-status (-93),capital-gain (-24),age (-11)
46692,-27.091232006707056,occupation (-51),hours-per-week (-46),capital-gain (-24)
16436,93.12707344491098,capital-gain (-24),education-num (-23),capital-loss (-4)
20554,-197.044658189533,marital-status (-75),occupation (-65),hours-per-week (-55)
46761,-156.74827194563045,hours-per-week (-68),marital-status (-60),capital-gain (-24)
11598,74.73048174282302,capital-gain (-24),education-num (-23),occupation (-4)
36839,87.21546292584881,capital-gain (-24),age (-24),education (-9)
21516,-191.48340675140713,marital-status (-93),education-num (-66),age (-27)
37377,-213.36556480887316,marital-status (-93),relationship (-58),age (-31)
18813,-239.2092615247833,marital-status (-93),relationship (-58),education-num (-44)
23560,-49.07554789543009,marital-status (-54),capital-gain (-24),education-num (-23)
22963,-45.121563397424,marital-status (-60),capital-gain (-24),education (-9)
33870,-197.0118712037215,marital-status (-93),relationship (-60),capital-gain (-24)
41597,-47.37343322284495,marital-status (-60),capital-gain (-24),education-num (-23)
41125,68.24092499862473,capital-gain (-24),education-num (-23),capital-loss (-4)
18564,-74.19954009799753,marital-status (-93),capital-gain (-24),age (-19)
16715,-78.65672068902947,marital-status (-93),relationship (-58),capital-gain (-24)
33269,-180.93908080101886,marital-status (-93),relationship (-58),age (-29)
39569,73.35038338628053,capital-gain (-24),education-num (-23),occupation (-4)
18423,-85.16563591973681,marital-status (-75),capital-gain (-24),relationship (-8)
23066,93.83942775603266,capital-gain (-24),capital-loss (-4),workclass (-3)
7269,-18.808887028652446,marital-status (-60),capital-gain (-24),hours-per-week (-5)
39222,70.956602568775,capital-gain (-24),education-num (-23),occupation (-5)
14,139.39396940469874,education-num (-23),occupation (-20),capital-loss (-4)
28026,-48.416410870937725,marital-status (-93),capital-gain (-24),age (-9)
37703,-6.123811801682742,marital-status (-60),capital-gain (-24),capital-loss (-4)
28922,-109.13657046458707,marital-status (-93),relationship (-58),capital-gain (-24)
22136,4.32477148114926,occupation (-74),workclass (-32),capital-gain (-24)
16317,-221.8671634010893,marital-status (-93),relationship (-58),age (-29)
12103,111.05280619944126,capital-gain (-24),age (-4),capital-loss (-4)
44083,-242.72242551638098,marital-status (-93),relationship (-58),hours-per-week (-57)
24730,-132.2282058527295,hours-per-week (-68),marital-status (-60),capital-gain (-24)
30751,113.50519241017803,capital-gain (-24),capital-loss (-4),workclass (-3)
38809,50.235820282046866,capital-gain (-24),education-num (-23),age (-14)
30521,89.10949059719937,occupation (-51),capital-gain (-24),capital-loss (-4)
37255,-243.93528141051846,marital-status (-93),relationship (-58),capital-gain (-24)
24127,43.95600794012088,capital-gain (-24),education-num (-23),hours-per-week (-12)
11378,-149.43102648291816,occupation (-65),marital-status (-60),capital-gain (-24)
40294,-105.3868928739569,marital-status (-93),capital-gain (-24),age (-24)
25000,116.45939103153508,capital-gain (-24),age (-18),capital-loss (-4)
3703,3.140006797779665,relationship (-58),capital-gain (-24),age (-21)
14884,111.07578938464846,education-num (-23),occupation (-20),age (-14)
45931,-84.09393868536156,marital-status (-54),capital-gain (-24),occupation (-20)
4328,-195.28525429866056,hours-per-week (-68),occupation (-65),marital-status (-60)
6881,-174.24298737539033,marital-status (-93),relationship (-58),age (-26)
41779,83.70826064817646,workclass (-32),capital-gain (-24),education-num (-23)
22566,-259.76357429616917,marital-status (-93),hours-per-week (-68),relationship (-58)
37652,21.95734766337345,marital-status (-93),capital-gain (-24),age (-14)
37553,-259.76357429616917,marital-status (-93),hours-per-week (-68),relationship (-58)
13423,9.468418172452052,marital-status (-93),capital-gain (-24),capital-loss (-4)
17363,24.53353774433197,occupation (-74),workclass (-32),capital-gain (-24)
18347,117.30686084320502,capital-gain (-24),education-num (-23),capital-loss (-4)
20929,-152.21386136983793,marital-status (-93),hours-per-week (-57),capital-gain (-24)
33112,-210.42097622257276,marital-status (-93),relationship (-60),capital-gain (-24)
17933,-237.79468184818367,marital-status (-93),relationship (-58),workclass (-32)
9019,-328.1549339594817,marital-status (-93),education-num (-87),relationship (-58)
45806,130.64054529191483,capital-gain (-24),occupation (-5),capital-loss (-4)
7950,45.52431246066019,capital-gain (-24),education-num (-23),occupation (-4)
38535,129.9951068113277,capital-gain (-24),education-num (-23),capital-loss (-4)
12630,106.223952442517,workclass (-32),capital-gain (-24),hours-per-week (-12)
14867,-235.57897539034826,marital-status (-93),relationship (-58),occupation (-51)
26960,-210.05179334529547,marital-status (-93),education-num (-66),age (-34)
28561,-167.39047874869865,marital-status (-93),hours-per-week (-46),capital-gain (-24)
11680,116.57625772302819,capital-gain (-24),education-num (-23),age (-14)
39642,49.13267866508187,capital-gain (-24),education-num (-23),occupation (-20)
32604,-130.85646339032348,marital-status (-75),occupation (-65),capital-gain (-24)
30467,-104.93222031662745,education-num (-130),native-country (-50),capital-gain (-24)
47514,-28.42816415394874,education-num (-87),capital-gain (-24),occupation (-20)
18520,102.14382339720194,capital-gain (-24),occupation (-5),age (-4)
2190,-93.29087690734289,relationship (-58),marital-status (-58),capital-gain (-24)
44061,-38.367840000815896,education-num (-66),occupation (-51),capital-gain (-24)
28449,-99.75910869564271,marital-status (-60),occupation (-51),capital-gain (-24)
24102,-193.20544932260628,marital-status (-93),relationship (-58),age (-29)
22997,134.88993621043113,hours-per-week (-46),capital-gain (-24),education-num (-23)
36183,-389.260772783943,marital-status (-93),education-num (-87),occupation (-65)
35146,-281.6145399097879,marital-status (-93),occupation (-65),relationship (-58)
25826,-173.31002841671634,occupation (-65),marital-status (-58),capital-gain (-24)
3787,-215.1188786355,marital-status (-93),relationship (-58),capital-gain (-24)
43865,-335.12574611308406,occupation (-74),education-num (-66),relationship (-60)
8627,-34.61358194700867,marital-status (-93),occupation (-51),capital-gain (-24)
47438,-17.499221613295273,marital-status (-93),hours-per-week (-46),capital-gain (-24)
27192,78.06189120766722,capital-gain (-24),education-num (-23),capital-loss (-4)
9693,-30.386837435443727,marital-status (-93),hours-per-week (-57),capital-gain (-24)
14878,88.14576723154414,capital-gain (-24),education-num (-23),workclass (-17)
24236,74.78823580465306,capital-gain (-24),education-num (-23),capital-loss (-4)
10955,-12.27589186786364,marital-status (-93),capital-gain (-24),hours-per-week (-5)
15676,-13.891672090356648,marital-status (-93),capital-gain (-24),age (-21)
16002,-425.23646074652277,native-country (-130),marital-status (-93),relationship (-60)
3123,-204.9537226019174,marital-status (-93),relationship (-58),age (-27)
16448,4.700925860273101,marital-status (-75),capital-gain (-24),workclass (-17)
35693,-59.283621008307975,marital-status (-60),capital-gain (-24),relationship (-8)
11321,-98.87129569376452,marital-status (-60),capital-gain (-24),education-num (-23)
7765,58.373673526556715,capital-gain (-24),occupation (-20),age (-6)
31954,-97.68997087498181,marital-status (-93),relationship (-58),capital-gain (-24)
35497,100.91972496693627,capital-gain (-24),education-num (-23),occupation (-4)
3404,-6.216217958763633,marital-status (-93),capital-gain (-24),age (-13)
45651,8.450425173013157,marital-status (-60),capital-gain (-24),capital-loss (-4)
46321,-88.08943995101072,marital-status (-93),hours-per-week (-46),age (-27)
46611,61.68568463290677,capital-gain (-24),education-num (-23),age (-18)
33224,-89.60226356400659,marital-status (-93),capital-gain (-24),age (-4)
30855,-195.03013608911007,education-num (-130),marital-status (-75),hours-per-week (-57)
42003,45.30501479140625,occupation (-74),capital-gain (-24),education-num (-23)
48468,-329.98353675958003,marital-status (-93),hours-per-week (-64),relationship (-58)
6849,-222.4019568506386,education-num (-151),occupation (-65),marital-status (-60)
11393,140.20931116183428,age (-27),capital-gain (-24),capital-loss (-4)
31800,-99.53603954061597,marital-status (-93),capital-gain (-24),age (-24)
6685,60.05678649108933,capital-gain (-24),education-num (-23),age (-4)
1997,-154.91548181834,occupation (-65),marital-status (-60),relationship (-58)
46186,-321.2533977098525,marital-status (-93),occupation (-65),relationship (-58)
37753,-118.99084659271028,marital-status (-60),capital-gain (-24),education-num (-23)
28840,-200.69289787438393,marital-status (-75),occupation (-65),workclass (-32)
1584,-150.2454731884306,education-num (-151),occupation (-97),native-country (-34)
8977,126.25264338489066,workclass (-32),capital-gain (-24),capital-loss (-4)
17100,87.29010642667502,capital-gain (-24),education-num (-23),occupation (-4)
6589,94.2896445994842,workclass (-32),capital-gain (-24),education-num (-23)
4396,-14.497899389029447,education-num (-87),capital-gain (-24),age (-14)
42036,-351.7109415069603,marital-status (-93),hours-per-week (-68),education-num (-66)
18944,-38.56472396625209,marital-status (-60),capital-gain (-24),workclass (-17)
7848,-83.0476576389313,marital-status (-75),hours-per-week (-34),capital-gain (-24)
10828,-269.90200058989234,marital-status (-93),relationship (-58),hours-per-week (-46)
16476,-194.214584626024,education-num (-151),relationship (-60),native-country (-50)
31957,-276.4550045836865,marital-status (-93),relationship (-60),occupation (-51)
15913,-258.6654198804196,marital-status (-93),relationship (-58),hours-per-week (-34)
6772,-20.89439530134138,marital-status (-93),capital-gain (-24),capital-loss (-4)
34664,-9.587416284508212,education-num (-87),capital-gain (-24),age (-9)
48439,-219.82203658096455,marital-status (-93),occupation (-65),age (-32)
2049,24.179124349474062,marital-status (-75),capital-gain (-24),capital-loss (-4)
45314,-197.00708076212774,marital-status (-93),occupation (-65),age (-27)
38361,-68.5844684923197,marital-status (-60),capital-gain (-24),education (-21)
16204,-189.9482821995876,occupation (-65),marital-status (-60),relationship (-60)
1873,-260.2944591699354,marital-status (-93),education-num (-87),hours-per-week (-57)
29945,-259.26410855183053,education-num (-173),marital-status (-75),occupation (-51)
39769,64.54705118273262,occupation (-74),capital-gain (-24),education (-9)
37824,54.39085591957359,education-num (-44),capital-gain (-24),education (-8)
29878,72.27242158441236,occupation (-74),capital-gain (-24),capital-loss (-4)
3515,-40.28823059092582,education-num (-130),occupation (-74),workclass (-32)
38708,131.7276210080543,capital-gain (-24),age (-8),occupation (-4)
15399,-101.9456184319481,marital-status (-93),capital-gain (-24),education (-21)
5408,-147.78781003248218,education-num (-66),marital-status (-58),capital-gain (-24)
12228,-263.14097098277324,marital-status (-93),occupation (-65),workclass (-32)
34197,-53.57601097441105,marital-status (-93),native-country (-50),capital-gain (-24)
12298,-41.86910006490942,marital-status (-93),capital-gain (-24),occupation (-5)
25387,-287.328281393488,education-num (-130),marital-status (-75),relationship (-60)
21346,-271.8313163835895,education-num (-173),marital-status (-54),native-country (-50)
21766,-158.18122069894747,education-num (-87),marital-status (-60),capital-gain (-24)
31745,-190.37361522077205,education-num (-66),marital-status (-58),age (-27)
710,43.329757009027844,occupation (-65),age (-24),education-num (-23)
8486,43.2930532159547,native-country (-67),education-num (-44),age (-14)
47883,-260.36449183437225,marital-status (-93),relationship (-58),occupation (-51)
45013,123.33082166080243,capital-gain (-24),education-num (-23),occupation (-20)
42475,-47.907257533888114,marital-status (-60),capital-gain (-24),workclass (-17)
10048,-81.47449929048604,occupation (-65),marital-status (-60),capital-gain (-24)
5840,10.641215818619855,education-num (-151),native-country (-50),workclass (-32)
40921,-279.3208399541262,marital-status (-93),relationship (-58),education-num (-44)
36756,-354.82428404919415,marital-status (-93),occupation (-65),relationship (-58)
48702,-4.661940661332534,occupation (-65),capital-gain (-24),education-num (-23)
39707,-8.925444515455009,education-num (-87),workclass (-32),capital-gain (-24)
41109,106.98227494319858,hours-per-week (-34),capital-gain (-24),age (-16)
47595,-297.67480742988755,education-num (-108),marital-status (-93),occupation (-65)
38177,-125.83035340542415,marital-status (-93),relationship (-58),capital-gain (-24)
22063,-77.67306363248522,marital-status (-93),age (-26),capital-gain (-24)
13574,143.1026453571801,workclass (-32),capital-gain (-24),age (-8)
16942,51.45181234233687,marital-status (-93),capital-gain (-24),age (-6)
24815,-268.27072814292256,marital-status (-93),relationship (-58),occupation (-51)
46148,142.1439231962874,hours-per-week (-86),capital-gain (-24),capital-loss (-4)
7216,15.73184459657314,education-num (-173),capital-gain (-24),native-country (-13)
9439,-2.230310234559906,marital-status (-60),capital-gain (-24),education (-9)
5643,-92.0524708925644,education-num (-87),marital-status (-58),capital-gain (-24)
24985,14.482110821620283,occupation (-65),marital-status (-60),capital-gain (-24)
34400,2.823044681088267,occupation (-74),workclass (-32),capital-gain (-24)
14381,64.96726959561057,capital-gain (-24),education-num (-23),capital-loss (-4)
46189,21.28020472743723,workclass (-32),capital-gain (-24),education-num (-23)
23502,-114.92020474038947,marital-status (-93),age (-27),capital-gain (-24)
27462,51.506703546239535,hours-per-week (-34),workclass (-32),capital-gain (-24)
38731,-226.78911530441502,marital-status (-93),relationship (-58),capital-gain (-24)
12230,-186.69472364922368,marital-status (-60),relationship (-58),capital-gain (-24)
10600,44.93703595392775,occupation (-65),workclass (-32),capital-gain (-24)
13812,-77.60061671301855,marital-status (-93),capital-gain (-24),age (-13)
15344,56.78313108807518,capital-gain (-24),education-num (-23),age (-8)
27504,120.8160183466537,capital-gain (-24),occupation (-4),capital-loss (-4)
36951,95.19563850728957,capital-gain (-24),education-num (-23),occupation (-5)
23220,-221.82087813806376,marital-status (-93),relationship (-58),age (-29)
4578,-227.5671423286762,marital-status (-93),relationship (-60),capital-gain (-24)
40411,44.96474980961463,occupation (-65),capital-gain (-24),capital-loss (-4)
24032,-23.40174903831257,education-num (-108),workclass (-32),capital-gain (-24)
9754,19.339043727194447,marital-status (-93),capital-gain (-24),relationship (-8)
17621,-15.781224909709602,marital-status (-93),capital-gain (-24),age (-18)
41548,83.49423373792325,capital-gain (-24),age (-21),capital-loss (-4)
19722,-197.23722995262443,marital-status (-93),occupation (-51),age (-31)
34539,97.16882669754753,capital-gain (-24),education-num (-23),capital-loss (-4)
3686,107.27774046951342,marital-status (-75),capital-gain (-24),education-num (-23)
6152,-255.28745611759027,marital-status (-93),hours-per-week (-64),relationship (-58)
24700,132.59906478313562,capital-gain (-24),capital-loss (-4),education-num (-2)
30444,-93.70417205748996,marital-status (-93),capital-gain (-24),education-num (-23)
2996,26.250017679451474,marital-status (-60),capital-gain (-24),capital-loss (-4)
30443,127.17057175222814,capital-gain (-24),education (-21),age (-9)
30821,-182.18969784195843,marital-status (-75),occupation (-65),hours-per-week (-57)
42994,-133.52687931116003,marital-status (-60),relationship (-58),capital-gain (-24)
26205,16.76714286740355,education-num (-108),capital-gain (-24),education (-7)
43275,31.12757394850401,capital-gain (-24),education-num (-23),occupation (-20)
48394,-5.866812617470887,education-num (-130),capital-gain (-24),capital-loss (-4)
12237,-221.23723043294325,marital-status (-93),relationship (-58),age (-32)
29017,17.46705350374808,marital-status (-60),capital-gain (-24),education (-9)
15673,-178.11198615345046,marital-status (-93),occupation (-65),capital-gain (-24)
46753,66.60409729711766,capital-gain (-24),education-num (-23),capital-loss (-4)
7985,-52.99199016992479,occupation (-65),workclass (-32),capital-gain (-24)
25785,-294.33886701675357,education-num (-87),occupation (-74),marital-status (-58)
48619,-119.43645812518727,marital-status (-60),capital-gain (-24),education-num (-23)
36434,-62.1017730667211,marital-status (-60),capital-gain (-24),education (-9)
15873,6.022192252214016,marital-status (-54),capital-gain (-24),education-num (-23)
47528,118.82745260230527,education-num (-44),capital-gain (-24),education (-8)
44123,-223.34799156239836,marital-status (-93),relationship (-58),hours-per-week (-46)
16718,-78.15239921314671,marital-status (-93),capital-gain (-24),age (-8)
7109,-277.5288944043316,marital-status (-93),relationship (-58),hours-per-week (-57)
16014,-110.70907442338711,marital-status (-93),workclass (-32),capital-gain (-24)
34256,-287.7872640712304,native-country (-67),education-num (-66),relationship (-58)
21073,24.847761606578022,capital-gain (-24),education-num (-23),occupation (-20)
31465,-175.43702285295242,occupation (-65),marital-status (-60),capital-gain (-24)
42731,-142.95455804657212,marital-status (-93),capital-gain (-24),age (-24)
5927,-96.76563416713134,marital-status (-60),capital-gain (-24),education (-9)
5642,-154.26324129205278,relationship (-58),marital-status (-58),capital-gain (-24)
24546,-142.19863042049494,marital-status (-93),relationship (-58),capital-gain (-24)
13703,136.1640508863125,capital-gain (-24),capital-loss (-4),education-num (-2)
7201,-184.0191523068655,marital-status (-93),relationship (-58),capital-gain (-24)
29746,-101.12309231306324,marital-status (-93),occupation (-51),capital-gain (-24)
35475,39.02216831645419,hours-per-week (-55),capital-gain (-24),education-num (-23)
7249,74.38833977789449,age (-26),capital-gain (-24),education (-9)
35562,32.97010395467583,education-num (-87),capital-gain (-24),capital-loss (-4)
3044,-107.18220756382951,marital-status (-58),capital-gain (-24),education-num (-23)
25226,95.80233701959084,capital-gain (-24),education-num (-23),capital-loss (-4)
23744,-61.917287355059,marital-status (-93),capital-gain (-24),relationship (-8)
25864,-202.89064576868097,marital-status (-93),occupation (-65),workclass (-32)
46355,-149.8824587988707,marital-status (-93),relationship (-58),capital-gain (-24)
5562,-42.99105943399144,marital-status (-60),capital-gain (-24),education (-21)
33252,132.65629095081925,hours-per-week (-73),workclass (-32),capital-gain (-24)
26860,60.01050122806379,capital-gain (-24),occupation (-20),age (-4)
39736,-71.69290482227966,marital-status (-75),relationship (-60),capital-gain (-24)
31771,-92.91250409966648,marital-status (-60),capital-gain (-24),education-num (-23)
39398,-52.112244275168244,marital-status (-93),relationship (-58),capital-gain (-24)
26671,125.26523564671825,capital-gain (-24),education-num (-23),capital-loss (-4)
40836,-13.992184714476563,relationship (-60),capital-gain (-24),education-num (-23)
12620,-50.82311963233511,marital-status (-75),capital-gain (-24),education-num (-23)
11676,-97.24166254305266,marital-status (-93),workclass (-32),capital-gain (-24)
21717,-21.353040572942387,marital-status (-93),capital-gain (-24),capital-loss (-4)
9356,-184.7506262620216,education-num (-173),occupation (-74),native-country (-50)
14525,-365.2433541895415,marital-status (-93),education-num (-87),occupation (-65)
20244,-63.900927384369005,marital-status (-75),hours-per-week (-46),capital-gain (-24)
22831,0.24481641007160415,occupation (-51),capital-gain (-24),education-num (-23)
5537,-143.30169819040552,marital-status (-60),relationship (-60),capital-gain (-24)
22758,31.237997192176568,capital-gain (-24),education-num (-23),hours-per-week (-17)
47709,-348.8335214041308,marital-status (-93),occupation (-65),relationship (-60)
26868,-75.20970541065748,marital-status (-60),capital-gain (-24),age (-9)
35605,60.231285276995145,marital-status (-60),capital-gain (-24),education (-21)
44871,-315.07613971969613,native-country (-130),marital-status (-93),relationship (-58)
27375,46.73396251409362,marital-status (-60),capital-gain (-24),capital-loss (-4)
6684,-266.2780064637691,marital-status (-93),native-country (-86),relationship (-58)
19992,26.95972333567619,occupation (-74),workclass (-32),capital-gain (-24)
18716,-183.4904823348003,marital-status (-93),occupation (-65),capital-gain (-24)
29233,121.68234701952161,capital-gain (-24),education-num (-23),age (-6)
16155,58.82514891931042,marital-status (-60),capital-gain (-24),relationship (-8)
35769,-44.13556355077531,marital-status (-60),capital-gain (-24),age (-11)
10541,101.87671888074962,capital-gain (-24),education-num (-23),hours-per-week (-12)
28267,-55.31805318388152,occupation (-65),native-country (-38),capital-gain (-24)
7511,-174.84030305215305,education-num (-173),marital-status (-75),capital-gain (-24)
32856,-254.6526622703041,marital-status (-93),occupation (-65),age (-27)
27593,-59.520088563891065,hours-per-week (-73),marital-status (-60),capital-gain (-24)
32521,-69.78025582511259,marital-status (-93),capital-gain (-24),education (-9)
32867,-106.45746514203631,marital-status (-58),capital-gain (-24),education-num (-23)
23349,-36.63707460588991,occupation (-65),age (-27),capital-gain (-24)
47092,-22.56462719895494,marital-status (-60),capital-gain (-24),education-num (-23)
26995,-142.1613912802643,education-num (-173),occupation (-65),hours-per-week (-34)
45213,-125.46858743998158,marital-status (-93),capital-gain (-24),age (-22)
19978,133.12695798675887,capital-gain (-24),education-num (-23),age (-18)
28020,74.17623529773296,capital-gain (-24),education-num (-23),capital-loss (-4)
24128,-148.28354325881838,marital-status (-93),age (-27),capital-gain (-24)
297,-208.839066293574,marital-status (-93),relationship (-58),age (-26)
42092,-36.43264865525279,marital-status (-60),capital-gain (-24),education-num (-23)
33968,-138.9249750174808,marital-status (-93),relationship (-58),capital-gain (-24)
10071,-124.12257306114992,marital-status (-93),relationship (-58),capital-gain (-24)
3370,75.83231251612546,capital-gain (-24),education-num (-23),occupation (-4)
122,-199.4824221050842,marital-status (-93),relationship (-58),age (-32)
26919,-325.6076238459543,marital-status (-93),occupation (-65),relationship (-58)
36941,-227.02184061134656,marital-status (-93),relationship (-58),capital-gain (-24)
7519,23.744595925168433,marital-status (-93),capital-gain (-24),capital-loss (-4)
30386,55.94748793521251,capital-gain (-24),education-num (-23),occupation (-20)
4931,-427.4963647131394,education-num (-130),marital-status (-93),relationship (-60)
29045,-43.23553661173813,marital-status (-60),hours-per-week (-34),capital-gain (-24)
29209,-164.58824993645862,marital-status (-60),relationship (-58),capital-gain (-24)
35014,70.13448204509642,capital-gain (-24),education-num (-23),capital-loss (-4)
28705,-339.00768653817346,education-num (-173),marital-status (-93),occupation (-74)
44330,-238.88402722332071,marital-status (-93),relationship (-60),capital-gain (-24)
7978,-53.440802806405486,marital-status (-60),capital-gain (-24),education-num (-23)
36560,-300.55460893782816,marital-status (-93),occupation (-65),relationship (-58)
13189,-56.8390221970312,marital-status (-93),capital-gain (-24),age (-19)
22344,-141.08542576783884,marital-status (-93),relationship (-58),capital-gain (-24)
48644,72.69841159642691,workclass (-32),capital-gain (-24),capital-loss (-4)
48311,-211.95037095689446,marital-status (-93),occupation (-65),age (-31)
17495,-322.3339684429402,marital-status (-93),occupation (-65),relationship (-58)
17825,-125.12444804853888,education-num (-151),marital-status (-60),capital-gain (-24)
45393,142.44671832901193,capital-gain (-24),age (-9),capital-loss (-4)
5895,-40.75589541225331,marital-status (-93),capital-gain (-24),workclass (-17)
27446,-57.51351622963659,marital-status (-93),capital-gain (-24),age (-4)
35833,-74.29762013094361,marital-status (-60),capital-gain (-24),relationship (-8)
30146,-154.0954443053475,occupation (-65),marital-status (-60),hours-per-week (-55)
45473,114.86145853066007,capital-gain (-24),capital-loss (-4),education-num (-2)
47076,67.97342653452242,capital-gain (-24),education-num (-23),age (-8)
19865,86.48709280774392,marital-status (-93),capital-gain (-24),age (-19)
25747,59.9990324292593,capital-gain (-24),education-num (-23),occupation (-4)
30638,-71.32934017349694,marital-status (-93),occupation (-74),capital-gain (-24)
12820,-148.21052323933225,marital-status (-93),workclass (-32),capital-gain (-24)
46690,-64.67366695260131,marital-status (-60),capital-gain (-24),hours-per-week (-12)
2952,-369.67185927683624,native-country (-130),occupation (-65),marital-status (-60)
17043,-64.95270113892826,marital-status (-60),capital-gain (-24),education-num (-23)
2122,50.15216735019991,marital-status (-75),hours-per-week (-73),capital-gain (-24)
43664,-51.6066384787539,marital-status (-93),relationship (-58),workclass (-32)
21150,-113.22228681282496,occupation (-65),marital-status (-60),capital-gain (-24)
5354,-114.96878150422535,marital-status (-93),capital-gain (-24),workclass (-17)
12812,-219.68040908705674,marital-status (-93),hours-per-week (-86),age (-31)
20229,107.48589463416255,capital-gain (-24),education-num (-23),capital-loss (-4)
8812,-258.03590756072515,marital-status (-93),occupation (-65),hours-per-week (-46)
36063,-94.34506178586605,marital-status (-60),capital-gain (-24),workclass (-17)
8281,-381.0982172926149,education-num (-130),marital-status (-93),relationship (-58)
9207,-69.20755838873023,marital-status (-60),capital-gain (-24),occupation (-20)
10953,95.9884446228808,capital-gain (-24),education (-21),occupation (-5)
6264,-302.4656260157976,education-num (-130),marital-status (-93),occupation (-74)
41703,105.35296520508292,capital-gain (-24),education-num (-23),capital-loss (-4)
9598,-130.04718973622948,marital-status (-93),occupation (-74),workclass (-32)
8185,88.67221530654682,capital-gain (-24),age (-4),capital-loss (-4)
20958,134.548365368108,capital-gain (-24),education-num (-23),capital-loss (-4)
3233,-432.1858083680469,marital-status (-93),hours-per-week (-73),education-num (-66)
15400,-66.09327892417392,education-num (-66),occupation (-51),capital-gain (-24)
32554,144.7330357420668,capital-gain (-24),education (-9),capital-loss (-4)
19925,-65.64238689671069,education-num (-108),capital-gain (-24),age (-22)
47099,-75.93444783245067,marital-status (-60),capital-gain (-24),relationship (-8)
35218,-326.4712425053671,marital-status (-93),relationship (-58),occupation (-51)
6615,101.78883043330717,capital-gain (-24),education-num (-23),occupation (-5)
27599,-153.0508901064782,occupation (-65),marital-status (-60),capital-gain (-24)
6065,-33.77759878208672,marital-status (-58),capital-gain (-24),age (-14)
4026,-50.01787443745593,marital-status (-58),capital-gain (-24),relationship (-8)
24599,116.4743986268816,capital-gain (-24),education-num (-23),occupation (-5)
18110,-78.93040350917033,marital-status (-60),capital-gain (-24),education-num (-23)
26901,-3.040105478479888,education-num (-87),capital-gain (-24),capital-loss (-4)
47642,128.3683448290911,hours-per-week (-55),capital-gain (-24),capital-loss (-4)
33583,25.562378051379074,occupation (-65),capital-gain (-24),education-num (-23)
8765,-44.10997908202299,marital-status (-60),capital-gain (-24),occupation (-5)
10423,-64.37071580799582,marital-status (-93),capital-gain (-24),education-num (-23)
22532,-75.98101891391931,marital-status (-93),relationship (-58),age (-26)
16298,-181.97753061138891,marital-status (-93),capital-gain (-24),education-num (-23)
21222,69.41464804405729,capital-gain (-24),education-num (-23),age (-9)
34953,-161.52293594510058,marital-status (-93),capital-gain (-24),education-num (-23)
31024,-192.9997506252443,marital-status (-93),hours-per-week (-34),age (-32)
8405,-208.32689339680934,marital-status (-93),occupation (-51),capital-gain (-24)
48289,-170.1406310706093,education-num (-173),marital-status (-54),capital-gain (-24)
8271,-220.4113084503299,marital-status (-93),education-num (-66),age (-34)
26697,13.734629994878267,marital-status (-60),capital-gain (-24),occupation (-5)
18383,-123.90132969723152,marital-status (-60),capital-gain (-24),education-num (-23)
35439,-167.15183989749988,marital-status (-93),occupation (-51),capital-gain (-24)
18063,-347.2382494729636,marital-status (-93),education-num (-87),occupation (-65)
7051,-229.93032544882246,occupation (-65),relationship (-58),marital-status (-54)
28139,-1.5233987194487828,marital-status (-60),capital-gain (-24),education-num (-23)
44016,89.30083743103027,capital-gain (-24),education-num (-23),age (-13)
3507,-380.0256408269096,education-num (-130),marital-status (-93),relationship (-60)
13668,-91.87788566366925,marital-status (-60),capital-gain (-24),education-num (-23)
3891,-167.85397577978316,marital-status (-60),relationship (-58),capital-gain (-24)
41907,-146.3839500442366,marital-status (-93),workclass (-32),age (-27)
7892,-47.43815714248524,education-num (-130),hours-per-week (-73),capital-gain (-24)
44680,-163.95080805707454,occupation (-65),marital-status (-60),capital-gain (-24)
43017,52.63314484988774,marital-status (-93),capital-gain (-24),age (-14)
10723,60.05678649108933,capital-gain (-24),education-num (-23),age (-4)
10561,-271.3427126906379,marital-status (-93),education-num (-66),hours-per-week (-46)
42362,-239.30600884686146,education-num (-130),hours-per-week (-73),marital-status (-58)
37948,-108.97784284529814,marital-status (-60),relationship (-58),capital-gain (-24)
4628,72.31576495028331,capital-gain (-24),education-num (-23),occupation (-20)
19408,-52.72401806178309,marital-status (-93),relationship (-58),capital-gain (-24)
20303,-131.92210721501056,marital-status (-60),relationship (-58),capital-gain (-24)
44100,61.69361419259642,capital-gain (-24),education-num (-23),capital-loss (-4)
47484,-372.4722363403264,marital-status (-93),occupation (-65),relationship (-58)
34235,54.507867541481,marital-status (-93),capital-gain (-24),capital-loss (-4)
19964,-90.463014149956,marital-status (-60),capital-gain (-24),education-num (-23)
24112,135.6669585236777,capital-gain (-24),capital-loss (-4),age (-3)
38244,-171.23174685036076,occupation (-74),marital-status (-60),capital-gain (-24)
18056,-41.52278576600537,education-num (-87),capital-gain (-24),occupation (-20)
15282,58.4023751069204,capital-gain (-24),education-num (-23),age (-8)
38355,-271.54438354593674,marital-status (-93),relationship (-58),occupation (-51)
19305,-142.35696081133733,marital-status (-93),relationship (-58),capital-gain (-24)
14432,-72.0592270426769,education-num (-130),occupation (-51),capital-gain (-24)
27805,33.396323437462456,marital-status (-60),capital-gain (-24),relationship (-8)
47121,87.8828574167097,capital-gain (-24),education-num (-23),capital-loss (-4)
6341,-39.36859887514146,marital-status (-60),capital-gain (-24),relationship (-8)
38745,-252.9757389342105,marital-status (-93),occupation (-74),education-num (-66)
26974,-15.0732282310164,marital-status (-93),capital-gain (-24),age (-4)
7787,-102.22972359606251,marital-status (-93),capital-gain (-24),education-num (-23)
12594,-244.42872704473137,marital-status (-93),education-num (-66),hours-per-week (-46)
32506,4.207518183551584,education-num (-108),capital-gain (-24),education (-7)
23712,-65.32878855842546,marital-status (-60),capital-gain (-24),hours-per-week (-23)
24724,92.81717275729136,capital-gain (-24),education-num (-23),capital-loss (-4)
26073,0.33109284726467325,marital-status (-93),capital-gain (-24),age (-6)
5319,19.007160818124245,education-num (-44),capital-gain (-24),age (-19)
29035,-76.03383645766536,marital-status (-60),capital-gain (-24),education-num (-23)
23317,6.490224482520773,marital-status (-60),capital-gain (-24),relationship (-8)
18431,-220.03231106232323,marital-status (-93),education-num (-66),capital-gain (-24)
17506,-143.06058727083183,marital-status (-93),capital-gain (-24),education-num (-23)
7293,142.15054400420286,capital-gain (-24),occupation (-20),hours-per-week (-12)
23166,-31.174006781984854,marital-status (-93),capital-gain (-24),age (-9)
27760,-9.839843987316666,occupation (-74),workclass (-32),capital-gain (-24)
33579,-244.06402424603226,occupation (-65),marital-status (-58),hours-per-week (-55)
43345,-77.27062278396676,marital-status (-93),relationship (-58),capital-gain (-24)
13393,-98.00256584187983,marital-status (-60),capital-gain (-24),education-num (-23)
30095,105.53559170587124,age (-26),capital-gain (-24),capital-loss (-4)
34650,-37.14130890498975,marital-status (-60),capital-gain (-24),age (-11)
12215,75.65066989207212,marital-status (-60),capital-gain (-24),capital-loss (-4)
31333,-54.20122054867076,marital-status (-60),capital-gain (-24),education-num (-23)
29909,25.71784067907096,marital-status (-93),capital-gain (-24),age (-14)
24347,39.90724170492119,native-country (-86),workclass (-32),capital-gain (-24)
47399,127.8273489792555,capital-gain (-24),education-num (-23),capital-loss (-4)
5434,-122.13119372091711,marital-status (-58),capital-gain (-24),education-num (-23)
31176,-226.94279741106396,education-num (-151),marital-status (-93),native-country (-50)
41885,142.16951952989416,capital-gain (-24),education (-21),capital-loss (-4)
44647,110.93939455471191,capital-gain (-24),education-num (-23),age (-14)
1928,-125.64905812980805,marital-status (-60),capital-gain (-24),education-num (-23)
14905,32.039350483045816,marital-status (-60),capital-gain (-24),education (-9)
19061,116.74820101360761,capital-gain (-24),hours-per-week (-14),capital-loss (-4)
37088,66.99857060206854,workclass (-32),capital-gain (-24),education-num (-23)
23923,-168.34978509234807,marital-status (-75),occupation (-74),capital-gain (-24)
23294,16.663623099042628,capital-gain (-24),education-num (-23),occupation (-20)
21263,-232.47250029875343,marital-status (-93),relationship (-58),hours-per-week (-46)
21507,84.60920201369554,capital-gain (-24),education-num (-23),capital-loss (-4)
16876,-202.29175548754571,marital-status (-93),relationship (-58),capital-gain (-24)
28100,37.90022811398003,education-num (-108),capital-gain (-24),education (-7)
93,68.80589379792501,marital-status (-60),capital-gain (-24),occupation (-5)
29926,58.793046155540566,hours-per-week (-52),capital-gain (-24),occupation (-5)
23284,-109.48366411079567,marital-status (-60),capital-gain (-24),occupation (-20)
11225,109.47776677731987,capital-gain (-24),education-num (-23),capital-loss (-4)
29669,71.50748764005405,capital-gain (-24),age (-21),capital-loss (-4)
17759,-337.6205183458609,marital-status (-93),education-num (-66),relationship (-58)
27071,99.07810976275059,capital-gain (-24),hours-per-week (-12),occupation (-5)
3617,-195.1328943261035,marital-status (-93),relationship (-60),capital-gain (-24)
591,20.94360518209599,occupation (-51),capital-gain (-24),age (-13)
2983,-150.66114654796405,education-num (-151),occupation (-65),native-country (-50)
16700,-149.90924940440078,marital-status (-60),capital-gain (-24),education-num (-23)
19274,-70.1292883196667,education-num (-87),occupation (-74),capital-gain (-24)
24605,-151.0692770458688,marital-status (-93),capital-gain (-24),education-num (-23)
31495,-213.27472577493623,marital-status (-93),occupation (-65),age (-26)
2386,-187.89560308888727,marital-status (-93),occupation (-51),capital-gain (-24)
25824,-180.94873532506833,marital-status (-60),relationship (-60),capital-gain (-24)
7717,71.5145804016389,capital-gain (-24),education-num (-23),capital-loss (-4)
20564,-12.651492928381497,occupation (-65),hours-per-week (-46),capital-gain (-24)
45357,-208.63174113451734,marital-status (-93),occupation (-65),age (-32)
24523,-134.01449191295956,marital-status (-93),relationship (-58),capital-gain (-24)
11462,-249.72719777203022,hours-per-week (-68),marital-status (-60),relationship (-58)
27259,92.2316367175225,hours-per-week (-34),capital-gain (-24),education (-21)
4996,90.45847573946077,marital-status (-54),capital-gain (-24),age (-6)
16883,-215.41045631617342,education-num (-130),occupation (-65),marital-status (-60)
30343,-149.5432826088162,marital-status (-93),capital-gain (-24),age (-22)
18238,-132.3511664898083,marital-status (-75),occupation (-65),capital-gain (-24)
44576,-157.80960180276242,marital-status (-93),native-country (-33),capital-gain (-24)
44562,-246.7304314851948,education-num (-66),occupation (-65),marital-status (-58)
48198,-160.86606216986277,education-num (-108),marital-status (-60),capital-gain (-24)
35982,-20.549389664256875,marital-status (-93),relationship (-58),age (-26)
3731,71.5145804016389,capital-gain (-24),education-num (-23),capital-loss (-4)
29088,42.97634941270761,marital-status (-60),workclass (-32),capital-gain (-24)
10799,136.9336334640154,capital-gain (-24),capital-loss (-4),education-num (-2)
43285,-45.192082988156855,marital-status (-93),capital-gain (-24),workclass (-17)
29670,22.049240231154958,occupation (-74),workclass (-32),capital-gain (-24)
45860,-257.46597183221826,marital-status (-93),education-num (-87),hours-per-week (-46)
42588,1.5098406261193549,marital-status (-58),capital-gain (-24),relationship (-8)
4029,90.2460081695468,occupation (-51),capital-gain (-24),capital-loss (-4)
35399,30.99288436742396,native-country (-27),capital-gain (-24),education-num (-23)
45196,-136.56220727056106,marital-status (-93),occupation (-51),capital-gain (-24)
23351,-464.7941231968532,education-num (-194),marital-status (-93),occupation (-74)
3521,40.60152486046121,occupation (-74),capital-gain (-24),education (-9)
17267,-200.27461955436942,marital-status (-93),relationship (-58),capital-gain (-24)
15922,-221.23723043294325,marital-status (-93),relationship (-58),age (-32)
11266,-468.7152588984917,occupation (-97),marital-status (-93),hours-per-week (-77)
28080,86.56345949826158,capital-gain (-24),education-num (-23),occupation (-5)
35404,-239.0482457848761,occupation (-97),marital-status (-93),age (-31)
7111,-72.48359917886565,education-num (-108),workclass (-32),capital-gain (-24)
12258,91.84776556764415,capital-gain (-24),education-num (-23),capital-loss (-4)
36866,-199.49225502160334,occupation (-65),marital-status (-60),hours-per-week (-59)
20628,-117.34450230038226,marital-status (-93),capital-gain (-24),education-num (-23)
32061,118.65951488453685,capital-gain (-24),education (-21),age (-9)
46802,95.41970849071708,capital-gain (-24),age (-19),workclass (-17)
20734,34.71996997823971,capital-gain (-24),hours-per-week (-23),education-num (-23)
5017,-104.37392368463745,marital-status (-93),relationship (-58),capital-gain (-24)
19777,-418.15636037775647,marital-status (-93),education-num (-66),occupation (-65)
43631,-329.3303506140658,marital-status (-93),education-num (-66),relationship (-58)
40140,37.075146445414646,marital-status (-93),age (-22),capital-loss (-4)
40286,34.49978876940208,marital-status (-60),capital-gain (-24),education-num (-23)
6352,-101.07521615054347,education-num (-66),relationship (-58),capital-gain (-24)
35767,113.87083663629836,capital-gain (-24),education-num (-23),capital-loss (-4)
30983,109.12272233566964,capital-gain (-24),education-num (-23),capital-loss (-4)
3229,74.58247414218097,capital-gain (-24),age (-24),education-num (-23)
30216,116.21800812559778,capital-gain (-24),education-num (-23),occupation (-4)
7962,141.77112741996922,capital-gain (-24),age (-6),capital-loss (-4)
32769,-19.98371133553763,marital-status (-93),capital-gain (-24),age (-9)
19615,-273.1812112474438,marital-status (-93),relationship (-58),occupation (-51)
1715,-92.87824132625931,education-num (-66),marital-status (-60),capital-gain (-24)
25630,-239.4487701133668,marital-status (-93),relationship (-58),hours-per-week (-57)
644,-227.09408980878607,marital-status (-93),occupation (-65),capital-gain (-24)
26141,-133.89727819457906,marital-status (-93),relationship (-58),age (-31)
2518,-49.16339453941309,marital-status (-60),capital-gain (-24),hours-per-week (-12)
48110,-115.50201480931383,marital-status (-93),capital-gain (-24),education-num (-23)
27319,-113.72006627052087,marital-status (-93),occupation (-65),capital-gain (-24)
32526,117.18814499870291,capital-gain (-24),education (-21),capital-loss (-4)
48529,-17.165327493370807,marital-status (-93),capital-gain (-24),age (-24)
16195,47.81331104825553,capital-gain (-24),education-num (-23),hours-per-week (-12)
37986,-17.30811178471357,marital-status (-93),capital-gain (-24),native-country (-16)
25469,18.3004508005497,capital-gain (-24),education-num (-23),occupation (-20)
10989,-106.13997907859198,occupation (-65),marital-status (-60),capital-gain (-24)
25950,75.83231251612546,capital-gain (-24),education-num (-23),occupation (-4)
25895,-45.410253932025896,marital-status (-93),capital-gain (-24),age (-18)
41355,-86.43667976199833,education-num (-108),occupation (-51),capital-gain (-24)
11502,-194.84227702411337,marital-status (-93),relationship (-58),age (-31)
32278,-191.56168342736157,marital-status (-75),occupation (-65),hours-per-week (-57)
27978,-153.6007051599913,education-num (-66),marital-status (-58),capital-gain (-24)
7328,-229.57026809394577,education-num (-173),marital-status (-75),native-country (-50)
21415,-47.590526552997076,education-num (-66),occupation (-65),capital-gain (-24)
4722,-55.98939813048801,marital-status (-60),hours-per-week (-46),capital-gain (-24)
33504,-283.00217745648627,marital-status (-93),relationship (-58),occupation (-51)
46892,-284.42478722144284,marital-status (-93),education-num (-66),occupation (-65)
10637,43.69663284338656,marital-status (-93),capital-gain (-24),age (-19)
24788,-117.96774026256782,marital-status (-60),capital-gain (-24),hours-per-week (-12)
7543,55.645181907643654,capital-gain (-24),age (-24),occupation (-5)
21388,-169.48719296740452,marital-status (-93),relationship (-58),capital-gain (-24)
34117,-2.628249798195136,marital-status (-60),capital-gain (-24),age (-22)
14490,-189.34814621447163,marital-status (-93),relationship (-58),age (-29)
11184,-257.95317896997994,education-num (-87),occupation (-65),marital-status (-58)
30753,-237.78598774818022,marital-status (-93),occupation (-74),workclass (-32)
2900,-153.42671726397538,marital-status (-93),capital-gain (-24),education-num (-23)
36380,-103.58319871060979,marital-status (-93),age (-29),capital-gain (-24)
17541,50.235820282046866,capital-gain (-24),education-num (-23),age (-14)
43024,-322.85831162493645,education-num (-151),marital-status (-93),native-country (-50)
24424,-338.35242330094,marital-status (-93),relationship (-58),hours-per-week (-55)
2655,-22.65665869175825,hours-per-week (-88),marital-status (-60),capital-gain (-24)
10076,-189.34814621447163,marital-status (-93),relationship (-58),age (-29)
4376,-332.51824237049374,marital-status (-93),education-num (-87),relationship (-58)
9552,-72.60186578007097,marital-status (-93),capital-gain (-24),education (-21)
29952,-73.57287770915039,marital-status (-60),capital-gain (-24),age (-8)
23506,-129.7882960575805,marital-status (-93),age (-26),capital-gain (-24)
44791,90.89269071317439,capital-gain (-24),age (-6),capital-loss (-4)
16805,-60.746963531947955,marital-status (-60),capital-gain (-24),occupation (-20)
7631,-64.44495760766424,marital-status (-93),relationship (-58),age (-22)
33682,35.400512945536754,occupation (-65),capital-gain (-24),age (-8)
28358,-149.8719899010931,marital-status (-60),relationship (-60),capital-gain (-24)
22437,-322.3339684429402,marital-status (-93),occupation (-65),relationship (-58)
22389,-146.0437633050844,marital-status (-93),age (-32),capital-gain (-24)
19564,-264.1958188479972,occupation (-65),relationship (-60),marital-status (-58)
35445,-10.591704135080233,marital-status (-93),capital-gain (-24),capital-loss (-4)
3103,-272.90657930476254,marital-status (-93),relationship (-60),native-country (-50)
14765,-46.74203746430089,marital-status (-93),education-num (-23),age (-13)
32266,23.32727069301072,occupation (-51),capital-gain (-24),education-num (-23)
15462,-367.0778790432073,marital-status (-93),education-num (-66),relationship (-58)
35303,41.449616110335405,hours-per-week (-79),workclass (-32),capital-gain (-24)
23081,52.13356142683022,marital-status (-60),capital-gain (-24),capital-loss (-4)
31748,-21.62053903704472,marital-status (-93),capital-gain (-24),age (-11)
9214,-18.09680731797594,education-num (-87),capital-gain (-24),age (-16)
40090,-208.839066293574,marital-status (-93),relationship (-58),age (-26)
38417,-172.4738638965235,marital-status (-93),relationship (-58),capital-gain (-24)
33138,-164.66864595149008,occupation (-65),marital-status (-58),capital-gain (-24)
25732,66.33659883301533,capital-gain (-24),education-num (-23),age (-9)
35946,-236.18690695616596,occupation (-65),marital-status (-60),relationship (-60)
3420,-9.308651334868546,occupation (-51),capital-gain (-24),education-num (-23)
48665,142.42003099217808,capital-gain (-24),capital-loss (-4),education-num (-2)
37187,84.31872264493394,capital-gain (-24),education-num (-23),occupation (-5)
40629,64.96726959561057,capital-gain (-24),education-num (-23),capital-loss (-4)
31505,-116.97197604898088,marital-status (-93),capital-gain (-24),education-num (-23)
10326,73.20802310910034,workclass (-32),capital-gain (-24),education-num (-23)
37580,-113.12358043083555,marital-status (-93),hours-per-week (-46),capital-gain (-24)
29428,89.60821071167368,capital-gain (-24),age (-22),education (-9)
35736,-249.95821787217633,marital-status (-93),hours-per-week (-64),relationship (-58)
48640,-215.88048971357637,education-num (-194),native-country (-67),relationship (-60)
17717,-161.876948761118,marital-status (-93),occupation (-65),native-country (-50)
34365,62.32769540041455,hours-per-week (-28),capital-gain (-24),education (-21)
6768,-78.3999515874954,marital-status (-93),relationship (-60),capital-gain (-24)
1994,-2.164858978497084,occupation (-65),marital-status (-60),capital-gain (-24)
18471,76.90348832466559,education-num (-66),capital-gain (-24),education (-19)
27907,-240.1164622234032,marital-status (-93),relationship (-58),age (-34)
35525,0.33595302679764916,marital-status (-60),capital-gain (-24),capital-loss (-4)
17314,-198.54327646137253,marital-status (-93),occupation (-65),capital-gain (-24)
41523,116.49828623216716,capital-gain (-24),capital-loss (-4),education-num (-2)
11392,-158.71619775650328,marital-status (-93),age (-32),capital-gain (-24)
35661,-422.8316591232847,marital-status (-93),education-num (-87),occupation (-65)
3052,31.780224517191893,education-num (-130),capital-gain (-24),capital-loss (-4)
14955,38.71975408304318,marital-status (-93),capital-gain (-24),age (-11)
12128,50.12273153279375,occupation (-74),education-num (-66),workclass (-32)
40095,100.4753493959826,workclass (-32),capital-gain (-24),education (-9)
12896,50.74310335456464,workclass (-32),capital-gain (-24),education-num (-23)
20668,-72.72540789748044,marital-status (-60),capital-gain (-24),education-num (-23)
23206,59.99851420263521,marital-status (-93),capital-gain (-24),capital-loss (-4)
16559,-160.44506305640428,marital-status (-93),relationship (-58),capital-gain (-24)
44030,-209.15153917703933,marital-status (-93),relationship (-58),age (-32)
1064,-55.876688528129506,marital-status (-93),capital-gain (-24),capital-loss (-4)
14454,65.51074692156291,capital-gain (-24),education-num (-23),occupation (-4)
741,66.60409729711766,capital-gain (-24),education-num (-23),capital-loss (-4)
21884,-125.37750523277,marital-status (-93),relationship (-58),hours-per-week (-37)
11331,-300.9757640416207,marital-status (-93),occupation (-74),relationship (-58)
17378,-221.23723043294325,marital-status (-93),relationship (-58),age (-32)
33425,26.401540524847874,workclass (-32),capital-gain (-24),education-num (-23)
46608,-228.2584746669196,marital-status (-93),relationship (-58),hours-per-week (-46)
5201,137.39673812008994,capital-gain (-24),capital-loss (-4),education-num (-2)
32359,96.66070934863603,hours-per-week (-55),capital-gain (-24),age (-6)
27657,131.2058479404453,capital-gain (-24),education-num (-23),occupation (-5)
44050,77.72661056133833,capital-gain (-24),education (-21),age (-19)
12,-150.2091294646425,marital-status (-93),capital-gain (-24),education-num (-23)
6693,0.24481641007160415,occupation (-51),capital-gain (-24),education-num (-23)
33353,-284.1413575033944,marital-status (-93),occupation (-65),relationship (-58)
30494,-187.51329387570559,marital-status (-93),education-num (-66),capital-gain (-24)
464,-18.392892310538013,occupation (-65),capital-gain (-24),education-num (-23)
42604,142.32448178828724,workclass (-32),capital-gain (-24),education-num (-23)
26414,34.88569660582257,occupation (-51),capital-gain (-24),education-num (-23)
21876,110.53094677370646,capital-gain (-24),education-num (-23),capital-loss (-4)
25770,-88.96878874019714,occupation (-74),marital-status (-54),capital-gain (-24)
24862,-14.382164686115813,marital-status (-93),occupation (-74),workclass (-32)
9630,-161.53695660758632,marital-status (-93),occupation (-65),hours-per-week (-46)
6505,-217.2008744023041,marital-status (-93),relationship (-58),capital-gain (-24)
26483,126.28035724057754,capital-gain (-24),age (-8),capital-loss (-4)
33692,48.541238518709754,capital-gain (-24),education-num (-23),occupation (-4)
2561,-121.10466203717431,marital-status (-93),hours-per-week (-46),capital-gain (-24)
40318,108.30621816494211,capital-gain (-24),capital-loss (-4),workclass (-3)
3194,59.07709691254975,marital-status (-75),relationship (-58),capital-gain (-24)
3035,-185.4238829049101,marital-status (-93),education-num (-87),capital-gain (-24)
33452,-333.0329650256651,marital-status (-93),education-num (-66),relationship (-58)
46102,-81.98471991610614,marital-status (-60),capital-gain (-24),hours-per-week (-23)
25962,-115.02441457632776,education-num (-66),marital-status (-60),capital-gain (-24)
7367,10.225973623241979,marital-status (-93),age (-27),capital-gain (-24)
1913,-252.1194199180538,marital-status (-93),relationship (-58),age (-31)
32040,131.4764158070593,occupation (-20),education (-9),capital-loss (-4)
35270,-93.02940894092808,marital-status (-60),capital-gain (-24),education-num (-23)
5214,113.87083663629836,capital-gain (-24),education-num (-23),capital-loss (-4)
23503,86.74112909945626,capital-gain (-24),education-num (-23),age (-16)
41797,11.633589773253773,education-num (-87),capital-gain (-24),occupation (-4)
43539,2.0485105734186932,occupation (-51),capital-gain (-24),education-num (-23)
11760,-17.034004833907783,education-num (-108),hours-per-week (-55),capital-gain (-24)
9492,-120.73857502528682,marital-status (-60),capital-gain (-24),education-num (-23)
38750,45.96453823238624,marital-status (-93),capital-gain (-24),capital-loss (-4)
35950,-320.36066850747477,marital-status (-93),education-num (-66),relationship (-60)
11345,-6.489379885444454,marital-status (-58),capital-gain (-24),relationship (-8)
6345,-119.12291625296407,marital-status (-93),capital-gain (-24),age (-21)
44619,24.619038532567046,marital-status (-60),capital-gain (-24),relationship (-8)
45643,127.67580203614732,capital-gain (-24),education-num (-23),occupation (-4)
27749,118.99307466642121,capital-gain (-24),capital-loss (-4),workclass (-3)
4528,29.758244711099255,capital-gain (-24),education-num (-23),occupation (-20)
23596,-353.41860775137707,occupation (-97),marital-status (-93),relationship (-60)
24852,84.92663179675449,capital-gain (-24),education-num (-23),occupation (-5)
42233,77.92136758441343,workclass (-32),capital-gain (-24),education-num (-23)
19970,134.21013478648044,capital-gain (-24),hours-per-week (-23),education-num (-23)
44133,-226.46872113728207,marital-status (-93),education-num (-66),capital-gain (-24)
39134,-67.55456381310137,occupation (-65),marital-status (-60),capital-gain (-24)
7900,-80.60225317623153,marital-status (-60),hours-per-week (-46),capital-gain (-24)
11379,-137.80381893364955,marital-status (-93),relationship (-58),capital-gain (-24)
39877,-18.176704829290298,relationship (-60),hours-per-week (-37),capital-gain (-24)
25041,84.10230686370983,marital-status (-60),capital-gain (-24),capital-loss (-4)
20707,91.39809413888926,capital-gain (-24),education-num (-23),age (-16)
20656,-100.74758459109083,marital-status (-93),capital-gain (-24),education-num (-23)
6233,-179.02514410979506,marital-status (-75),relationship (-60),capital-gain (-24)
12175,-132.45026317195226,marital-status (-93),age (-34),capital-gain (-24)
47014,-149.48685720761318,occupation (-65),marital-status (-60),capital-gain (-24)
33306,-98.55825170289388,marital-status (-93),capital-gain (-24),education-num (-23)
41776,-165.36250738847096,education-num (-108),occupation (-65),native-country (-50)
30889,-168.04726584646963,marital-status (-93),age (-26),capital-gain (-24)
38648,-53.57601097441105,marital-status (-93),native-country (-50),capital-gain (-24)
45908,-167.37055966648273,marital-status (-93),occupation (-74),workclass (-32)
41225,-116.58086467795698,marital-status (-93),capital-gain (-24),education-num (-23)
46653,79.6987189091743,capital-gain (-24),education-num (-23),capital-loss (-4)
35786,-108.1203716940854,marital-status (-93),age (-26),capital-gain (-24)
38581,-369.1134959204096,education-num (-173),occupation (-97),marital-status (-93)
41557,-405.98100182030913,education-num (-130),marital-status (-93),hours-per-week (-68)
44968,-46.33797614446012,education-num (-130),workclass (-32),capital-gain (-24)
41766,-297.235979115451,marital-status (-93),occupation (-65),relationship (-58)
8162,-128.38448465094535,marital-status (-93),hours-per-week (-68),capital-gain (-24)
48701,11.862801324749052,marital-status (-93),age (-26),capital-gain (-24)
40442,60.45125979604021,workclass (-32),capital-gain (-24),education-num (-23)
17592,-39.35814528952025,marital-status (-93),capital-gain (-24),age (-18)
41098,3.692877465081705,occupation (-65),capital-gain (-24),age (-11)
44098,-253.1303694769868,marital-status (-93),native-country (-67),occupation (-65)
46151,-78.98223933474716,marital-status (-60),capital-gain (-24),education-num (-23)
24063,-17.674011869313187,marital-status (-93),capital-gain (-24),age (-24)
7909,20.24314747318522,marital-status (-60),capital-gain (-24),relationship (-8)
39907,-166.15370879999796,marital-status (-93),capital-gain (-24),education-num (-23)
21480,-71.85812389533388,marital-status (-60),capital-gain (-24),education (-21)
13019,-48.647867266461965,marital-status (-93),relationship (-58),capital-gain (-24)
7859,56.72537702624514,capital-gain (-24),education-num (-23),occupation (-4)
21537,-252.263467605867,marital-status (-93),occupation (-65),relationship (-58)
17611,-245.57224704525407,marital-status (-93),relationship (-60),capital-gain (-24)
21433,-119.95687294767797,marital-status (-93),capital-gain (-24),age (-19)
36811,-214.68991962691493,marital-status (-93),relationship (-58),age (-26)
24509,79.67313758329408,capital-gain (-24),education-num (-23),workclass (-17)
8384,-190.0279307223172,marital-status (-93),occupation (-65),capital-gain (-24)
4938,107.80154371560279,capital-gain (-24),education (-21),age (-8)
13516,-114.08656941351163,occupation (-65),marital-status (-60),workclass (-32)
19554,77.52689427946258,capital-gain (-24),education-num (-23),age (-9)
5786,-351.6068374480138,education-num (-173),occupation (-65),marital-status (-60)
5628,-73.6254891015493,marital-status (-93),hours-per-week (-34),capital-gain (-24)
43202,-197.9612437305921,marital-status (-93),relationship (-58),age (-32)
42648,-101.17286724212306,marital-status (-93),age (-26),capital-gain (-24)
29019,-224.0756307148041,marital-status (-93),occupation (-65),hours-per-week (-50)
12510,-351.7109415069603,marital-status (-93),hours-per-week (-68),education-num (-66)
21525,62.496109584903394,hours-per-week (-34),capital-gain (-24),education-num (-23)
11172,-273.1539276652346,marital-status (-93),occupation (-65),relationship (-58)
41215,-199.59807143209918,marital-status (-93),relationship (-58),age (-34)
38692,-94.1156510221195,marital-status (-75),capital-gain (-24),education-num (-23)
33796,-77.34541163324008,marital-status (-60),capital-gain (-24),education-num (-23)
45415,78.06189120766722,capital-gain (-24),education-num (-23),capital-loss (-4)
32333,93.83741723270333,capital-gain (-24),education-num (-23),occupation (-4)
43869,-268.62055029999357,marital-status (-93),occupation (-65),relationship (-58)
36109,-185.8465065979056,education-num (-130),occupation (-97),marital-status (-75)
3216,-222.87405813445034,marital-status (-93),relationship (-58),age (-34)
35971,-51.866266410936234,occupation (-74),hours-per-week (-57),workclass (-32)
10125,132.03831015676874,capital-gain (-24),education-num (-23),capital-loss (-4)
8082,-31.422933186164148,marital-status (-60),capital-gain (-24),hours-per-week (-12)
19801,39.04552483559964,capital-gain (-24),education-num (-23),age (-14)
30402,-85.48698073274534,marital-status (-75),capital-gain (-24),education-num (-23)
35215,28.036427457608717,marital-status (-75),capital-gain (-24),capital-loss (-4)
24596,-199.81051419046463,marital-status (-93),relationship (-58),capital-gain (-24)
18608,18.695902873509056,marital-status (-54),capital-gain (-24),age (-22)
33058,-195.92211428271207,marital-status (-93),relationship (-58),capital-gain (-24)
5678,89.1794983790646,workclass (-32),capital-gain (-24),capital-loss (-4)
12285,-115.01810862403929,marital-status (-60),native-country (-50),capital-gain (-24)
11152,109.88794058763173,occupation (-51),capital-gain (-24),capital-loss (-4)
29236,130.69342777386362,capital-gain (-24),occupation (-20),capital-loss (-4)
34333,89.51968511821677,capital-gain (-24),education-num (-23),capital-loss (-4)
7895,-23.12735636099674,marital-status (-75),hours-per-week (-59),education-num (-23)
34635,-92.84886282347449,marital-status (-75),capital-gain (-24),education-num (-23)
24707,74.52073734055072,capital-gain (-24),education-num (-23),capital-loss (-4)
19770,127.95838308306205,capital-gain (-24),education (-9),age (-4)
28215,56.78313108807518,capital-gain (-24),education-num (-23),age (-8)
12984,-135.65131961446662,marital-status (-93),relationship (-58),capital-gain (-24)
14648,-86.24968136037035,marital-status (-75),capital-gain (-24),education-num (-23)
12728,99.97937744448714,capital-gain (-24),education-num (-23),capital-loss (-4)
13012,144.58951731317939,capital-gain (-24),occupation (-5),capital-loss (-4)
39573,-359.64511319237215,marital-status (-93),occupation (-65),relationship (-58)
17212,-259.76357429616917,marital-status (-93),hours-per-week (-68),relationship (-58)
36917,81.12635368506957,marital-status (-60),age (-26),education-num (-23)
47063,-21.13920579949274,education-num (-87),occupation (-65),capital-gain (-24)
20263,51.8146628119688,marital-status (-60),capital-gain (-24),hours-per-week (-10)
28145,-282.3882404665633,marital-status (-93),relationship (-60),native-country (-50)
19884,-7.56139438080801,education-num (-130),capital-gain (-24),occupation (-4)
22992,-258.9848967953133,marital-status (-93),relationship (-60),occupation (-51)
10258,127.73573620406805,capital-gain (-24),education-num (-23),age (-6)
307,-142.19863042049494,marital-status (-93),relationship (-58),capital-gain (-24)
21383,57.451462269850694,occupation (-65),capital-gain (-24),capital-loss (-4)
617,106.83953226689782,education-num (-44),capital-gain (-24),occupation (-20)
12682,-358.27638997875164,education-num (-173),marital-status (-93),relationship (-60)
47217,-15.882891072542035,education-num (-66),occupation (-65),capital-gain (-24)
36332,124.03273091233481,marital-status (-60),capital-gain (-24),capital-loss (-4)
44213,-84.69178045948536,marital-status (-93),capital-gain (-24),capital-loss (-4)
14380,-8.051685246953065,marital-status (-60),hours-per-week (-46),capital-gain (-24)
44776,-73.27248071807898,marital-status (-60),capital-gain (-24),education-num (-23)
6913,76.42506350616013,capital-gain (-24),education-num (-23),capital-loss (-4)
13334,-106.93677465831331,education-num (-173),native-country (-67),capital-gain (-24)
20543,-264.00560082197967,marital-status (-93),relationship (-58),native-country (-54)
26313,-195.1477290158813,marital-status (-93),occupation (-65),hours-per-week (-28)
47554,-264.69232791765614,marital-status (-93),education-num (-87),relationship (-60)
24867,-154.42033570820257,relationship (-58),marital-status (-58),age (-26)
32840,64.92098433258502,capital-gain (-24),occupation (-20),capital-loss (-4)
38048,-415.11271623201037,marital-status (-93),hours-per-week (-68),education-num (-66)
42237,-167.11813196367427,marital-status (-93),education-num (-87),capital-gain (-24)
4294,-215.27356733203544,marital-status (-93),relationship (-58),capital-gain (-24)
35560,-120.67395955724291,marital-status (-60),capital-gain (-24),occupation (-20)
17534,-24.034588438622013,marital-status (-60),capital-gain (-24),education-num (-23)
21692,73.40156241982186,marital-status (-75),capital-gain (-24),capital-loss (-4)
41063,-116.94972340498444,marital-status (-93),relationship (-58),capital-gain (-24)
9239,25.562378051379074,occupation (-65),capital-gain (-24),education-num (-23)
9145,78.24557152952995,hours-per-week (-39),capital-gain (-24),education-num (-23)
22386,102.57541152964131,capital-gain (-24),education-num (-23),capital-loss (-4)
19047,-216.91039503354253,marital-status (-93),relationship (-58),capital-gain (-24)
22409,-126.66940568965279,marital-status (-93),relationship (-58),age (-26)
44319,-21.75497265788086,marital-status (-60),capital-gain (-24),age (-11)
32361,-52.26162009407821,marital-status (-93),capital-gain (-24),age (-19)
5516,-100.26099945433918,marital-status (-60),capital-gain (-24),education-num (-23)
16410,-52.00363822079679,marital-status (-60),capital-gain (-24),capital-loss (-4)
41291,-182.30126933500847,marital-status (-93),relationship (-60),capital-gain (-24)
19286,-215.00239251038025,marital-status (-93),relationship (-58),age (-32)
29737,-342.52951670762,education-num (-130),marital-status (-93),occupation (-51)
1937,65.76845414425497,capital-gain (-24),education-num (-23),occupation (-20)
43140,-242.29845370901134,marital-status (-93),relationship (-58),capital-gain (-24)
29966,-157.47524351815974,marital-status (-93),relationship (-58),capital-gain (-24)
13530,-45.908960170261,marital-status (-75),capital-gain (-24),hours-per-week (-12)
11625,-206.5905503034245,marital-status (-93),relationship (-58),age (-29)
11428,78.24451770845556,age (-31),capital-gain (-24),hours-per-week (-23)
34843,0.8761087187073862,education-num (-108),capital-gain (-24),education (-7)
36099,-232.00615774813434,marital-status (-93),relationship (-58),occupation (-51)
1063,-197.5502366046719,education-num (-130),marital-status (-75),hours-per-week (-64)
30118,-101.58960082898562,marital-status (-60),capital-gain (-24),education-num (-23)
28699,39.05364820296764,marital-status (-93),capital-gain (-24),age (-13)
7104,-222.6812543588638,marital-status (-93),occupation (-51),capital-gain (-24)
18260,-288.60178231979614,education-num (-87),marital-status (-60),relationship (-58)
39047,-207.46927973860187,education-num (-66),marital-status (-60),relationship (-60)
29321,56.67032132050828,capital-gain (-24),education-num (-23),age (-18)
42705,-107.29489539711915,marital-status (-93),capital-gain (-24),education-num (-23)
21967,-16.52081752208225,marital-status (-75),capital-gain (-24),workclass (-17)
2730,-59.72482012939841,marital-status (-93),capital-gain (-24),age (-9)
27844,-173.22875288717685,marital-status (-93),relationship (-58),age (-26)
922,128.25026594365286,capital-gain (-24),hours-per-week (-23),capital-loss (-4)
13697,55.808275155621295,workclass (-32),capital-gain (-24),education-num (-23)
13515,-47.7577379404413,occupation (-65),marital-status (-58),education-num (-23)
9595,-137.7950093295051,marital-status (-93),capital-gain (-24),age (-24)
11767,-143.82328789845684,marital-status (-93),age (-34),capital-gain (-24)
45607,-87.17131436036655,marital-status (-93),relationship (-58),age (-26)
14437,-308.70139817175783,marital-status (-93),relationship (-58),hours-per-week (-57)
12180,31.29217827415538,occupation (-74),hours-per-week (-46),workclass (-32)
25940,-189.3490068707209,marital-status (-93),capital-gain (-24),education-num (-23)
20363,-9.140468020485034,education-num (-130),capital-gain (-24),capital-loss (-4)
39897,69.34252270307917,marital-status (-60),capital-gain (-24),hours-per-week (-12)
228,-163.12329267616983,education-num (-108),marital-status (-58),age (-22)
2402,34.371885230418464,education-num (-66),capital-gain (-24),education (-19)
22766,-37.20556100540848,education-num (-151),native-country (-50),capital-gain (-24)
9571,-174.23060305863493,marital-status (-60),relationship (-58),occupation (-51)
46650,-240.2222738803465,marital-status (-93),relationship (-58),hours-per-week (-50)
23777,-121.59751363576126,marital-status (-60),age (-27),capital-gain (-24)
38082,73.10205134804784,marital-status (-60),capital-loss (-4),education-num (-2)
35420,-53.05681821718338,marital-status (-60),capital-gain (-24),age (-4)
37960,-144.63279950429498,marital-status (-93),capital-gain (-24),age (-18)
40854,-112.25010503085383,marital-status (-93),occupation (-65),capital-gain (-24)
44408,-247.5625317475705,marital-status (-93),hours-per-week (-79),relationship (-58)
7368,-176.66033322307706,marital-status (-93),occupation (-51),age (-26)
22318,-20.384394467556067,education-num (-130),workclass (-32),capital-gain (-24)
23225,65.8196963068742,capital-gain (-24),hours-per-week (-23),education-num (-23)
44778,-48.15151282805637,marital-status (-93),capital-gain (-24),age (-22)
48254,-145.93404902791195,marital-status (-93),hours-per-week (-46),age (-26)
10736,78.06189120766722,capital-gain (-24),education-num (-23),capital-loss (-4)
17810,-134.22739294974153,hours-per-week (-64),marital-status (-60),capital-gain (-24)
33960,-119.81247568581847,marital-status (-60),capital-gain (-24),education (-21)
1018,100.45082278203292,hours-per-week (-37),education-num (-23),capital-loss (-4)
41499,-234.97325381195043,marital-status (-93),relationship (-58),age (-29)
22771,84.60920201369554,capital-gain (-24),education-num (-23),capital-loss (-4)
17265,-70.47298161010968,marital-status (-75),capital-gain (-24),education-num (-23)
12979,-72.72540789748044,marital-status (-60),capital-gain (-24),education-num (-23)
35381,-278.0520315997068,marital-status (-93),hours-per-week (-64),relationship (-58)
45781,-162.1197329702691,occupation (-65),marital-status (-58),capital-gain (-24)
14897,64.72787290972721,marital-status (-60),capital-gain (-24),capital-loss (-4)
44711,-119.51996873646937,marital-status (-60),capital-gain (-24),education-num (-23)
43151,-36.469520373130415,marital-status (-60),capital-gain (-24),education (-21)
17680,114.5811804240907,capital-gain (-24),education-num (-23),occupation (-4)
31888,-184.706022230302,marital-status (-93),age (-29),capital-gain (-24)
17815,-107.77680678009907,occupation (-65),marital-status (-60),capital-gain (-24)
14609,110.4470771537114,capital-gain (-24),hours-per-week (-23),capital-loss (-4)
34055,-225.457262107279,marital-status (-93),occupation (-65),capital-gain (-24)
18486,77.8341572066251,capital-gain (-24),education-num (-23),occupation (-20)
11126,-201.41256873480094,marital-status (-93),relationship (-58),capital-gain (-24)
39900,58.41995878958226,capital-gain (-24),education-num (-23),age (-6)
22108,118.13511393367423,capital-gain (-24),capital-loss (-4),education-num (-2)
20480,-282.2311706578857,marital-status (-93),occupation (-65),education-num (-44)
2556,-99.75060282802266,marital-status (-58),capital-gain (-24),education-num (-23)
36424,-142.05511199160753,marital-status (-93),relationship (-58),age (-26)
14199,-205.77785364892532,marital-status (-93),relationship (-58),capital-gain (-24)
38443,59.46403550105466,capital-gain (-24),education-num (-23),age (-14)
19208,-178.24308667758598,marital-status (-60),relationship (-58),capital-gain (-24)
7409,-158.14400389386796,marital-status (-93),occupation (-65),age (-27)
20595,-25.005820385645652,marital-status (-60),capital-gain (-24),education-num (-23)
13287,106.02762619575697,marital-status (-60),capital-gain (-24),capital-loss (-4)
29900,-163.63269477423535,marital-status (-93),hours-per-week (-68),relationship (-58)
36143,102.08666710420569,occupation (-74),workclass (-32),capital-gain (-24)
7292,17.21812812550056,occupation (-65),workclass (-32),capital-gain (-24)
30004,84.01846154699018,capital-gain (-24),age (-4),capital-loss (-4)
40109,-324.3641029843076,marital-status (-93),education-num (-66),relationship (-58)
29304,70.23490512557746,education-num (-44),capital-gain (-24),education (-8)
33550,63.935956704013755,occupation (-74),native-country (-54),workclass (-32)
36718,-181.05343322156855,marital-status (-93),hours-per-week (-37),capital-gain (-24)
44928,94.76390114641805,capital-gain (-24),education-num (-23),capital-loss (-4)
5046,-265.9984122187322,marital-status (-93),relationship (-58),hours-per-week (-46)
26573,-194.63657832675136,marital-status (-93),hours-per-week (-34),age (-34)
32389,-195.09292073814825,education-num (-108),marital-status (-75),hours-per-week (-68)
26090,22.924423898511808,occupation (-74),capital-gain (-24),education-num (-23)
36848,-137.90175965746388,marital-status (-93),hours-per-week (-46),age (-27)
21219,132.49232681210322,hours-per-week (-46),capital-gain (-24),age (-13)
48115,-57.204600694079616,marital-status (-60),capital-gain (-24),occupation (-5)
11492,50.09142987710452,capital-gain (-24),education-num (-23),occupation (-20)
24641,-22.204434474143635,marital-status (-60),capital-gain (-24),education-num (-23)
18549,54.39245647568648,capital-gain (-24),education-num (-23),native-country (-17)
17281,-268.62055029999357,marital-status (-93),occupation (-65),relationship (-58)
10538,127.07386724849769,capital-gain (-24),age (-8),occupation (-4)
42016,-293.1663313547668,marital-status (-93),relationship (-60),native-country (-54)
15093,-97.96692116525335,education-num (-173),occupation (-74),native-country (-50)
1173,116.69794934806556,capital-gain (-24),education-num (-23),capital-loss (-4)
33862,-28.619662527812,marital-status (-60),workclass (-32),capital-gain (-24)
32172,12.560479259744714,education-num (-130),capital-gain (-24),hours-per-week (-23)
25649,-199.9826353279668,marital-status (-93),age (-29),capital-gain (-24)
17572,-352.34382645931174,education-num (-173),marital-status (-75),occupation (-65)
21141,-15.772494065508875,marital-status (-58),capital-gain (-24),relationship (-8)
1843,-165.60925359631815,marital-status (-93),capital-gain (-24),education-num (-23)
13237,31.216560764783488,hours-per-week (-46),capital-gain (-24),age (-24)
17938,95.96636392198279,capital-gain (-24),education-num (-23),capital-loss (-4)
26164,-183.03531618392466,occupation (-74),marital-status (-54),capital-gain (-24)
6538,31.504733742833988,marital-status (-93),capital-gain (-24),age (-6)
35039,32.20300170978211,workclass (-32),capital-gain (-24),education-num (-23)
23094,-247.0403798147835,marital-status (-60),relationship (-58),occupation (-51)
45372,-48.1597616018302,marital-status (-93),capital-gain (-24),education-num (-23)
12835,-46.49741600629116,marital-status (-93),capital-gain (-24),age (-19)
48098,-165.1470027202352,native-country (-130),marital-status (-54),capital-gain (-24)
5019,4.102663507083483,marital-status (-93),capital-gain (-24),age (-9)
34421,77.79308189990233,capital-gain (-24),education-num (-23),occupation (-20)
22093,-161.6676455901141,marital-status (-60),hours-per-week (-46),native-country (-29)
5114,72.85987214090964,workclass (-32),capital-gain (-24),age (-13)
44749,58.25260503845839,education-num (-108),education (-7),capital-loss (-4)
29452,-82.30408903728431,marital-status (-60),capital-gain (-24),age (-11)
17692,68.23258835174101,occupation (-65),native-country (-27),capital-gain (-24)
36168,114.80370446883003,capital-gain (-24),occupation (-4),capital-loss (-4)
24243,-15.93793667037522,marital-status (-93),education-num (-44),age (-13)
32753,-237.58688528914104,marital-status (-93),occupation (-65),relationship (-58)
5586,-151.9227429293372,marital-status (-93),occupation (-65),capital-gain (-24)
46604,-247.89465669032455,marital-status (-93),relationship (-58),age (-29)
42793,-6.2228313639980195,hours-per-week (-77),marital-status (-75),capital-gain (-24)
2179,-198.3270058136246,marital-status (-93),relationship (-58),capital-gain (-24)
15261,77.00871121128064,capital-gain (-24),education-num (-23),capital-loss (-4)
4325,-284.68397957735635,marital-status (-93),relationship (-58),occupation (-51)
29538,122.21734394772625,capital-gain (-24),education-num (-23),capital-loss (-4)
32641,-117.46854529669409,marital-status (-93),relationship (-58),capital-gain (-24)
20063,-129.4504000772549,marital-status (-75),hours-per-week (-46),workclass (-32)
15793,-403.81097019563424,education-num (-108),marital-status (-93),relationship (-58)
22563,87.14450000504972,capital-gain (-24),occupation (-4),capital-loss (-4)
43382,87.01149999975418,capital-gain (-24),education-num (-23),age (-6)
893,-308.6811226433727,marital-status (-93),occupation (-65),relationship (-58)
9692,4.207518183551584,education-num (-108),capital-gain (-24),education (-7)
38378,-192.46634711550493,marital-status (-93),occupation (-65),age (-27)
11943,-215.31985259506095,marital-status (-93),relationship (-58),capital-gain (-24)
43354,115.39863556495541,hours-per-week (-68),capital-gain (-24),capital-loss (-4)
30081,-143.29874455587338,marital-status (-60),capital-gain (-24),hours-per-week (-23)
16283,-141.80036635467675,marital-status (-60),occupation (-51),capital-gain (-24)
5922,-167.91621972379525,education-num (-173),occupation (-65),native-country (-50)
15515,37.18929135433388,marital-status (-93),capital-gain (-24),workclass (-17)
4721,-220.65636889016466,marital-status (-93),occupation (-65),hours-per-week (-34)
32254,86.71013507910737,capital-gain (-24),age (-4),occupation (-4)
43875,140.35810439774446,capital-gain (-24),education-num (-23),age (-21)
29370,-213.042721774794,education-num (-130),occupation (-74),native-country (-50)
18956,56.78313108807518,capital-gain (-24),education-num (-23),age (-8)
5365,-78.91762386670325,marital-status (-60),capital-gain (-24),relationship (-8)
5621,98.03007685951476,capital-gain (-24),age (-9),capital-loss (-4)
39747,-34.45843130413675,marital-status (-93),capital-gain (-24),age (-19)
4268,-350.74695130174223,marital-status (-93),education-num (-66),occupation (-65)
13071,111.42101567148669,hours-per-week (-81),capital-loss (-4),education-num (-2)
37266,-405.21764870664464,education-num (-108),marital-status (-93),occupation (-65)
40082,19.4211705536222,marital-status (-58),capital-gain (-24),relationship (-8)
20308,29.131547965387927,occupation (-74),workclass (-32),capital-gain (-24)
7734,138.72994331066565,education-num (-23),hours-per-week (-12),capital-loss (-4)
23255,-66.17809709145214,marital-status (-60),capital-gain (-24),education-num (-23)
40893,-201.18123061423984,marital-status (-93),occupation (-74),age (-27)
35154,-46.28096999135198,marital-status (-93),capital-gain (-24),education (-21)
36045,-72.90103017548012,relationship (-58),hours-per-week (-46),age (-27)
15939,66.48269215971047,marital-status (-93),relationship (-8),capital-loss (-4)
34972,66.80307258025222,capital-gain (-24),education-num (-23),occupation (-4)
23908,-264.17885523716774,marital-status (-93),relationship (-58),hours-per-week (-57)
30885,-57.438385762385664,marital-status (-75),hours-per-week (-46),capital-gain (-24)
41817,42.05168177451147,capital-gain (-24),education-num (-23),age (-22)
15798,-176.28915841583506,marital-status (-93),capital-gain (-24),education-num (-23)
26068,-75.65649578272715,marital-status (-93),capital-gain (-24),hours-per-week (-12)
26702,95.80317381769562,capital-gain (-24),capital-loss (-4),education-num (-2)
17848,-256.96473175218495,marital-status (-93),education-num (-66),occupation (-65)
40422,114.00171803737544,capital-gain (-24),education (-21),workclass (-17)
7540,-59.97443396496726,marital-status (-75),hours-per-week (-37),workclass (-32)
45284,45.32533717752563,capital-gain (-24),education-num (-23),age (-19)
4308,-117.78977068261281,education-num (-130),occupation (-51),age (-27)
30308,85.39855990353266,capital-gain (-24),age (-8),capital-loss (-4)
42430,66.60409729711766,capital-gain (-24),education-num (-23),capital-loss (-4)
4731,-253.75638555278942,marital-status (-93),relationship (-60),age (-31)
42987,-70.6081378416932,marital-status (-93),capital-gain (-24),age (-18)
27948,-135.03435733999186,marital-status (-93),capital-gain (-24),age (-24)
16524,-235.7461557017676,marital-status (-93),relationship (-58),hours-per-week (-46)
41004,137.47065268702477,capital-gain (-24),age (-8),capital-loss (-4)
42806,-426.50736534713184,marital-status (-93),education-num (-66),occupation (-65)
15464,139.4229096239095,capital-gain (-24),workclass (-17),hours-per-week (-12)
23172,-113.60919882280038,marital-status (-60),workclass (-32),capital-gain (-24)
46844,-55.55757173038033,marital-status (-60),capital-gain (-24),education-num (-23)
24580,-252.41332139418049,marital-status (-93),relationship (-58),workclass (-32)
12373,-245.29962344670773,marital-status (-93),relationship (-58),hours-per-week (-57)
4632,40.35710001117437,capital-gain (-24),education-num (-23),age (-11)
23152,37.864271452117286,marital-status (-93),capital-gain (-24),age (-6)
25076,9.448284401213307,education-num (-130),capital-gain (-24),capital-loss (-4)
27217,72.50360140737445,capital-gain (-24),age (-24),education-num (-23)
46706,-21.07954358870855,marital-status (-60),education-num (-23),occupation (-20)
22337,-61.524309311678564,marital-status (-60),capital-gain (-24),education-num (-23)
21048,-256.489918893155,marital-status (-93),hours-per-week (-68),relationship (-58)
7534,135.0870386538655,capital-gain (-24),capital-loss (-4),education-num (-2)
27337,-46.66443839422266,marital-status (-54),capital-gain (-24),education (-9)
6267,-217.08175078278117,occupation (-65),marital-status (-60),workclass (-32)
40508,-167.4883514103053,marital-status (-93),occupation (-65),age (-26)
24460,-215.41045631617342,education-num (-130),occupation (-65),marital-status (-60)
8028,-215.43714515165075,occupation (-65),marital-status (-60),education-num (-44)
20921,-252.09016534717884,marital-status (-93),hours-per-week (-64),relationship (-58)
14070,11.03918231631557,marital-status (-60),capital-gain (-24),workclass (-17)
43508,-55.53961863476802,education-num (-87),occupation (-65),capital-gain (-24)
23020,137.11760239277626,marital-status (-93),capital-gain (-24),hours-per-week (-1)
24540,-139.4964524990561,marital-status (-93),age (-26),capital-gain (-24)
42006,18.400595539956445,marital-status (-60),capital-gain (-24),age (-11)
32307,88.98468819001214,capital-gain (-24),education-num (-23),capital-loss (-4)
3678,-81.11569172959298,marital-status (-58),capital-gain (-24),occupation (-20)
44331,62.338131074654704,marital-status (-93),education-num (-23),age (-6)
38564,-58.37968254618601,marital-status (-58),capital-gain (-24),relationship (-8)
11094,-57.907268911839886,marital-status (-60),capital-gain (-24),education-num (-23)
23344,-184.58498136105501,occupation (-65),marital-status (-60),capital-gain (-24)
32344,77.8112066035876,hours-per-week (-34),capital-gain (-24),education-num (-23)
2589,-65.01442764360876,marital-status (-60),capital-gain (-24),education-num (-23)
36988,-291.992845253793,marital-status (-93),hours-per-week (-68),relationship (-58)
43198,-90.43051665447581,marital-status (-93),capital-gain (-24),education-num (-23)
47751,-223.2599401173729,occupation (-97),marital-status (-93),age (-32)
39735,-176.1253362948724,marital-status (-93),occupation (-51),capital-gain (-24)
30874,49.02423726996663,marital-status (-93),relationship (-58),capital-gain (-24)
31431,77.21442139599726,capital-gain (-24),age (-16),capital-loss (-4)
29153,64.96726959561057,capital-gain (-24),education-num (-23),capital-loss (-4)
29508,-184.48375260644295,education-num (-87),marital-status (-58),native-country (-34)
5195,-158.95191173195556,education-num (-87),marital-status (-75),capital-gain (-24)
10934,121.4087693366884,capital-gain (-24),capital-loss (-4),education-num (-2)
32708,-202.1001668935041,marital-status (-93),education-num (-44),workclass (-32)
35217,-119.47753360237266,marital-status (-93),capital-gain (-24),education-num (-23)
4663,-148.51623415945414,marital-status (-93),capital-gain (-24),education-num (-23)
15526,-53.704863898417784,marital-status (-93),capital-gain (-24),capital-loss (-4)
34089,-245.0719197472874,marital-status (-93),relationship (-58),hours-per-week (-34)
22632,-253.17614742957724,marital-status (-93),education-num (-66),age (-32)
18096,-279.72852205347215,marital-status (-93),relationship (-58),occupation (-51)
22653,-42.96251331077053,marital-status (-93),capital-gain (-24),education-num (-23)
18458,-68.92752468539936,marital-status (-60),capital-gain (-24),education-num (-23)
22523,-82.57193705512009,marital-status (-93),capital-gain (-24),age (-19)
32922,-246.87575184386304,marital-status (-93),relationship (-60),hours-per-week (-41)
7408,-245.7144401619147,occupation (-65),marital-status (-60),hours-per-week (-46)
25013,-110.80320315487063,marital-status (-93),occupation (-65),age (-27)
24253,-34.44766218499902,marital-status (-93),capital-gain (-24),age (-13)
11207,-91.94000145124647,marital-status (-93),capital-gain (-24),relationship (-8)
10301,110.73183618148983,workclass (-32),capital-gain (-24),education-num (-23)
33473,-310.4736802887874,marital-status (-93),occupation (-65),relationship (-58)
35554,-346.5728926362473,marital-status (-93),education-num (-66),relationship (-60)
45854,-279.0559816198077,education-num (-151),marital-status (-75),occupation (-65)
48521,2.1144976040458987,occupation (-74),age (-29),capital-gain (-24)
908,127.54805805536058,workclass (-32),capital-gain (-24),capital-loss (-4)
10239,-50.152120295221344,marital-status (-93),relationship (-60),capital-gain (-24)
35994,141.86307062389142,capital-gain (-24),age (-6),capital-loss (-4)
41565,104.27496666784091,capital-gain (-24),education-num (-23),capital-loss (-4)
633,-224.0606580917977,marital-status (-93),relationship (-58),capital-gain (-24)
25601,77.38637065620878,workclass (-32),capital-gain (-24),education-num (-23)
17425,142.01200890482198,workclass (-32),capital-gain (-24),capital-loss (-4)
39742,-158.51677900618873,marital-status (-93),capital-gain (-24),education-num (-23)
34624,-252.1194199180538,marital-status (-93),relationship (-58),age (-31)
16253,79.38487342281422,marital-status (-93),capital-gain (-24),hours-per-week (-1)
44905,-170.29779106119682,marital-status (-93),relationship (-58),capital-gain (-24)
45666,40.4148540730044,capital-gain (-24),age (-24),education-num (-23)
8595,25.492331160436738,marital-status (-54),capital-gain (-24),capital-loss (-4)
36194,-83.31591780588343,marital-status (-60),capital-gain (-24),education (-21)
2974,-152.74140676913737,education-num (-108),native-country (-50),workclass (-32)
12022,-47.88251300611269,marital-status (-60),capital-gain (-24),education-num (-23)
6915,-65.88543169364038,hours-per-week (-64),marital-status (-60),workclass (-32)
3856,40.92213714552217,workclass (-32),capital-gain (-24),education-num (-23)
43901,-247.20893681353257,marital-status (-93),relationship (-58),age (-26)
23102,19.442888516677936,marital-status (-60),capital-gain (-24),capital-loss (-4)
5382,-204.69699325695282,marital-status (-93),relationship (-58),capital-gain (-24)
39773,-133.29313128355676,marital-status (-93),occupation (-74),capital-gain (-24)
41400,121.28042869795834,capital-gain (-24),education (-9),capital-loss (-4)
22351,93.21150612226013,occupation (-74),workclass (-32),capital-gain (-24)
16463,-88.23293432660185,marital-status (-93),capital-gain (-24),age (-14)
17508,26.95972333567619,occupation (-74),workclass (-32),capital-gain (-24)
2484,69.62706809605221,hours-per-week (-34),capital-gain (-24),education-num (-23)
21581,-131.8698102582274,marital-status (-60),occupation (-51),capital-gain (-24)
29222,-256.93895598982397,marital-status (-93),education-num (-66),relationship (-58)
37394,53.05500731816017,education-num (-130),occupation (-5),capital-loss (-4)
43934,-168.0702467511289,marital-status (-93),capital-gain (-24),education-num (-23)
26014,-95.1066829372632,marital-status (-75),hours-per-week (-37),capital-gain (-24)
28000,99.20429486551785,capital-gain (-24),education-num (-23),age (-11)
36230,113.56910831451077,capital-gain (-24),capital-loss (-4),education-num (-2)
32028,-92.42834518210935,marital-status (-93),capital-gain (-24),age (-14)
22174,-109.53467535085315,marital-status (-93),capital-gain (-24),age (-11)
8869,-27.32388410611551,marital-status (-75),capital-gain (-24),education-num (-23)
18264,130.50927835078124,education-num (-23),age (-4),capital-loss (-4)
37211,-309.98836869842114,marital-status (-93),education-num (-87),relationship (-58)
7706,-215.02721105123564,marital-status (-93),relationship (-58),hours-per-week (-46)
41340,-9.303096080331276,hours-per-week (-46),age (-29),capital-gain (-24)
39753,-111.17150305236021,marital-status (-93),capital-gain (-24),age (-13)
24397,-31.481624172251447,marital-status (-58),workclass (-32),capital-gain (-24)
37633,68.80017959698128,education-num (-108),age (-18),education (-7)
33352,6.842656890000147,age (-29),capital-gain (-24),education-num (-23)
13610,70.85755482722347,marital-status (-93),capital-gain (-24),capital-loss (-4)
30752,85.71103278699798,capital-gain (-24),education-num (-23),capital-loss (-4)
36053,97.70382362575216,capital-gain (-24),education-num (-23),capital-loss (-4)
20825,-228.24759076453392,marital-status (-93),education-num (-87),age (-27)
47201,-102.65571816610841,occupation (-65),relationship (-60),native-country (-50)
45269,-75.99906330049461,marital-status (-60),capital-gain (-24),education-num (-23)
26387,-108.30125240469383,marital-status (-60),capital-gain (-24),education-num (-23)
16108,18.8341128206472,marital-status (-93),capital-gain (-24),capital-loss (-4)
20210,76.42506350616013,capital-gain (-24),education-num (-23),capital-loss (-4)
25543,-182.80764281552896,marital-status (-58),occupation (-51),capital-gain (-24)
12626,6.88326383282597,marital-status (-60),capital-gain (-24),capital-loss (-4)
17585,144.63240373980452,capital-gain (-24),age (-14),education (-9)
9502,-201.91336450560053,marital-status (-93),workclass (-32),age (-26)
6230,73.86493765285053,occupation (-65),workclass (-32),capital-gain (-24)
43554,-69.33254740634918,occupation (-65),hours-per-week (-64),workclass (-32)
33624,-77.70209988851093,occupation (-65),marital-status (-60),capital-gain (-24)
42212,-146.26962720580207,marital-status (-93),capital-gain (-24),age (-19)
12468,-114.96880902160166,marital-status (-93),relationship (-58),capital-gain (-24)
33158,116.85560663695142,marital-status (-60),capital-gain (-24),workclass (-17)
2965,-110.29737597847813,marital-status (-93),age (-29),capital-gain (-24)
32625,61.328235590488134,marital-status (-93),capital-gain (-24),age (-18)
22018,-38.484176788755676,education-num (-66),capital-gain (-24),occupation (-20)
37282,-301.9055330545703,marital-status (-93),hours-per-week (-68),education-num (-66)
34101,-21.547410548401462,marital-status (-75),workclass (-32),capital-gain (-24)
21235,-75.82139369929993,marital-status (-60),capital-gain (-24),education-num (-23)
12001,-119.35564155989562,marital-status (-93),capital-gain (-24),age (-21)
47558,-17.47564802208773,marital-status (-93),capital-gain (-24),education-num (-23)
1013,-278.7849908255488,education-num (-130),occupation (-65),marital-status (-58)
12531,35.01339011447029,marital-status (-60),capital-gain (-24),occupation (-5)
13520,-99.27968750438305,marital-status (-75),capital-gain (-24),relationship (-8)
46665,-190.9849739159787,marital-status (-93),relationship (-58),age (-31)
18772,86.38473561770236,hours-per-week (-73),capital-gain (-24),capital-loss (-4)
27185,115.93940169867693,capital-gain (-24),education-num (-23),occupation (-5)
2882,-276.53719034342663,marital-status (-93),occupation (-65),relationship (-58)
26139,-53.72986134259226,marital-status (-93),capital-gain (-24),education-num (-23)
5158,-274.2991312541372,marital-status (-93),occupation (-65),relationship (-58)
43316,103.94032155761907,capital-gain (-24),education (-21),age (-6)
4259,-92.4731519725087,marital-status (-60),hours-per-week (-50),capital-gain (-24)
22132,-210.6535635962758,marital-status (-93),relationship (-58),capital-gain (-24)
28765,52.135557798388405,capital-gain (-24),education-num (-23),age (-19)
7235,-88.36620422216438,marital-status (-58),capital-gain (-24),workclass (-17)
11593,143.53776892487693,capital-gain (-24),education-num (-23),capital-loss (-4)
26070,-83.54497526681996,marital-status (-93),age (-26),capital-gain (-24)
47070,-204.0804323261401,marital-status (-93),relationship (-58),age (-31)
171,-0.7970504783000163,marital-status (-93),capital-gain (-24),age (-8)
11433,79.40775645933734,capital-gain (-24),workclass (-17),age (-9)
17516,-123.55345813501751,marital-status (-93),age (-26),capital-gain (-24)
26987,-218.90995130125066,marital-status (-93),occupation (-65),capital-gain (-24)
25051,-16.90859814840621,marital-status (-93),capital-gain (-24),age (-19)
30304,-64.7846878860085,marital-status (-93),age (-26),capital-gain (-24)
43306,48.86649104464211,capital-gain (-24),education-num (-23),hours-per-week (-12)
27441,57.790435829649965,capital-gain (-24),age (-21),native-country (-13)
18069,-75.13177929834802,marital-status (-60),capital-gain (-24),education (-21)
9628,116.79136484818417,marital-status (-60),capital-gain (-24),workclass (-17)
38652,2.4766049247141444,marital-status (-93),capital-gain (-24),age (-4)
27443,-121.34120639646983,occupation (-65),relationship (-58),hours-per-week (-34)
28383,-127.91580389932042,marital-status (-58),capital-gain (-24),education-num (-23)
29588,-129.94429559777853,marital-status (-93),age (-32),capital-gain (-24)
33560,129.13644267871348,hours-per-week (-46),capital-gain (-24),age (-11)
23868,-70.02816649412557,marital-status (-93),capital-gain (-24),education-num (-23)
500,49.89563354289469,workclass (-32),capital-gain (-24),age (-9)
2411,48.541238518709754,capital-gain (-24),education-num (-23),occupation (-4)
9399,104.25113443178049,capital-gain (-24),education-num (-23),capital-loss (-4)
20009,-39.98682975713954,education-num (-108),capital-gain (-24),age (-14)
31224,34.04585193990991,occupation (-65),capital-gain (-24),education-num (-23)
41494,-27.900351378970708,marital-status (-93),capital-gain (-24),age (-6)
13882,47.22835249947248,capital-gain (-24),education-num (-23),occupation (-20)
19686,142.90536360061293,capital-gain (-24),capital-loss (-4),workclass (-3)
39604,0.13403710016124282,marital-status (-60),capital-gain (-24),age (-6)
27768,-64.71529669689863,marital-status (-60),capital-gain (-24),workclass (-17)
40603,115.2188562201967,age (-27),capital-gain (-24),education (-21)
17446,-103.82513422611495,marital-status (-60),capital-gain (-24),education-num (-23)
13342,-143.6057510549329,marital-status (-93),capital-gain (-24),education-num (-23)
9490,-12.134210695648404,occupation (-65),capital-gain (-24),education-num (-23)
30711,7.737371161739179,education-num (-66),age (-29),capital-gain (-24)
22481,119.781684235466,workclass (-32),capital-gain (-24),capital-loss (-4)
19791,-63.59618608601628,marital-status (-75),capital-gain (-24),education-num (-23)
8174,-1.0220010502481973,marital-status (-60),education-num (-23),age (-14)
10128,57.03998422410885,hours-per-week (-73),capital-gain (-24),education-num (-23)
18865,-144.6265123416927,education-num (-173),marital-status (-60),capital-gain (-24)
31522,-106.18365937081956,marital-status (-60),education-num (-44),capital-gain (-24)
17040,-199.0094059845281,marital-status (-93),occupation (-74),capital-gain (-24)
42042,-387.2505153501793,education-num (-173),marital-status (-93),occupation (-74)
47295,49.82732787301483,education-num (-130),occupation (-4),capital-loss (-4)
25539,-283.68805161077046,education-num (-66),occupation (-65),marital-status (-60)
26394,93.8488860315078,capital-gain (-24),occupation (-20),capital-loss (-4)
13257,128.77763280944976,capital-gain (-24),education-num (-23),occupation (-4)
10871,-278.8255353666865,marital-status (-93),relationship (-58),hours-per-week (-57)
11264,-253.75624761956092,marital-status (-93),relationship (-58),age (-32)
17193,-48.384320434279715,education-num (-87),occupation (-74),workclass (-32)
11865,-86.66644962060414,education-num (-66),occupation (-65),hours-per-week (-39)
39903,21.646098673295167,marital-status (-58),capital-gain (-24),capital-loss (-4)
23468,32.07147044472204,occupation (-74),workclass (-32),capital-gain (-24)
1827,24.847761606578022,capital-gain (-24),education-num (-23),occupation (-20)
14773,-206.5905503034245,marital-status (-93),relationship (-58),age (-29)
144,-102.22841160718798,marital-status (-93),relationship (-58),capital-gain (-24)
46876,-21.241256504749366,marital-status (-54),capital-gain (-24),relationship (-8)
8103,-85.94778535358344,marital-status (-75),hours-per-week (-55),capital-gain (-24)
24996,58.60904502880227,hours-per-week (-55),capital-gain (-24),education-num (-23)
24514,-288.8127630291416,marital-status (-93),occupation (-65),relationship (-58)
6488,-67.02556690312207,marital-status (-60),capital-gain (-24),occupation (-5)
43823,-89.60226356400659,marital-status (-93),capital-gain (-24),age (-4)
47141,123.45256437305373,education-num (-23),occupation (-20),capital-loss (-4)
16604,-148.85197194528826,marital-status (-93),education-num (-66),capital-gain (-24)
46532,-170.92897409727527,marital-status (-93),occupation (-74),age (-26)
44773,-319.61657000834543,marital-status (-93),occupation (-65),relationship (-58)
9880,-299.3650016631094,education-num (-66),relationship (-60),marital-status (-58)
16902,-263.7942394179723,marital-status (-75),education-num (-66),occupation (-65)
13396,-181.71937448014464,marital-status (-93),occupation (-65),capital-gain (-24)
8320,-173.02570819881186,marital-status (-93),occupation (-51),capital-gain (-24)
47427,82.98832250066661,marital-status (-58),capital-gain (-24),workclass (-17)
28166,-79.26910818962307,marital-status (-93),capital-gain (-24),education (-21)
40570,-55.86369234200316,marital-status (-60),capital-gain (-24),workclass (-17)
12908,32.496903185908764,age (-26),capital-gain (-24),education-num (-23)
8640,-7.147159384620298,education-num (-151),capital-gain (-24),occupation (-20)
37166,-345.270816304254,marital-status (-93),occupation (-65),relationship (-58)
23138,40.43527574386625,marital-status (-60),capital-gain (-24),capital-loss (-4)
48224,-225.31225984465695,marital-status (-93),native-country (-50),hours-per-week (-37)
30596,-30.921171930344006,education-num (-151),capital-gain (-24),occupation (-4)
46775,-303.68265791921704,marital-status (-93),occupation (-65),relationship (-58)
11885,-117.71881385838853,marital-status (-93),capital-gain (-24),age (-19)
6972,29.13909070904027,workclass (-32),capital-gain (-24),education-num (-23)
13123,87.2666935809466,marital-status (-75),education-num (-23),relationship (-8)
23197,-16.72417776184303,marital-status (-93),capital-gain (-24),relationship (-8)
8892,64.96726959561057,capital-gain (-24),education-num (-23),capital-loss (-4)
5508,-57.91746579310046,education-num (-87),workclass (-32),capital-gain (-24)
10075,-126.4595849488295,marital-status (-93),capital-gain (-24),education-num (-23)
43730,93.97717171601893,workclass (-32),capital-gain (-24),capital-loss (-4)
32090,143.526944563852,workclass (-32),capital-gain (-24),education-num (-23)
10331,-61.36751405410695,marital-status (-93),capital-gain (-24),age (-24)
11549,131.1908403450988,capital-gain (-24),capital-loss (-4),age (-3)
13028,129.05791091601913,capital-gain (-24),capital-loss (-4),education-num (-2)
23079,93.59951227109077,hours-per-week (-46),capital-gain (-24),capital-loss (-4)
21976,41.74956484263756,marital-status (-60),capital-gain (-24),capital-loss (-4)
13573,56.78313108807518,capital-gain (-24),education-num (-23),age (-8)
42548,-332.4634126109441,education-num (-151),occupation (-65),marital-status (-58)
20798,98.96034309559002,capital-gain (-24),education-num (-23),capital-loss (-4)
29208,75.7772568103886,capital-gain (-24),education-num (-23),age (-21)
37781,42.156560411140624,marital-status (-60),capital-gain (-24),capital-loss (-4)
327,-416.5193947430208,marital-status (-93),education-num (-66),occupation (-65)
17169,65.36174290056145,workclass (-32),capital-gain (-24),education-num (-23)
26847,84.43294313694855,relationship (-60),capital-gain (-24),capital-loss (-4)
32189,-269.5213093112307,marital-status (-93),occupation (-65),relationship (-58)
30811,-250.12847890070805,marital-status (-93),occupation (-65),native-country (-29)
4116,-174.32904255829806,marital-status (-93),relationship (-58),capital-gain (-24)
3943,-47.95190101268409,occupation (-74),education-num (-66),workclass (-32)
19212,-151.81629257449262,marital-status (-93),workclass (-32),capital-gain (-24)
27479,93.41806353307419,hours-per-week (-46),capital-gain (-24),education-num (-23)
13813,-185.9463025039149,marital-status (-93),occupation (-51),capital-gain (-24)
43102,-105.77542477370602,occupation (-65),relationship (-58),age (-27)
31830,75.48878835103515,capital-gain (-24),education-num (-23),occupation (-20)
12671,-279.72852205347215,marital-status (-93),relationship (-58),occupation (-51)
13099,-159.77903652592894,marital-status (-93),relationship (-58),capital-gain (-24)
16765,-182.57374695412818,marital-status (-93),relationship (-60),education-num (-44)
32974,22.119269987664946,age (-29),capital-gain (-24),education-num (-23)
43650,-229.08421125743817,education-num (-151),occupation (-51),native-country (-50)
19857,-406.9659269980806,marital-status (-93),education-num (-66),occupation (-65)
6054,-145.45232104883564,marital-status (-58),education-num (-44),capital-gain (-24)
4750,-312.0217033701754,marital-status (-93),education-num (-66),relationship (-58)
14213,-51.18975614479224,marital-status (-93),capital-gain (-24),occupation (-5)
11359,52.91672469502634,capital-gain (-24),education-num (-23),age (-21)
4302,-92.47499837945111,marital-status (-93),age (-27),capital-gain (-24)
41325,-194.2586293189929,marital-status (-93),relationship (-58),age (-34)
47083,113.36615982311281,capital-gain (-24),education (-21),age (-9)
7970,-271.7082999439062,marital-status (-93),relationship (-58),hours-per-week (-57)
36211,-104.53653777528177,marital-status (-75),hours-per-week (-55),capital-gain (-24)
6688,-186.77094828414485,marital-status (-93),relationship (-58),age (-32)
11694,-319.0743218923982,education-num (-173),marital-status (-93),native-country (-54)
48287,51.60514951945162,capital-gain (-24),age (-24),education-num (-23)
25609,-252.23543456410448,marital-status (-93),occupation (-65),hours-per-week (-64)
4034,-67.52444542419761,marital-status (-60),capital-gain (-24),education-num (-23)
43203,43.34259878703392,hours-per-week (-32),capital-gain (-24),education-num (-23)
44095,-81.79843328814044,marital-status (-93),capital-gain (-24),age (-18)
23659,-266.83087038541487,occupation (-65),marital-status (-60),relationship (-58)
48095,-331.1904063477447,education-num (-130),marital-status (-93),occupation (-74)
38030,66.02508568671527,hours-per-week (-64),capital-gain (-24),education-num (-23)
46226,103.67025638358656,capital-gain (-24),education-num (-23),capital-loss (-4)
45098,119.50444317107899,capital-gain (-24),capital-loss (-4),education-num (-2)
7253,-126.45002518652242,marital-status (-93),capital-gain (-24),age (-22)
47628,33.690874017785234,marital-status (-60),capital-gain (-24),capital-loss (-4)
23409,-316.2630230265953,education-num (-108),marital-status (-93),hours-per-week (-57)
37590,-21.981725040561688,education-num (-108),capital-gain (-24),education (-7)
14579,-86.36519329363816,marital-status (-60),capital-gain (-24),education-num (-23)
7951,-149.87765045231941,marital-status (-93),relationship (-58),age (-31)
36662,69.19739724045144,occupation (-65),capital-gain (-24),age (-21)
12355,-244.75678834528222,marital-status (-93),occupation (-74),relationship (-58)
6666,-114.78175916387778,marital-status (-93),age (-26),capital-gain (-24)
26806,-237.7995167564056,marital-status (-93),occupation (-65),relationship (-58)
32146,-200.04323949739617,marital-status (-93),relationship (-58),capital-gain (-24)
4009,-88.00564666956666,marital-status (-93),relationship (-58),capital-gain (-24)
7556,-208.6767155538803,marital-status (-93),occupation (-65),age (-27)
11774,1.9254457721330596,native-country (-86),capital-gain (-24),education-num (-23)
3820,-71.78666535555445,marital-status (-60),capital-gain (-24),relationship (-8)
40701,-200.15533221847386,marital-status (-93),education-num (-87),capital-gain (-24)
45392,79.05091221340275,capital-gain (-24),education-num (-23),age (-18)
41561,-11.224243986015285,education-num (-87),capital-gain (-24),age (-11)
26283,118.13511393367423,capital-gain (-24),capital-loss (-4),education-num (-2)
23033,5.652947169191809,occupation (-65),capital-gain (-24),education-num (-23)
20105,-220.71810971066597,marital-status (-93),occupation (-74),relationship (-58)
7974,114.822563330028,capital-gain (-24),age (-19),capital-loss (-4)
38951,-302.76973666171693,education-num (-108),marital-status (-93),relationship (-58)
20064,89.17789749043837,workclass (-32),capital-gain (-24),education-num (-23)
45112,10.320703754016495,education-num (-87),capital-gain (-24),occupation (-20)
1635,-127.77793735247255,marital-status (-60),capital-gain (-24),hours-per-week (-23)
27988,142.42003099217808,capital-gain (-24),capital-loss (-4),education-num (-2)
5947,-218.5472227350496,marital-status (-93),relationship (-58),age (-26)
40869,-111.7538501619419,marital-status (-60),hours-per-week (-34),capital-gain (-24)
2993,-30.05348371387964,marital-status (-93),capital-gain (-24),hours-per-week (-12)
18829,-30.311054340090383,marital-status (-60),capital-gain (-24),education (-9)
48086,-353.06556430521005,marital-status (-93),hours-per-week (-84),occupation (-65)
21099,-244.69839205892538,marital-status (-93),relationship (-58),hours-per-week (-55)
16538,-185.4124091428774,occupation (-65),marital-status (-58),capital-gain (-24)
8970,113.11182106158608,capital-gain (-24),capital-loss (-4),education-num (-2)
8108,-15.150616080693288,marital-status (-60),capital-gain (-24),age (-8)
25048,89.4530760618978,workclass (-32),capital-gain (-24),education-num (-23)
6531,-113.35184498608703,marital-status (-75),age (-26),capital-gain (-24)
45558,-39.84186260385497,occupation (-74),capital-gain (-24),hours-per-week (-23)
25283,-177.8627959986418,marital-status (-93),occupation (-51),capital-gain (-24)
45038,-127.46546446900726,marital-status (-60),capital-gain (-24),education-num (-23)
4550,-178.05802852004598,marital-status (-93),education-num (-66),capital-gain (-24)
4494,65.21362587641036,hours-per-week (-46),capital-gain (-24),age (-9)
17244,-137.93228582222045,education-num (-87),marital-status (-60),capital-gain (-24)
22300,92.60801562040984,workclass (-32),capital-gain (-24),education (-21)
30737,-221.2213676147259,marital-status (-93),relationship (-58),age (-26)
30155,85.01636454026726,marital-status (-60),capital-gain (-24),capital-loss (-4)
7371,-125.61449217536983,marital-status (-93),occupation (-65),capital-gain (-24)
48166,-109.76237905027347,marital-status (-93),capital-gain (-24),hours-per-week (-23)
16898,72.0836002757869,workclass (-32),capital-gain (-24),education-num (-23)
6700,8.745648147502399,marital-status (-93),capital-gain (-24),age (-16)
10781,-3.8245064687233468,education-num (-87),capital-gain (-24),hours-per-week (-23)
13761,-188.26668528617296,marital-status (-93),occupation (-65),capital-gain (-24)
33920,-104.89077041670174,marital-status (-60),capital-gain (-24),workclass (-17)
16022,-149.16273001156316,marital-status (-93),age (-34),capital-gain (-24)
2873,-10.692336137342535,marital-status (-93),capital-gain (-24),age (-13)
7597,97.21357836182315,hours-per-week (-34),capital-gain (-24),capital-loss (-4)
3846,-60.81606086604384,education-num (-108),workclass (-32),capital-gain (-24)
20859,-104.05557759217353,occupation (-65),marital-status (-60),capital-gain (-24)
4417,-25.010161302935092,marital-status (-93),capital-gain (-24),age (-21)
5324,-274.3441690746277,education-num (-87),marital-status (-60),relationship (-60)
6805,-129.8667094360633,marital-status (-93),relationship (-58),age (-29)
40121,-217.05105659002484,marital-status (-93),relationship (-60),workclass (-32)
412,-193.54383933977567,marital-status (-93),relationship (-58),occupation (-51)
29248,-112.04906248173108,marital-status (-60),workclass (-32),capital-gain (-24)
11638,-303.64976356706495,occupation (-97),marital-status (-75),relationship (-58)
968,-3.292611423927778,occupation (-65),capital-gain (-24),education-num (-23)
46290,-13.819158826846452,marital-status (-93),workclass (-32),capital-gain (-24)
33911,-4.398168230347312,occupation (-51),capital-gain (-24),education-num (-23)
36751,-237.01774275044224,education-num (-66),marital-status (-60),hours-per-week (-46)
46990,-110.88102368359864,marital-status (-93),age (-26),capital-gain (-24)
47993,4.378174643331174,hours-per-week (-37),capital-gain (-24),age (-24)
42783,106.66454038065761,capital-gain (-24),education-num (-23),occupation (-4)
30882,21.68376753379152,marital-status (-93),capital-gain (-24),age (-16)
38092,36.305555517127566,capital-gain (-24),education-num (-23),occupation (-20)
739,-116.03904910475086,occupation (-65),marital-status (-54),capital-gain (-24)
13745,-135.24426691667537,education-num (-108),marital-status (-54),capital-gain (-24)
15446,-0.5159783445388628,marital-status (-93),education-num (-23),capital-loss (-4)
43408,-174.75290875434558,marital-status (-93),relationship (-60),capital-gain (-24)
43704,38.006163428873016,marital-status (-93),capital-gain (-24),age (-19)
39152,-92.47074364098282,marital-status (-93),capital-gain (-24),education-num (-23)
20077,-166.55317579292512,marital-status (-93),hours-per-week (-68),capital-gain (-24)
45758,145.0458796994207,capital-gain (-24),capital-loss (-4),education-num (-2)
440,98.70234086537884,education-num (-23),age (-11),occupation (-5)
6958,-106.76782802860416,marital-status (-93),capital-gain (-24),education-num (-23)
29717,-173.175641186652,education-num (-108),occupation (-65),marital-status (-60)
918,97.0660982163545,capital-gain (-24),hours-per-week (-12),occupation (-4)
22240,3.2546993821005428,occupation (-65),capital-gain (-24),education-num (-23)
7906,-316.3057032649542,marital-status (-93),relationship (-60),occupation (-51)
37720,110.1004081575457,marital-status (-54),capital-gain (-24),capital-loss (-4)
39474,-118.95753667362953,marital-status (-93),relationship (-58),age (-26)
10744,-20.04061699942933,relationship (-60),age (-29),capital-gain (-24)
24687,-54.34168179346095,marital-status (-60),hours-per-week (-28),capital-gain (-24)
6370,121.34008045383554,capital-gain (-24),education (-21),age (-18)
35284,-370.5903112306488,marital-status (-93),hours-per-week (-68),education-num (-66)
28832,-138.9249750174808,marital-status (-93),relationship (-58),capital-gain (-24)
27852,-411.6413636768374,marital-status (-93),education-num (-87),occupation (-65)
4780,-72.70132792944159,marital-status (-93),capital-gain (-24),age (-22)
17691,-182.61510488275619,marital-status (-75),occupation (-65),capital-gain (-24)
26944,140.53269182838707,capital-gain (-24),education (-21),capital-loss (-4)
47401,139.67903420865815,capital-gain (-24),occupation (-5),capital-loss (-4)
9738,-318.20989149733504,marital-status (-93),relationship (-58),occupation (-51)
35088,-235.20597911888197,marital-status (-93),relationship (-58),age (-29)
32627,-312.810692530981,education-num (-130),marital-status (-93),native-country (-50)
13416,-210.091909405859,marital-status (-93),relationship (-58),age (-27)
47964,-405.32909929657353,marital-status (-93),education-num (-66),occupation (-65)
45222,-127.45501088338605,marital-status (-93),capital-gain (-24),education-num (-23)
40760,-55.72763305412413,marital-status (-58),capital-gain (-24),age (-6)
11317,-358.0979394522084,marital-status (-93),occupation (-65),relationship (-58)
13027,8.935530960483344,occupation (-51),capital-gain (-24),education-num (-23)
47818,-180.22363747811656,marital-status (-93),relationship (-58),age (-26)
7098,-2.5222629500662093,occupation (-51),capital-gain (-24),education-num (-23)
14616,-287.72748578987387,marital-status (-93),occupation (-65),relationship (-58)
44737,-320.55300195827067,education-num (-66),marital-status (-58),occupation (-51)
15938,-167.72571068809418,marital-status (-93),age (-31),capital-gain (-24)
19149,-179.56608818206033,marital-status (-93),relationship (-58),workclass (-32)
31207,-231.53213006993374,marital-status (-93),relationship (-58),hours-per-week (-46)
44886,-46.72441181106698,education-num (-151),workclass (-32),capital-gain (-24)
28443,-74.83539385265121,marital-status (-60),capital-gain (-24),education-num (-23)
27060,-171.43058747544168,marital-status (-93),relationship (-58),age (-26)
3583,115.04153385146914,capital-gain (-24),education (-9),capital-loss (-4)
6375,-113.59584992234772,marital-status (-93),age (-32),capital-gain (-24)
1591,-318.0566558266121,marital-status (-93),relationship (-58),native-country (-47)
40536,-113.82363414322444,marital-status (-60),capital-gain (-24),education-num (-23)
15982,-43.273202459484935,marital-status (-93),capital-gain (-24),age (-4)
11448,-334.5997197451661,marital-status (-93),relationship (-60),occupation (-51)
34552,98.76473690361782,capital-gain (-24),education-num (-23),capital-loss (-4)
27908,-70.1292883196667,education-num (-87),occupation (-74),capital-gain (-24)
18536,-137.24247105262828,occupation (-65),marital-status (-58),capital-gain (-24)
6451,-181.4133554121515,marital-status (-93),occupation (-65),workclass (-32)
29683,-36.73953028773884,marital-status (-60),capital-gain (-24),age (-19)
13946,53.33196389515236,hours-per-week (-68),capital-gain (-24),education-num (-23)
20183,-187.71131851296454,marital-status (-93),relationship (-58),age (-27)
25249,-158.69423754015105,education-num (-108),marital-status (-60),hours-per-week (-34)
47491,-227.3985853299271,marital-status (-60),relationship (-60),occupation (-51)
6093,15.243764187737636,occupation (-51),capital-gain (-24),education-num (-23)
45935,54.310660233705434,capital-gain (-24),education-num (-23),occupation (-20)
3478,-101.89782715584627,marital-status (-60),capital-gain (-24),education-num (-23)
29346,69.04709674848459,hours-per-week (-46),capital-gain (-24),capital-loss (-4)
43545,-42.63180069253441,marital-status (-93),capital-gain (-24),age (-21)
45399,-110.4967348665542,marital-status (-93),relationship (-58),capital-gain (-24)
35347,69.84400267633484,capital-gain (-24),education-num (-23),occupation (-5)
21322,38.77802637149731,age (-26),capital-gain (-24),education-num (-23)
3352,26.68914953612745,relationship (-58),marital-status (-54),capital-gain (-24)
48816,-239.19849240564554,marital-status (-93),relationship (-58),education-num (-44)
8005,-270.45866757909374,marital-status (-93),hours-per-week (-68),relationship (-58)
24147,10.089909280989998,workclass (-32),capital-gain (-24),education-num (-23)
24103,120.35475254219702,capital-gain (-24),education-num (-23),capital-loss (-4)
12885,-273.0977893814404,occupation (-97),marital-status (-93),native-country (-50)
26211,2.3720610165014078,marital-status (-93),capital-gain (-24),age (-9)
16502,-138.4383999739958,education-num (-173),marital-status (-60),capital-gain (-24)
1782,99.84973111052699,capital-gain (-24),education-num (-23),occupation (-4)
10605,84.2288937820263,capital-gain (-24),education-num (-23),capital-loss (-4)
16442,-238.55188371933562,marital-status (-93),occupation (-65),capital-gain (-24)
47439,-75.63445187286817,marital-status (-93),capital-gain (-24),relationship (-8)
38063,111.67625736460361,hours-per-week (-37),capital-gain (-24),capital-loss (-4)
37095,-53.155882407365525,occupation (-65),marital-status (-58),capital-gain (-24)
41923,135.07240489993347,age (-27),capital-gain (-24),capital-loss (-4)
30258,97.05532909721677,capital-gain (-24),occupation (-4),capital-loss (-4)
11710,17.900098969578483,occupation (-65),capital-gain (-24),age (-13)
3106,-275.6339906291774,marital-status (-93),occupation (-74),relationship (-58)
6249,84.5237340961786,workclass (-32),capital-gain (-24),education-num (-23)
21445,48.59899258053979,capital-gain (-24),education-num (-23),age (-16)
35285,-232.19733781242545,marital-status (-93),education-num (-87),age (-29)
22978,89.51968511821677,capital-gain (-24),education-num (-23),capital-loss (-4)
38945,-144.57096250596928,marital-status (-93),age (-32),capital-gain (-24)
5997,95.21952611257514,capital-gain (-24),capital-loss (-4),education-num (-2)
44715,-11.886838155574617,marital-status (-58),capital-gain (-24),hours-per-week (-10)
15641,16.613093425142385,occupation (-51),capital-gain (-24),education-num (-23)
30580,82.39109212095825,capital-gain (-24),occupation (-20),age (-4)
25905,10.431032711056812,occupation (-65),capital-gain (-24),age (-16)
17928,59.94397672352244,capital-gain (-24),education-num (-23),age (-14)
27701,-242.72242551638098,marital-status (-93),relationship (-58),hours-per-week (-57)
27250,-0.2586623866896318,occupation (-74),capital-gain (-24),education-num (-23)
22930,74.4889717801568,capital-gain (-24),hours-per-week (-19),education (-9)
29292,-82.95852156141808,marital-status (-93),relationship (-58),capital-gain (-24)
45562,-303.8282643408423,marital-status (-93),occupation (-65),relationship (-58)
23433,-188.29496621808505,marital-status (-93),relationship (-58),capital-gain (-24)
24087,-8.811003680269568,occupation (-65),capital-gain (-24),education-num (-23)
17017,-88.84634347968881,marital-status (-93),capital-gain (-24),hours-per-week (-10)
26503,-216.6392202118873,marital-status (-93),relationship (-58),age (-34)
26382,-268.42252566273453,marital-status (-93),education-num (-66),occupation (-65)
42902,-324.2870008455289,education-num (-108),marital-status (-93),relationship (-60)
6751,-36.10160078571581,relationship (-60),hours-per-week (-46),capital-gain (-24)
35813,-78.49802269559865,marital-status (-93),capital-gain (-24),age (-19)
1164,-104.54987664790815,marital-status (-60),capital-gain (-24),education-num (-23)
12797,11.3351016657462,marital-status (-60),capital-gain (-24),capital-loss (-4)
262,-97.20275436642152,marital-status (-93),capital-gain (-24),age (-16)
34523,-225.3850129098395,marital-status (-93),relationship (-58),capital-gain (-24)
29702,-62.66024758270192,marital-status (-60),capital-gain (-24),occupation (-20)
44409,44.6972513455123,occupation (-65),capital-gain (-24),age (-14)
26853,-177.6654253980047,marital-status (-93),relationship (-58),age (-26)
180,62.75324043294329,marital-status (-93),relationship (-58),age (-8)
12502,98.64787021212472,capital-gain (-24),hours-per-week (-12),capital-loss (-4)
45472,-107.14475401111079,occupation (-65),relationship (-58),capital-gain (-24)
40227,-339.75234580527285,marital-status (-93),occupation (-74),relationship (-58)
42791,-146.64299784241769,marital-status (-60),relationship (-58),capital-gain (-24)
34839,90.19623324048699,capital-gain (-24),age (-13),capital-loss (-4)
2135,-272.9746820333456,marital-status (-93),relationship (-58),hours-per-week (-57)
31793,-192.17435066682904,marital-status (-93),relationship (-58),hours-per-week (-46)
3124,113.15679548094906,capital-gain (-24),education-num (-23),capital-loss (-4)
28442,-155.1760284873476,marital-status (-93),relationship (-58),age (-31)
46390,-19.75045274831619,marital-status (-54),capital-gain (-24),education (-9)
37412,-255.46310314885395,education-num (-130),marital-status (-75),occupation (-65)
976,-143.23425129167964,marital-status (-93),relationship (-58),age (-26)
20068,76.36632111168993,capital-gain (-24),age (-21),capital-loss (-4)
11451,-173.99086093876636,marital-status (-93),occupation (-65),capital-gain (-24)
4101,-276.53719034342663,marital-status (-93),occupation (-65),relationship (-58)
39377,-266.98372259848645,marital-status (-93),occupation (-65),relationship (-58)
37305,-3.6154343204668544,marital-status (-93),capital-gain (-24),capital-loss (-4)
32259,-185.7360798771167,marital-status (-93),relationship (-58),native-country (-38)
27581,-213.14772253998726,marital-status (-93),occupation (-51),education-num (-44)
30274,-192.76911986859042,occupation (-65),marital-status (-60),capital-gain (-24)
36580,-345.19608273926985,marital-status (-93),education-num (-87),relationship (-58)
43739,101.77305480128412,capital-gain (-24),education (-21),age (-8)
600,89.29195111717465,capital-gain (-24),education-num (-23),occupation (-20)
41378,73.1687407622272,marital-status (-60),capital-gain (-24),capital-loss (-4)
9846,-327.7104802485012,marital-status (-93),hours-per-week (-84),occupation (-65)
43156,-223.50399110259636,marital-status (-93),relationship (-58),age (-31)
2136,-0.8371396540928615,education-num (-66),capital-gain (-24),occupation (-20)
20191,-107.11086552152298,marital-status (-60),capital-gain (-24),hours-per-week (-23)
34609,-2.424072916291226,education-num (-108),occupation (-65),capital-gain (-24)
4324,-40.94251142502654,occupation (-74),education-num (-66),capital-gain (-24)
12996,11.615388750850444,marital-status (-54),hours-per-week (-46),workclass (-32)
32352,75.02731338342707,capital-gain (-24),education-num (-23),workclass (-17)
46416,-248.98381007288293,marital-status (-93),relationship (-60),native-country (-54)
36577,-229.17842165362933,marital-status (-93),relationship (-58),hours-per-week (-55)
24324,-171.83217381152448,marital-status (-93),occupation (-65),capital-gain (-24)
6420,-111.50351511159573,marital-status (-93),capital-gain (-24),education-num (-23)
36870,112.10969262800242,capital-gain (-24),age (-22),occupation (-5)
24994,114.29692762590764,hours-per-week (-46),capital-gain (-24),education (-9)
3028,-85.1482716195338,marital-status (-93),relationship (-60),capital-gain (-24)
648,-85.6706448574482,marital-status (-60),capital-gain (-24),education-num (-23)
41208,-182.94815365954796,occupation (-65),marital-status (-60),capital-gain (-24)
46755,-241.29054219414513,marital-status (-93),occupation (-65),capital-gain (-24)
24840,21.70061385049475,marital-status (-93),capital-gain (-24),age (-21)
31320,-7.502845948352096,native-country (-54),capital-gain (-24),education-num (-23)
1423,-204.2301721701324,marital-status (-93),education-num (-87),age (-26)
23495,-44.145187123719964,marital-status (-60),native-country (-50),capital-gain (-24)
36904,-139.4964524990561,marital-status (-93),age (-26),capital-gain (-24)
8295,-93.6065037722368,marital-status (-75),capital-gain (-24),relationship (-8)
34921,-120.14499944973272,marital-status (-93),capital-gain (-24),education-num (-23)
2738,104.4630624991778,capital-gain (-24),education (-21),capital-loss (-4)
45375,63.914089599223985,capital-gain (-24),education-num (-23),age (-4)
12002,-74.48302463248973,marital-status (-93),capital-gain (-24),age (-19)
25142,-83.9676943825169,marital-status (-58),capital-gain (-24),relationship (-8)
36588,89.51426239640908,workclass (-32),capital-gain (-24),education (-9)
5396,58.36168650112813,marital-status (-93),capital-gain (-24),capital-loss (-4)
44158,64.96726959561057,capital-gain (-24),education-num (-23),capital-loss (-4)
16471,-109.1588890722602,marital-status (-60),hours-per-week (-28),capital-gain (-24)
16117,-164.1284027777339,marital-status (-93),relationship (-60),age (-29)
13469,-239.72984013977793,occupation (-65),marital-status (-60),workclass (-32)
7276,-252.7499209395217,marital-status (-93),relationship (-58),occupation (-51)
984,124.94758489509447,capital-gain (-24),age (-14),occupation (-5)
31306,-236.18361928719196,marital-status (-93),education-num (-66),occupation (-51)
17669,-192.62180161748577,marital-status (-93),relationship (-58),age (-32)
40748,-135.5078011855792,marital-status (-93),relationship (-58),capital-gain (-24)
43315,-28.208020222241192,marital-status (-93),capital-gain (-24),occupation (-4)
28437,-167.02413565818267,marital-status (-93),relationship (-58),capital-gain (-24)
16343,66.54634323528762,capital-gain (-24),education-num (-23),occupation (-4)
37181,74.5416742617797,workclass (-32),capital-gain (-24),education-num (-23)
15787,-8.25066201203152,marital-status (-60),capital-gain (-24),education-num (-23)
42052,-92.9075827421182,marital-status (-93),hours-per-week (-34),capital-gain (-24)
1606,1.1028286774942593,hours-per-week (-79),capital-gain (-24),age (-18)
28407,-340.8692473398691,marital-status (-93),education-num (-87),relationship (-58)
37048,118.09621873304215,capital-gain (-24),age (-16),capital-loss (-4)
39132,4.155240577809873,hours-per-week (-46),age (-31),capital-gain (-24)
9729,-35.084258448869825,education-num (-173),native-country (-50),capital-gain (-24)
1686,77.85203080470379,marital-status (-60),capital-gain (-24),age (-14)
32440,60.0996644315216,capital-gain (-24),education-num (-23),hours-per-week (-19)
22893,-197.4414456880701,marital-status (-93),occupation (-65),age (-32)
29530,35.74344854725718,capital-gain (-24),education-num (-23),workclass (-17)
46126,32.40139909264554,occupation (-51),capital-gain (-24),capital-loss (-4)
16791,-40.78041521131682,marital-status (-54),occupation (-51),capital-gain (-24)
45150,58.555275738049275,marital-status (-75),capital-gain (-24),capital-loss (-4)
41367,-69.1612731257047,marital-status (-60),capital-gain (-24),education-num (-23)
40206,134.98539241472926,marital-status (-60),capital-gain (-24),relationship (-8)
5847,140.18037101426242,capital-gain (-24),education-num (-23),capital-loss (-4)
9707,62.390929044814975,education-num (-130),capital-gain (-24),occupation (-4)
19866,-342.4593776160977,marital-status (-93),occupation (-65),relationship (-60)
2686,-204.32389077039736,marital-status (-93),hours-per-week (-77),relationship (-58)
12042,72.87314051990592,capital-gain (-24),education-num (-23),age (-9)
42168,-196.04277527160457,occupation (-65),marital-status (-60),capital-gain (-24)
36321,8.56903498624004,marital-status (-93),age (-21),occupation (-4)
48419,-66.1190993554321,marital-status (-93),education-num (-66),relationship (-60)
22671,4.225321431017822,occupation (-74),education-num (-66),workclass (-32)
45801,119.12413493940976,capital-gain (-24),age (-6),capital-loss (-4)
32290,98.95827888387012,hours-per-week (-57),education-num (-23),capital-loss (-4)
29104,0.7522312456591418,marital-status (-93),capital-gain (-24),hours-per-week (-23)
26043,7.219816684330122,marital-status (-93),capital-gain (-24),age (-19)
19934,-150.38386799140994,marital-status (-60),relationship (-58),capital-gain (-24)
813,100.97747902876633,capital-gain (-24),education-num (-23),capital-loss (-4)
2513,55.68625721436643,hours-per-week (-46),capital-gain (-24),age (-8)
2037,-89.06588709182361,education-num (-151),native-country (-50),capital-gain (-24)
12818,69.70307951969741,occupation (-65),native-country (-38),capital-gain (-24)
14838,71.5145804016389,capital-gain (-24),education-num (-23),capital-loss (-4)
38816,-133.79699044575375,marital-status (-75),education-num (-66),capital-gain (-24)
12893,25.16522169125876,capital-gain (-24),hours-per-week (-23),education-num (-23)
33375,-122.3790284012153,marital-status (-93),relationship (-58),age (-27)
3603,-248.48243981578497,marital-status (-93),occupation (-65),hours-per-week (-34)
3512,-211.72873710736607,marital-status (-93),relationship (-58),age (-29)
19289,-215.27370526526397,marital-status (-93),relationship (-60),capital-gain (-24)
17414,-177.88254066695043,marital-status (-93),relationship (-58),capital-gain (-24)
8554,100.709980564664,capital-gain (-24),education-num (-23),capital-loss (-4)
16894,-102.38293154855023,marital-status (-93),relationship (-58),age (-21)
28707,-331.47771794028824,occupation (-65),relationship (-58),marital-status (-54)
21881,110.55477900976689,capital-gain (-24),education-num (-23),capital-loss (-4)
11999,-332.4317336378827,marital-status (-93),education-num (-66),relationship (-58)
42664,-76.18284047866683,marital-status (-60),workclass (-32),capital-gain (-24)
13608,-116.09164314552243,marital-status (-58),capital-gain (-24),hours-per-week (-19)
36189,-135.95551290371915,marital-status (-93),relationship (-60),capital-gain (-24)
43878,-127.28305072246638,marital-status (-93),capital-gain (-24),age (-24)
6222,-239.60345880990226,marital-status (-93),relationship (-58),hours-per-week (-46)
5424,-155.13492239686974,marital-status (-93),hours-per-week (-46),workclass (-32)
20270,-205.76223444701017,marital-status (-93),relationship (-58),hours-per-week (-34)
13995,-3.605045389321938,marital-status (-60),capital-gain (-24),education (-9)
9591,-290.6226343244778,marital-status (-93),relationship (-58),hours-per-week (-46)
26227,-44.310893323487335,occupation (-65),marital-status (-60),capital-gain (-24)
40410,-39.43449694612389,marital-status (-93),capital-gain (-24),age (-18)
41935,-4.537973185801914,marital-status (-60),capital-gain (-24),age (-9)
26236,-54.99253459603254,marital-status (-60),workclass (-32),capital-gain (-24)
26597,15.45525967389454,marital-status (-93),capital-gain (-24),workclass (-17)
1352,3.2444450460970833,education-num (-66),workclass (-32),capital-gain (-24)
17660,31.957829205712745,marital-status (-60),capital-gain (-24),age (-11)
5339,-274.9003626419195,marital-status (-93),occupation (-65),relationship (-58)
10136,-65.5424406736216,marital-status (-60),capital-gain (-24),relationship (-8)
23563,-103.48624306590034,marital-status (-93),capital-gain (-24),education-num (-23)
6754,-195.69941709617703,marital-status (-93),relationship (-58),capital-gain (-24)
2143,-125.05548255425396,marital-status (-93),capital-gain (-24),education-num (-23)
19785,2.57683204391122,marital-status (-93),capital-gain (-24),age (-13)
32033,100.57758300200776,capital-gain (-24),education (-9),capital-loss (-4)
33631,-192.36590907062597,marital-status (-93),relationship (-58),capital-gain (-24)
23797,22.159797317292504,marital-status (-93),capital-gain (-24),age (-16)
48522,17.273183440773792,marital-status (-60),capital-gain (-24),workclass (-17)
44978,41.75720007379337,marital-status (-60),hours-per-week (-57),capital-gain (-24)
5159,-90.94262762136765,marital-status (-75),capital-gain (-24),education-num (-23)
46801,-286.02328198361613,marital-status (-93),relationship (-58),native-country (-34)
40768,-228.2584746669196,marital-status (-93),relationship (-58),hours-per-week (-46)
32436,-200.53844166091886,marital-status (-93),relationship (-58),age (-29)
37745,135.25030011465185,capital-gain (-24),age (-21),education (-9)
20577,-262.8625973838024,marital-status (-93),occupation (-65),relationship (-58)
44696,63.330441894103494,capital-gain (-24),education-num (-23),capital-loss (-4)
17907,84.60920201369554,capital-gain (-24),education-num (-23),capital-loss (-4)
23359,-22.815138573624647,marital-status (-60),capital-gain (-24),education (-9)
41963,-120.479280300888,education-num (-108),occupation (-65),capital-gain (-24)
25941,95.87702883669846,capital-gain (-24),occupation (-5),capital-loss (-4)
28297,15.278307186262087,occupation (-65),capital-gain (-24),education-num (-23)
34223,-120.74048406178426,marital-status (-60),capital-gain (-24),education-num (-23)
47473,51.87264798355394,capital-gain (-24),education-num (-23),age (-13)
1371,29.044124822094663,occupation (-74),workclass (-32),capital-gain (-24)
17045,37.71063151782514,marital-status (-93),capital-gain (-24),capital-loss (-4)
3963,-247.97204746193952,marital-status (-93),relationship (-58),hours-per-week (-55)
40779,2.5706904820444967,education-num (-108),capital-gain (-24),education (-7)
14477,-1.3686257566818842,marital-status (-93),capital-gain (-24),education (-9)
40495,-388.56888889366996,marital-status (-93),education-num (-66),occupation (-65)
29646,-230.06757474762398,marital-status (-93),relationship (-58),hours-per-week (-37)
31285,-46.061933626243686,marital-status (-60),capital-gain (-24),education (-9)
29648,80.78402265266988,marital-status (-54),capital-gain (-24),capital-loss (-4)
38252,70.60131641557675,marital-status (-93),capital-gain (-24),age (-11)
21821,-40.4687261310169,education-num (-151),occupation (-51),capital-gain (-24)
10413,-131.692026972394,education-num (-66),marital-status (-60),capital-gain (-24)
11802,-120.09513896578031,marital-status (-93),hours-per-week (-88),capital-gain (-24)
6212,16.147515150608054,marital-status (-58),capital-gain (-24),relationship (-8)
1422,-118.38713087897867,occupation (-65),marital-status (-60),capital-gain (-24)
28290,-43.4882191611958,education-num (-108),capital-gain (-24),occupation (-20)
27976,-14.40322922480266,marital-status (-93),age (-18),relationship (-8)
34149,107.47512551502481,capital-gain (-24),education-num (-23),age (-4)
23944,-333.6760412851304,marital-status (-93),education-num (-66),relationship (-58)
32730,29.575317474542768,occupation (-51),capital-gain (-24),age (-11)
39744,-40.83632367900882,marital-status (-60),capital-gain (-24),occupation (-5)
17796,-98.07607490831684,occupation (-65),marital-status (-60),native-country (-38)
38531,-254.31291460876227,marital-status (-93),relationship (-58),age (-26)
12906,-273.80457217954734,marital-status (-93),hours-per-week (-68),occupation (-65)
31336,-31.7276777608711,marital-status (-60),capital-gain (-24),education-num (-23)
35161,-184.2138991637693,marital-status (-60),occupation (-51),capital-gain (-24)
48134,-210.3630842275142,marital-status (-93),relationship (-58),capital-gain (-24)
4524,130.40148245526166,capital-gain (-24),education-num (-23),capital-loss (-4)
45458,125.02177720246102,hours-per-week (-77),capital-gain (-24),capital-loss (-4)
45,105.91152511384766,capital-gain (-24),age (-18),hours-per-week (-10)
24762,-279.54334728233846,marital-status (-93),occupation (-65),relationship (-58)
14629,-155.36407018399075,occupation (-65),marital-status (-60),hours-per-week (-46)
32634,-111.08673386831526,marital-status (-93),capital-gain (-24),education-num (-23)
18877,-283.2809424061259,marital-status (-93),education-num (-87),relationship (-58)
3768,-151.370553872483,relationship (-58),marital-status (-54),age (-26)
16886,-147.22585155747922,marital-status (-93),capital-gain (-24),education-num (-23)
21877,143.8268166855544,capital-gain (-24),age (-13),capital-loss (-4)
15775,87.75348568431521,capital-gain (-24),education-num (-23),age (-4)
43350,-38.0172369374438,marital-status (-93),capital-gain (-24),age (-19)
39320,-204.9537226019174,marital-status (-93),relationship (-58),age (-27)
8952,-109.4573147738337,marital-status (-60),education-num (-44),capital-gain (-24)
6386,12.55404881306609,marital-status (-60),capital-gain (-24),relationship (-8)
18586,92.98839267747343,occupation (-65),capital-gain (-24),age (-14)
30110,-213.92721899928995,marital-status (-93),relationship (-58),capital-gain (-24)
35602,-140.4346366906785,marital-status (-93),age (-26),capital-gain (-24)
43267,-190.9849739159787,marital-status (-93),relationship (-58),age (-31)
34301,34.05214727096257,marital-status (-60),capital-gain (-24),hours-per-week (-12)
28111,-56.60054937847312,marital-status (-93),capital-gain (-24),age (-18)
38625,-185.04689214095112,marital-status (-93),relationship (-58),capital-gain (-24)
19850,-113.2833770388824,marital-status (-93),age (-26),capital-gain (-24)
18474,-221.90402153205798,education-num (-108),relationship (-60),occupation (-51)
38573,-219.67013316217677,marital-status (-93),relationship (-58),occupation (-51)
31564,83.70250163927501,occupation (-74),workclass (-32),capital-gain (-24)
37910,-110.803031727622,marital-status (-60),capital-gain (-24),age (-22)
34199,-37.29607651251865,marital-status (-60),capital-gain (-24),education-num (-23)
18858,-80.96682297944898,marital-status (-60),capital-gain (-24),education-num (-23)
14479,133.6751378582758,capital-gain (-24),education-num (-23),capital-loss (-4)
35861,-156.12993593344808,marital-status (-93),relationship (-58),capital-gain (-24)
29847,82.40966352829692,workclass (-32),capital-gain (-24),education-num (-23)
43159,-123.88688499966867,marital-status (-93),relationship (-58),native-country (-54)
14256,-156.44048509448487,education-num (-87),occupation (-74),native-country (-50)
20764,13.4257144593213,marital-status (-93),capital-gain (-24),capital-loss (-4)
11786,-1.1245128273331517,occupation (-51),capital-gain (-24),education-num (-23)
9100,-87.93173210263184,marital-status (-93),relationship (-58),capital-gain (-24)
21972,81.096149924798,marital-status (-60),capital-gain (-24),capital-loss (-4)
41910,-22.266351687803624,marital-status (-93),occupation (-51),age (-27)
11906,66.7891619767291,occupation (-74),workclass (-32),capital-gain (-24)
11985,-224.9723936084513,marital-status (-93),occupation (-65),relationship (-58)
12290,-345.83646819722094,marital-status (-93),education-num (-66),occupation (-65)
40800,-44.42510592473661,marital-status (-60),capital-gain (-24),education (-9)
27436,-29.75487449711918,education-num (-66),capital-gain (-24),age (-21)
36567,-93.77144271014092,marital-status (-60),capital-gain (-24),education-num (-23)
48272,-94.24209010986777,occupation (-74),marital-status (-60),capital-gain (-24)
34891,-179.58231362372675,marital-status (-93),occupation (-65),education-num (-44)
25951,-283.24081630768507,marital-status (-93),relationship (-58),hours-per-week (-46)
4439,90.7331778140769,marital-status (-60),workclass (-32),capital-gain (-24)
28658,-219.60054066466472,marital-status (-93),relationship (-60),age (-29)
36315,-72.45888480248627,marital-status (-93),occupation (-74),workclass (-32)
23900,-167.73651382744885,marital-status (-93),capital-gain (-24),education-num (-23)
4319,-260.8931189251585,marital-status (-93),hours-per-week (-68),relationship (-58)
17440,-309.8588865279596,marital-status (-93),relationship (-58),occupation (-51)
10763,33.365793293825476,marital-status (-60),capital-gain (-24),occupation (-5)
20860,-74.62595583262626,marital-status (-60),capital-gain (-24),relationship (-8)
26507,-109.81454353783035,marital-status (-60),relationship (-58),capital-gain (-24)
10649,79.0113125742336,capital-gain (-24),education-num (-23),workclass (-17)
32122,-152.8815534798743,marital-status (-93),age (-26),capital-gain (-24)
41191,-76.92481007107662,marital-status (-54),capital-gain (-24),hours-per-week (-12)
46125,-184.82178563240103,marital-status (-93),relationship (-60),capital-gain (-24)
9387,4.706579023581258,marital-status (-93),capital-gain (-24),age (-24)
41785,-147.45236526127044,marital-status (-75),occupation (-65),capital-gain (-24)
41684,-3.332905966074377,education-num (-66),capital-gain (-24),education (-19)
20839,106.85864354006867,capital-gain (-24),workclass (-17),occupation (-4)
12164,-56.25649888014736,marital-status (-60),capital-gain (-24),education-num (-23)
4099,15.570821653705545,marital-status (-93),capital-gain (-24),age (-18)
38795,35.42147650836733,marital-status (-60),capital-gain (-24),capital-loss (-4)
6472,-316.16422655830274,marital-status (-93),education-num (-66),relationship (-60)
24124,65.22399894057517,capital-gain (-24),education-num (-23),capital-loss (-4)
31146,-195.13275639287494,marital-status (-93),relationship (-58),capital-gain (-24)
29099,127.81453064501763,capital-gain (-24),hours-per-week (-5),capital-loss (-4)
17616,-60.95202151883839,marital-status (-93),hours-per-week (-55),age (-9)
36342,-30.66039450922057,marital-status (-54),capital-gain (-24),occupation (-4)
19640,37.864271452117286,marital-status (-93),capital-gain (-24),age (-6)
45344,85.68331893131108,workclass (-32),capital-gain (-24),education-num (-23)
338,81.41895341358524,occupation (-74),capital-gain (-24),education-num (-23)
46441,-208.12516509164098,marital-status (-93),occupation (-65),capital-gain (-24)
36266,-130.6638308659123,marital-status (-93),education-num (-44),capital-gain (-24)
10279,-107.54523044746531,marital-status (-60),capital-gain (-24),education-num (-23)
3977,38.63528695017976,native-country (-67),education-num (-23),age (-16)
28477,-124.70038771744848,marital-status (-93),capital-gain (-24),age (-11)
28573,-347.970943553327,marital-status (-93),education-num (-66),relationship (-58)
15849,35.27685971077276,marital-status (-60),education-num (-23),capital-loss (-4)
13474,-196.67142611314222,marital-status (-60),occupation (-51),native-country (-50)
26496,-37.72131758801318,marital-status (-93),capital-gain (-24),age (-16)
3467,131.28319036284148,capital-gain (-24),education-num (-23),occupation (-4)
32164,-295.59915141394396,marital-status (-93),occupation (-65),relationship (-58)
15642,-21.92526955834267,marital-status (-58),education-num (-23),relationship (-8)
33498,111.82938444681135,capital-gain (-24),age (-24),occupation (-4)
37984,-155.497989133306,education-num (-66),occupation (-65),marital-status (-60)
39379,24.250968518935792,education-num (-87),capital-gain (-24),capital-loss (-4)
8313,75.80047559923231,hours-per-week (-46),capital-gain (-24),education-num (-23)
48223,-127.97315238959163,marital-status (-93),relationship (-58),capital-gain (-24)
5012,-233.13226686930193,marital-status (-93),occupation (-65),relationship (-60)
23804,48.59899258053979,capital-gain (-24),education-num (-23),age (-16)
21193,-178.76447937780418,marital-status (-93),relationship (-58),capital-gain (-24)
16126,-55.57053863797434,marital-status (-58),capital-gain (-24),education (-9)
4873,85.47163610111458,marital-status (-60),capital-gain (-24),capital-loss (-4)
4807,-276.6936434348853,marital-status (-93),relationship (-60),hours-per-week (-46)
19267,41.17592538141137,education-num (-66),capital-gain (-24),education (-19)
35814,-65.0887432420325,marital-status (-93),capital-gain (-24),age (-21)
41038,-50.4796202868566,marital-status (-60),capital-gain (-24),age (-8)
10284,-116.08198615688144,marital-status (-93),capital-gain (-24),age (-18)
46207,44.92739637654342,workclass (-32),capital-gain (-24),occupation (-4)
41404,-237.21071102407737,marital-status (-93),relationship (-58),hours-per-week (-55)
14754,8.853824458013081,marital-status (-60),capital-gain (-24),capital-loss (-4)
37164,-187.71131851296454,marital-status (-93),relationship (-58),age (-27)
27432,53.45172162323099,capital-gain (-24),education-num (-23),occupation (-4)
14526,-258.3359813106609,marital-status (-93),relationship (-58),education-num (-44)
43665,-88.97734861382959,occupation (-74),education-num (-66),capital-gain (-24)
38667,61.69361419259642,capital-gain (-24),education-num (-23),capital-loss (-4)
26731,47.549397845056866,marital-status (-60),hours-per-week (-12),relationship (-8)
8299,140.14922650140852,capital-gain (-24),education (-21),workclass (-17)
41306,27.757937438917324,education-num (-130),occupation (-20),native-country (-17)
24075,-116.85008400650383,marital-status (-93),capital-gain (-24),hours-per-week (-10)
42143,135.15726579009785,workclass (-32),capital-gain (-24),education-num (-23)
25108,135.95069167701078,capital-gain (-24),education-num (-23),age (-6)
9702,-308.5747253804839,education-num (-108),marital-status (-93),occupation (-65)
22470,64.67418980562803,capital-gain (-24),education-num (-23),workclass (-17)
14874,84.07916198508455,capital-gain (-24),age (-24),occupation (-5)
21996,-289.66023284081155,marital-status (-93),occupation (-65),relationship (-58)
2191,-143.56655855349226,marital-status (-93),age (-29),capital-gain (-24)
43725,-182.45027851867732,education-num (-130),occupation (-74),native-country (-50)
11880,141.6416592114714,capital-gain (-24),age (-18),capital-loss (-4)
41338,29.918262658849365,marital-status (-93),capital-gain (-24),age (-16)
34063,-114.08036348818905,marital-status (-60),capital-gain (-24),education-num (-23)
40244,-152.99426137453045,marital-status (-93),capital-gain (-24),education-num (-23)
41656,-220.18405043655667,marital-status (-93),relationship (-58),age (-27)
25541,87.81624836039072,workclass (-32),capital-gain (-24),education-num (-23)
30868,27.22714355713909,occupation (-65),capital-gain (-24),hours-per-week (-12)
16769,-12.048499232181529,marital-status (-60),capital-gain (-24),relationship (-8)
24559,131.78537506988437,capital-gain (-24),age (-21),capital-loss (-4)
46304,-254.62538749222753,marital-status (-93),relationship (-58),hours-per-week (-46)
28225,47.20194948744816,workclass (-32),capital-gain (-24),education-num (-23)
16901,-165.50338248549713,marital-status (-93),relationship (-58),hours-per-week (-46)
11799,50.879167696816594,marital-status (-93),capital-gain (-24),capital-loss (-4)
25263,100.5684310669649,capital-gain (-24),education-num (-23),capital-loss (-4)
6364,-36.29141082075583,marital-status (-58),capital-gain (-24),education-num (-23)
6771,24.719265651764115,marital-status (-60),capital-gain (-24),relationship (-8)
25367,-1.0828468978676444,marital-status (-60),capital-gain (-24),occupation (-20)
34514,-27.34946434982073,marital-status (-60),capital-gain (-24),education (-21)
11707,8.3809562385048,marital-status (-60),workclass (-32),capital-gain (-24)
40077,142.11363732744368,capital-gain (-24),age (-14),capital-loss (-4)
40876,-144.69741497233892,marital-status (-93),capital-gain (-24),education-num (-23)
3571,64.43227266740594,capital-gain (-24),education-num (-23),age (-22)
18058,-68.06631116873544,marital-status (-75),occupation (-74),capital-gain (-24)
41248,-62.933278439956005,relationship (-58),marital-status (-58),age (-21)
18365,24.0628770321065,hours-per-week (-52),capital-gain (-24),education-num (-23)
38151,-207.40213905835878,occupation (-74),marital-status (-60),workclass (-32)
35443,-45.73295601452344,education-num (-108),capital-gain (-24),occupation (-20)
16841,-22.796937732199883,marital-status (-93),capital-gain (-24),age (-18)
35055,-72.72974881476986,marital-status (-93),capital-gain (-24),workclass (-17)
11538,-68.1171964142323,marital-status (-60),capital-gain (-24),education-num (-23)
11038,142.42915446020544,capital-gain (-24),education-num (-23),age (-6)
40561,-5.815242731460169,education-num (-130),occupation (-74),capital-gain (-24)
11580,89.01278996823106,marital-status (-60),capital-gain (-24),capital-loss (-4)
35208,41.69109440660047,occupation (-65),capital-gain (-24),age (-6)
37730,27.070828398908972,hours-per-week (-46),capital-gain (-24),education-num (-23)
3177,-120.3132937330414,education-num (-130),occupation (-74),hours-per-week (-46)
46905,-183.0743741834759,marital-status (-93),hours-per-week (-68),capital-gain (-24)
22385,-232.6173752402688,education-num (-87),marital-status (-75),occupation (-65)
15325,137.02887530112267,workclass (-32),education-num (-23),capital-loss (-4)
6704,82.11212485805144,capital-gain (-24),education-num (-23),occupation (-4)
30692,-250.2098535180613,marital-status (-93),hours-per-week (-70),relationship (-58)
18094,-263.43473073193127,marital-status (-75),education-num (-66),relationship (-58)
38347,77.66199518090866,capital-gain (-24),age (-22),education (-9)
42622,-87.16637784228254,marital-status (-60),capital-gain (-24),education-num (-23)
35683,-164.66864595149008,occupation (-65),marital-status (-58),capital-gain (-24)
20420,-282.5045298018873,marital-status (-93),occupation (-65),relationship (-58)
16434,-233.011173584511,marital-status (-93),relationship (-58),age (-29)
36828,-129.40929866957384,marital-status (-93),capital-gain (-24),education-num (-23)
1404,-186.12327952160186,marital-status (-93),relationship (-60),capital-gain (-24)
30836,2.72423830572077,education-num (-66),relationship (-58),age (-32)
31397,-47.41436332787485,marital-status (-75),capital-gain (-24),hours-per-week (-23)
34144,-311.97519150800053,marital-status (-93),relationship (-60),hours-per-week (-57)
16046,-91.12477237873196,occupation (-74),marital-status (-58),capital-gain (-24)
43695,-168.11251917063063,occupation (-97),marital-status (-75),capital-gain (-24)
25937,37.35566719402627,marital-status (-60),capital-gain (-24),relationship (-8)
41425,-208.00559779946164,education-num (-108),marital-status (-60),occupation (-51)
38769,26.190687831958464,workclass (-32),capital-gain (-24),education-num (-23)
20392,-47.41840764220791,marital-status (-60),capital-gain (-24),occupation (-4)
11941,101.47257841301996,capital-gain (-24),education-num (-23),capital-loss (-4)
25047,40.33195961288856,marital-status (-60),capital-gain (-24),capital-loss (-4)
29681,-29.42338421200395,marital-status (-60),capital-gain (-24),education-num (-23)
38018,-98.61267051445287,marital-status (-93),occupation (-65),age (-29)
31550,-75.23164959776051,marital-status (-75),capital-gain (-24),education-num (-23)
15830,-286.3423585116237,marital-status (-93),relationship (-60),occupation (-51)
36417,108.76172150954315,capital-gain (-24),education (-9),capital-loss (-4)
24719,-55.25168959522152,marital-status (-93),capital-gain (-24),education (-21)
33131,62.19249271367197,capital-gain (-24),age (-18),occupation (-5)
27531,49.64508372363921,occupation (-51),capital-gain (-24),hours-per-week (-12)
41274,113.4242939450514,capital-gain (-24),education-num (-23),capital-loss (-4)
46581,-300.1542571068569,marital-status (-93),relationship (-58),hours-per-week (-46)
39278,-230.66880613540636,marital-status (-93),relationship (-58),hours-per-week (-39)
31128,60.59990678666199,marital-status (-93),capital-gain (-24),capital-loss (-4)
46954,-167.406341566916,marital-status (-93),age (-31),hours-per-week (-28)
44689,45.32533717752563,capital-gain (-24),education-num (-23),age (-19)
44954,-173.44844507731966,occupation (-65),marital-status (-60),hours-per-week (-41)
14124,-144.63279950429498,marital-status (-93),capital-gain (-24),age (-18)
34998,-122.89229358387136,marital-status (-93),capital-gain (-24),age (-21)
14625,52.80757092880549,occupation (-65),capital-gain (-24),education-num (-23)
42469,127.82625854055,capital-gain (-24),education-num (-23),capital-loss (-4)
31492,-91.51636177530622,marital-status (-93),capital-gain (-24),education (-9)
45441,-14.782164008731042,occupation (-74),workclass (-32),capital-gain (-24)
5720,-138.6971769869091,marital-status (-93),capital-gain (-24),education-num (-23)
9524,114.91284307516304,hours-per-week (-55),capital-gain (-24),education (-21)
7018,-8.981188985835411,marital-status (-93),capital-gain (-24),age (-16)
7843,112.54771407941627,marital-status (-60),workclass (-32),capital-gain (-24)
5525,98.38037174802238,capital-gain (-24),age (-4),capital-loss (-4)
25642,24.847761606578022,capital-gain (-24),education-num (-23),occupation (-20)
28272,-22.86090836457711,marital-status (-93),relationship (-58),capital-gain (-24)
5852,86.9776335432097,capital-gain (-24),occupation (-4),capital-loss (-4)
3058,-439.0192593499464,occupation (-97),marital-status (-93),education-num (-66)
1346,101.92393133475325,capital-gain (-24),education (-9),occupation (-5)
47641,-132.5830753796224,marital-status (-75),hours-per-week (-46),capital-gain (-24)
3072,-221.69702156751316,occupation (-65),marital-status (-60),capital-gain (-24)
997,-194.9463926916768,marital-status (-93),occupation (-74),age (-27)
2749,114.63893448592073,capital-gain (-24),education-num (-23),capital-loss (-4)
19023,-189.22796600147393,occupation (-65),marital-status (-60),capital-gain (-24)
4783,135.3995115373308,capital-gain (-24),education-num (-23),capital-loss (-4)
45898,-48.588711895281904,occupation (-74),workclass (-32),capital-gain (-24)
45887,-160.24152653410601,marital-status (-93),age (-29),capital-gain (-24)
30370,-151.13204102994737,education-num (-87),occupation (-65),marital-status (-60)
20441,63.77971357806857,relationship (-58),education-num (-23),capital-loss (-4)
32009,-242.92895473047923,marital-status (-93),relationship (-58),occupation (-51)
33623,-148.79274002997906,marital-status (-60),native-country (-34),age (-32)
24837,-205.510355184823,marital-status (-93),relationship (-58),capital-gain (-24)
22256,-164.68809952601174,education-num (-151),occupation (-74),native-country (-50)
23874,136.15333934577444,marital-status (-60),capital-gain (-24),workclass (-17)
11203,-114.36038927132944,marital-status (-93),capital-gain (-24),education-num (-23)
16148,79.54330310557654,hours-per-week (-57),capital-gain (-24),education-num (-23)
39578,-137.82798394826509,marital-status (-93),capital-gain (-24),education (-21)
30750,-0.2374411792420521,marital-status (-60),relationship (-58),capital-gain (-24)
8695,51.87264798355394,capital-gain (-24),education-num (-23),age (-13)
41199,-141.63771612190592,marital-status (-93),capital-gain (-24),education-num (-23)
40818,-25.505141993378242,marital-status (-60),capital-gain (-24),education-num (-23)
7724,-142.14777926809722,marital-status (-93),relationship (-60),capital-gain (-24)
10130,46.12652172617004,capital-gain (-24),education-num (-23),occupation (-20)
25551,69.76494293256492,capital-gain (-24),education-num (-23),age (-4)
7174,57.82668957292347,marital-status (-93),capital-gain (-24),age (-14)
17855,-151.94936845725022,education-num (-87),relationship (-58),marital-status (-58)
32237,126.31925244120963,capital-gain (-24),capital-loss (-4),education-num (-2)
47703,-259.4700117516573,marital-status (-93),relationship (-58),hours-per-week (-52)
33274,-89.86246690906191,marital-status (-75),capital-gain (-24),hours-per-week (-23)
5255,16.91211002068812,occupation (-74),capital-gain (-24),education-num (-23)
39945,136.07238330204817,capital-gain (-24),education-num (-23),capital-loss (-4)
16232,70.92182941160422,capital-gain (-24),education-num (-23),occupation (-4)
29561,-231.9323237158678,marital-status (-93),relationship (-58),age (-26)
43373,72.88390963904365,capital-gain (-24),education-num (-23),capital-loss (-4)
19057,-115.831717595187,marital-status (-93),relationship (-58),capital-gain (-24)
8758,18.3004508005497,capital-gain (-24),education-num (-23),occupation (-20)
31666,71.4139483993766,capital-gain (-24),education-num (-23),age (-11)
27493,-0.601745899438247,marital-status (-93),occupation (-51),capital-gain (-24)
39172,-231.69959840893625,marital-status (-93),relationship (-58),age (-26)
34938,102.20988808794668,occupation (-65),capital-gain (-24),education-num (-23)
11859,-184.8642163989211,marital-status (-93),relationship (-58),capital-gain (-24)
4425,-17.558012461634714,marital-status (-93),capital-gain (-24),capital-loss (-4)
46973,-170.71720553575219,marital-status (-93),occupation (-65),capital-gain (-24)
4246,-81.91780405213133,marital-status (-93),age (-26),capital-gain (-24)
729,-19.316981858535698,marital-status (-93),capital-gain (-24),age (-24)
46830,-63.32375526941073,marital-status (-60),capital-gain (-24),education-num (-23)
28782,-85.99384414364795,marital-status (-93),capital-gain (-24),age (-18)
33387,-231.9323237158678,marital-status (-93),relationship (-58),age (-26)
9947,-253.04908317872145,marital-status (-93),relationship (-58),occupation (-51)
4769,-49.55462539436613,marital-status (-93),capital-gain (-24),age (-22)
4618,-244.77021598295985,marital-status (-93),relationship (-58),age (-34)
39671,-120.70669234151308,marital-status (-93),relationship (-58),capital-gain (-24)
7757,-61.780428341326804,marital-status (-60),capital-gain (-24),education (-21)
33346,-293.96232371243684,marital-status (-93),occupation (-65),relationship (-58)
2328,31.39507241260633,capital-gain (-24),education-num (-23),occupation (-20)
22868,-295.5992893471725,marital-status (-93),occupation (-65),relationship (-60)
1252,-175.71200223692472,marital-status (-58),occupation (-51),capital-gain (-24)
42869,-127.539780067431,marital-status (-93),age (-29),capital-gain (-24)
695,-216.5483811779504,marital-status (-93),occupation (-65),age (-29)
15788,-200.9257278961338,education-num (-151),marital-status (-60),capital-gain (-24)
36523,51.037004830691274,capital-gain (-24),education-num (-23),occupation (-20)
21367,55.1463033865681,capital-gain (-24),education-num (-23),age (-9)
43988,-334.0057872928226,marital-status (-93),education-num (-87),relationship (-58)
44872,82.1249045005185,capital-gain (-24),age (-11),capital-loss (-4)
11194,63.272687832273455,capital-gain (-24),education-num (-23),occupation (-4)
12556,-295.5614199780051,education-num (-108),marital-status (-93),occupation (-74)
46759,-37.90909068475818,marital-status (-93),capital-gain (-24),hours-per-week (-23)
42004,-328.1549339594817,marital-status (-93),education-num (-87),relationship (-58)
1473,-72.76038771414261,marital-status (-75),capital-gain (-24),education-num (-23)
6539,-136.14350147254535,marital-status (-93),relationship (-58),capital-gain (-24)
37876,54.89689932452931,hours-per-week (-46),capital-gain (-24),education-num (-23)
43393,11.538522260092368,occupation (-74),capital-gain (-24),education-num (-23)
35064,102.72814406865209,workclass (-32),capital-gain (-24),age (-11)
21455,-165.50338248549713,marital-status (-93),relationship (-58),hours-per-week (-46)
26302,-203.53986851440376,education-num (-66),marital-status (-58),hours-per-week (-34)
34140,-149.2855188085853,marital-status (-93),education-num (-44),capital-gain (-24)
47464,-173.0686496820603,marital-status (-93),age (-31),capital-gain (-24)
21090,-192.11162323013653,marital-status (-93),relationship (-58),hours-per-week (-46)
17519,-301.6114652917676,marital-status (-93),occupation (-65),relationship (-58)
4369,-120.74220069970823,marital-status (-93),relationship (-58),age (-26)
33723,-165.84252132653444,marital-status (-93),relationship (-58),hours-per-week (-43)
25898,37.645272956267064,marital-status (-60),relationship (-8),capital-loss (-4)
26614,89.74105816963049,marital-status (-58),capital-gain (-24),capital-loss (-4)
45445,-154.1406109671698,occupation (-65),marital-status (-60),capital-gain (-24)
26540,-42.18267201175432,marital-status (-60),capital-gain (-24),capital-loss (-4)
14996,-144.88430819589627,education-num (-66),marital-status (-58),capital-gain (-24)
5946,-4.964456430326394,marital-status (-93),capital-gain (-24),education (-21)
8819,-193.4960666245964,marital-status (-93),relationship (-60),capital-gain (-24)
25780,-326.2088552337367,marital-status (-93),occupation (-65),relationship (-58)
39276,84.5514479518655,capital-gain (-24),education-num (-23),occupation (-4)
4078,99.07682922070978,capital-gain (-24),capital-loss (-4),education-num (-2)
7813,66.60409729711766,capital-gain (-24),education-num (-23),capital-loss (-4)
4176,-221.23723043294325,marital-status (-93),relationship (-58),age (-32)
7370,-182.58329856491943,marital-status (-93),relationship (-58),capital-gain (-24)
20221,-29.246052192828596,marital-status (-93),hours-per-week (-43),capital-gain (-24)
39408,0.5581033140919007,hours-per-week (-64),marital-status (-60),capital-gain (-24)
16795,-87.43387630638489,marital-status (-60),capital-gain (-24),education-num (-23)
4265,6.335589885996572,education-num (-87),age (-26),capital-gain (-24)
45847,-142.2869514914284,marital-status (-93),occupation (-51),capital-gain (-24)
20833,84.60920201369554,capital-gain (-24),education-num (-23),capital-loss (-4)
37052,-231.9323237158678,marital-status (-93),relationship (-58),age (-26)
45631,-164.3356065089774,marital-status (-93),relationship (-58),age (-34)
47851,-101.54889107401249,marital-status (-58),capital-gain (-24),education-num (-23)
22074,107.74262397912716,capital-gain (-24),education-num (-23),capital-loss (-4)
1572,-128.22988173455622,marital-status (-93),relationship (-58),age (-27)
6635,137.25790510519548,capital-gain (-24),age (-21),hours-per-week (-19)
690,34.892882913851864,occupation (-74),capital-gain (-24),age (-24)
36278,-78.12143816678318,education-num (-130),marital-status (-75),occupation (-65)
11031,-229.47507889290804,occupation (-97),hours-per-week (-77),marital-status (-75)
41726,135.3119655597829,capital-gain (-24),education-num (-23),capital-loss (-4)
28967,-51.96601272931366,education-num (-66),occupation (-65),capital-gain (-24)
46388,-10.506595247201139,marital-status (-93),capital-gain (-24),age (-11)
15256,-171.1361984342162,marital-status (-93),relationship (-58),capital-gain (-24)
35460,-112.03097695113686,education-num (-173),occupation (-65),native-country (-50)
21188,-101.35053684331774,marital-status (-93),capital-gain (-24),occupation (-5)
3500,-73.35564941919276,marital-status (-58),capital-gain (-24),age (-18)
35334,-14.056031098837186,marital-status (-93),capital-gain (-24),education-num (-23)
20497,-186.23608928916875,marital-status (-93),relationship (-60),capital-gain (-24)
41598,-351.37949904006854,education-num (-151),marital-status (-93),occupation (-51)
38156,-14.050951125006268,education-num (-130),capital-gain (-24),capital-loss (-4)
11404,-174.81568533445798,education-num (-87),marital-status (-60),age (-29)
23383,-194.2586293189929,marital-status (-93),relationship (-58),age (-34)
26025,-96.06466450901436,relationship (-60),native-country (-50),education-num (-44)
420,-54.61701036567398,education-num (-173),occupation (-51),capital-gain (-24)
9781,135.2904235408943,marital-status (-60),workclass (-32),education-num (-23)
10846,144.61225865527305,capital-gain (-24),education (-21),workclass (-17)
13606,-46.346282578369426,marital-status (-75),capital-gain (-24),education (-9)
35110,-257.162756389444,marital-status (-93),occupation (-65),relationship (-58)
31720,-68.21482081971777,marital-status (-60),capital-gain (-24),education (-9)
39551,66.22378906544844,capital-gain (-24),education-num (-23),age (-19)
5512,-147.7324315241543,marital-status (-93),occupation (-51),capital-gain (-24)
21991,96.89960736900066,capital-gain (-24),occupation (-5),capital-loss (-4)
9324,-46.51640364886795,marital-status (-60),capital-gain (-24),education-num (-23)
23858,70.66711058996894,capital-gain (-24),age (-22),capital-loss (-4)
16505,-337.62690368465485,education-num (-194),marital-status (-93),education (-34)
25639,-234.06435358089757,marital-status (-93),relationship (-58),age (-34)
41622,92.20260005452558,capital-gain (-24),capital-loss (-4),workclass (-3)
15594,129.01900273938796,workclass (-32),capital-gain (-24),capital-loss (-4)
21653,79.45351157895117,capital-gain (-24),age (-19),hours-per-week (-12)
7771,77.20997521580524,hours-per-week (-37),capital-gain (-24),education-num (-23)
21825,5.878806301839375,marital-status (-60),capital-gain (-24),education (-21)
38583,-262.8627353170309,marital-status (-93),occupation (-65),relationship (-60)
29367,-20.644553202941044,occupation (-51),hours-per-week (-28),age (-27)
29905,-120.05651234615857,marital-status (-93),relationship (-58),age (-26)
24013,5.393833417378687,native-country (-130),marital-status (-58),capital-gain (-24)
10764,-158.22629963742716,marital-status (-93),capital-gain (-24),education-num (-23)
34640,-37.72131758801318,marital-status (-93),capital-gain (-24),age (-16)
33458,-142.76324649585638,marital-status (-93),capital-gain (-24),age (-16)
20033,49.40017712918419,capital-gain (-24),education-num (-23),occupation (-20)
19419,-83.85199457651007,marital-status (-60),capital-gain (-24),education-num (-23)
19172,-72.6514831498726,relationship (-58),marital-status (-58),capital-gain (-24)
35532,-1.3008746747094382,marital-status (-60),capital-gain (-24),capital-loss (-4)
10583,8.182642006305214,education-num (-66),capital-gain (-24),education (-19)
43738,102.10160093594793,capital-gain (-24),education (-9),age (-8)
38905,-166.32995784584296,marital-status (-60),relationship (-58),capital-gain (-24)
6137,19.7543512655003,occupation (-51),capital-gain (-24),age (-21)
10168,-64.77627035856719,marital-status (-93),capital-gain (-24),education-num (-23)
29175,-156.28703860904184,marital-status (-58),capital-gain (-24),education-num (-23)
31426,-25.645410218495915,occupation (-74),capital-gain (-24),education-num (-23)
19849,34.668727815620485,capital-gain (-24),education-num (-23),occupation (-20)
17358,-118.14632651624149,marital-status (-93),relationship (-58),age (-27)
32400,-264.3253128320231,occupation (-65),marital-status (-60),relationship (-58)
15821,-74.00625003131103,marital-status (-60),relationship (-58),capital-gain (-24)
6354,80.43032273718138,capital-gain (-24),occupation (-4),capital-loss (-4)
43235,-118.78141072284009,marital-status (-75),capital-gain (-24),education-num (-23)
41965,-44.2686283940415,marital-status (-93),capital-gain (-24),age (-22)
31253,-436.48007036072,education-num (-151),marital-status (-93),occupation (-65)
29079,-7.58835555797348,marital-status (-58),capital-gain (-24),relationship (-8)
14166,-122.55683593563853,marital-status (-93),relationship (-60),capital-gain (-24)
42339,-194.13044101145027,marital-status (-93),occupation (-51),capital-gain (-24)
46571,118.9436885447121,capital-gain (-24),education-num (-23),capital-loss (-4)
40032,-153.42671726397538,marital-status (-93),capital-gain (-24),education-num (-23)
46764,-376.8120912395009,education-num (-151),marital-status (-93),occupation (-51)
5774,9.218872980714071,education-num (-87),capital-gain (-24),occupation (-20)
44467,-35.494090283225276,occupation (-74),workclass (-32),capital-gain (-24)
26977,-159.79498173298248,marital-status (-58),education-num (-44),capital-gain (-24)
8310,-64.5640770651944,marital-status (-60),capital-gain (-24),education (-9)
7922,-259.6081197941883,marital-status (-93),occupation (-65),hours-per-week (-46)
44024,9.391641314041857,marital-status (-93),capital-gain (-24),hours-per-week (-12)
9359,-264.0224456761878,marital-status (-93),relationship (-58),hours-per-week (-48)
31221,141.09770275641182,workclass (-32),capital-gain (-24),occupation (-4)
48748,18.838335494853,education-num (-108),capital-gain (-24),education (-7)
14516,-117.13187084548093,marital-status (-75),capital-gain (-24),education-num (-23)
2525,128.8073994537352,capital-gain (-24),education (-21),age (-8)
47058,-281.4820965637009,marital-status (-93),hours-per-week (-73),relationship (-58)
43276,15.205602102561997,education-num (-173),native-country (-50),capital-gain (-24)
15421,-269.52777221514333,marital-status (-93),relationship (-58),native-country (-54)
39263,-311.74490438427534,marital-status (-93),occupation (-65),relationship (-58)
23710,-123.53488558246687,marital-status (-93),relationship (-58),workclass (-32)
32825,-137.59220267199768,marital-status (-93),relationship (-58),capital-gain (-24)
45468,-63.997289003527335,occupation (-65),marital-status (-60),capital-gain (-24)
1172,-36.99337338714026,marital-status (-60),workclass (-32),capital-gain (-24)
36895,-212.79636258044326,marital-status (-93),relationship (-58),capital-gain (-24)
6935,-119.32083399642909,marital-status (-93),capital-gain (-24),education-num (-23)
1541,-194.9755607144419,occupation (-97),marital-status (-58),capital-gain (-24)
39022,-204.9537226019174,marital-status (-93),relationship (-58),age (-27)
41463,-88.79368895296872,marital-status (-93),capital-gain (-24),education-num (-23)
20096,-308.84741344305075,marital-status (-93),occupation (-65),relationship (-58)
25822,-120.66056366176505,marital-status (-60),relationship (-58),capital-gain (-24)
42289,-16.995142187804962,occupation (-65),capital-gain (-24),education-num (-23)
15147,-118.09483769027796,marital-status (-58),capital-gain (-24),education-num (-23)
13628,-13.464038998188853,marital-status (-60),capital-gain (-24),hours-per-week (-10)
34795,-224.63087528432183,education-num (-130),marital-status (-75),occupation (-65)
4025,-163.74255069547888,marital-status (-93),relationship (-58),capital-gain (-24)
36967,-64.73369880038226,marital-status (-93),capital-gain (-24),capital-loss (-4)
20819,-237.81853375303731,marital-status (-93),relationship (-58),hours-per-week (-37)
38742,-211.72873710736607,marital-status (-93),relationship (-58),age (-29)
24510,-45.204008066445994,marital-status (-93),capital-gain (-24),education (-9)
27780,-237.1904999681738,education-num (-130),marital-status (-75),occupation (-65)
9003,-29.53717908047778,marital-status (-93),capital-gain (-24),age (-8)
36612,37.14119866999024,age (-27),capital-gain (-24),education-num (-23)
15095,-257.1628152460112,marital-status (-93),relationship (-58),native-country (-50)
46958,-247.97204746193952,marital-status (-93),relationship (-58),hours-per-week (-55)
29009,-206.5905503034245,marital-status (-93),relationship (-58),age (-29)
38358,-84.32767526308012,marital-status (-60),hours-per-week (-34),capital-gain (-24)
23263,-13.168902065406995,marital-status (-93),capital-gain (-24),capital-loss (-4)
27315,-183.3825682823527,relationship (-60),marital-status (-58),native-country (-50)
20483,-7.000715669067806,marital-status (-60),capital-gain (-24),education-num (-23)
24415,-282.9323411267699,marital-status (-93),education-num (-66),relationship (-58)
3220,-274.75397130213076,education-num (-130),marital-status (-93),occupation (-74)
13541,118.63935166784017,capital-gain (-24),workclass (-17),occupation (-5)
18931,-231.9323237158678,marital-status (-93),relationship (-58),age (-26)
47047,85.6285990025071,occupation (-74),workclass (-32),capital-gain (-24)
46336,121.75423929165174,capital-gain (-24),education-num (-23),capital-loss (-4)
36739,112.84125536581179,hours-per-week (-68),education-num (-23),capital-loss (-4)
18136,-127.97315238959163,marital-status (-93),relationship (-58),capital-gain (-24)
11575,-208.23015479843454,marital-status (-93),relationship (-58),age (-34)
43208,-287.0042679568646,marital-status (-93),hours-per-week (-73),relationship (-58)
33012,-81.67224703264085,marital-status (-60),capital-gain (-24),education-num (-23)
9887,-298.8010524780565,marital-status (-93),occupation (-65),relationship (-60)
14406,37.942383218634646,capital-gain (-24),education-num (-23),occupation (-20)
12978,-97.22907077026005,marital-status (-60),capital-gain (-24),education-num (-23)
41060,75.37188350977355,capital-gain (-24),education-num (-23),capital-loss (-4)
25980,11.762574205551969,marital-status (-93),capital-gain (-24),age (-18)
10375,30.44708563831184,workclass (-32),capital-gain (-24),education-num (-23)
5374,46.962164879032706,capital-gain (-24),education-num (-23),age (-18)
39889,-181.43236682728784,marital-status (-93),age (-26),capital-gain (-24)
25007,0.07591281088666335,native-country (-29),capital-gain (-24),education-num (-23)
42153,-314.5349572977127,education-num (-151),marital-status (-93),occupation (-51)
24919,63.66417481778354,capital-gain (-24),education-num (-23),age (-14)
21258,91.15651281972386,capital-gain (-24),education-num (-23),capital-loss (-4)
11227,97.3296410817427,marital-status (-60),capital-gain (-24),capital-loss (-4)
5706,-269.9075558444297,marital-status (-93),relationship (-58),occupation (-51)
14038,65.36855811749642,capital-gain (-24),occupation (-20),education (-9)
45035,-401.6843616962737,marital-status (-93),education-num (-66),relationship (-58)
2379,-127.46546446900726,marital-status (-60),capital-gain (-24),education-num (-23)
2125,-343.19962367680466,marital-status (-93),occupation (-65),relationship (-58)
9403,88.1395867616743,capital-gain (-24),education-num (-23),capital-loss (-4)
23234,-251.37900686728992,marital-status (-93),occupation (-65),capital-gain (-24)
75,-289.2446055070337,marital-status (-93),education-num (-87),relationship (-58)
27277,137.5847717058346,capital-gain (-24),education (-21),workclass (-17)
26067,124.94758489509447,capital-gain (-24),age (-14),occupation (-5)
39375,-151.74266760852814,marital-status (-93),occupation (-65),capital-gain (-24)
4597,-59.12640866944018,marital-status (-60),capital-gain (-24),relationship (-8)
34195,134.69652938647678,capital-gain (-24),education (-9),age (-9)
30445,-279.8108457464408,marital-status (-93),occupation (-65),relationship (-58)
46562,93.00958507291682,marital-status (-93),capital-gain (-24),age (-13)
5877,-327.76335924227516,marital-status (-93),relationship (-58),occupation (-51)
34868,-47.618635453659294,marital-status (-93),age (-26),capital-gain (-24)
38078,22.677635743060943,marital-status (-60),workclass (-32),capital-gain (-24)
962,-128.91067222882404,education-num (-151),occupation (-51),native-country (-50)
25728,50.247870889420206,workclass (-32),capital-gain (-24),education-num (-23)
4212,-76.76094317982208,marital-status (-60),capital-gain (-24),hours-per-week (-10)
25562,-196.48504937938694,education-num (-130),marital-status (-60),capital-gain (-24)
35118,-210.7774829761607,marital-status (-93),education-num (-87),age (-32)
19974,52.4257393138221,hours-per-week (-79),capital-gain (-24),education-num (-23)
22526,132.18093454642406,capital-gain (-24),education-num (-23),capital-loss (-4)
18237,122.14342938079143,capital-gain (-24),education-num (-23),capital-loss (-4)
42730,-34.46047867883245,marital-status (-58),education-num (-23),occupation (-5)
48365,-212.21185731994916,education-num (-108),marital-status (-75),capital-gain (-24)
38052,-228.58534636882456,marital-status (-93),relationship (-60),native-country (-50)
39367,125.5534575319326,capital-gain (-24),hours-per-week (-10),education (-9)
7091,140.1793443378178,capital-gain (-24),occupation (-5),capital-loss (-4)
31563,-158.7402088069817,education-num (-66),marital-status (-60),capital-gain (-24)
42953,1.367832736174562,education-num (-66),capital-gain (-24),education (-19)
555,39.774945133044795,occupation (-74),capital-gain (-24),workclass (-17)
11329,100.97747902876633,capital-gain (-24),education-num (-23),capital-loss (-4)
1841,-139.6002072051439,marital-status (-93),education-num (-23),occupation (-20)
17831,-231.9323237158678,marital-status (-93),relationship (-58),age (-26)
48452,-103.32491045508107,marital-status (-60),capital-gain (-24),education-num (-23)
30021,-416.5193947430208,marital-status (-93),education-num (-66),occupation (-65)
33873,-21.95709188854887,marital-status (-60),capital-gain (-24),capital-loss (-4)
30764,8.664286828805448,marital-status (-58),capital-gain (-24),capital-loss (-4)
29668,30.7928631470965,capital-gain (-24),education-num (-23),age (-16)
31021,-230.60796889782603,marital-status (-93),relationship (-58),age (-31)
5385,102.68005622580799,marital-status (-60),capital-gain (-24),capital-loss (-4)
21734,-99.34891417462532,marital-status (-60),capital-gain (-24),education-num (-23)
6002,4.833347009628855,occupation (-97),marital-status (-60),education-num (-23)
46638,-63.74936988736591,marital-status (-60),capital-gain (-24),education (-9)
9143,-216.17129282644117,marital-status (-93),occupation (-65),capital-gain (-24)
25570,-36.99500071051414,marital-status (-93),age (-32),capital-gain (-24)
18727,-150.18943234841606,education-num (-151),occupation (-51),native-country (-50)
7502,-217.05517674800598,marital-status (-93),occupation (-65),capital-gain (-24)
21732,-138.68967720873547,education-num (-66),marital-status (-58),capital-gain (-24)
41450,-315.0185597872895,marital-status (-93),occupation (-65),relationship (-58)
16879,-32.03440970633726,marital-status (-93),age (-22),capital-loss (-4)
26657,130.41446051095681,capital-gain (-24),education-num (-23),occupation (-4)
1905,-173.21003489531284,marital-status (-93),occupation (-51),hours-per-week (-46)
14121,-211.19872738037688,marital-status (-93),relationship (-58),capital-gain (-24)
19235,-191.79849682043138,marital-status (-93),capital-gain (-24),education-num (-23)
30903,59.15156261758935,capital-gain (-24),age (-21),occupation (-4)
1902,-12.197975495890253,marital-status (-93),relationship (-58),capital-gain (-24)
14330,-278.09169435196503,marital-status (-93),relationship (-58),occupation (-51)
39941,-222.94517427217986,marital-status (-93),education-num (-87),age (-36)
32590,89.5435173542772,capital-gain (-24),education-num (-23),capital-loss (-4)
15860,-76.47393819208229,marital-status (-93),relationship (-58),capital-gain (-24)
25782,139.30106428569934,capital-gain (-24),capital-loss (-4),education-num (-2)
7816,-147.0171710517354,marital-status (-54),education-num (-44),hours-per-week (-34)
25085,-201.8169318643867,marital-status (-93),occupation (-65),capital-gain (-24)
21224,144.7330357420668,capital-gain (-24),education (-9),capital-loss (-4)
14384,51.81489392172391,capital-gain (-24),education-num (-23),occupation (-4)
17538,126.51891555710803,capital-gain (-24),education-num (-23),capital-loss (-4)
18463,-91.54924112739599,hours-per-week (-79),marital-status (-60),workclass (-32)
21973,-290.4211698453204,marital-status (-93),occupation (-65),relationship (-58)
32091,76.15756504205781,capital-gain (-24),education-num (-23),capital-loss (-4)
13670,130.5819288499593,capital-gain (-24),capital-loss (-4),education-num (-2)
46972,-277.2708183306845,marital-status (-93),occupation (-74),relationship (-58)
1275,-65.67619829043917,marital-status (-93),age (-21),occupation (-4)
3857,-237.76696799249677,marital-status (-93),relationship (-58),age (-32)
38967,-253.68974386578031,education-num (-130),marital-status (-93),native-country (-50)
2792,-78.43073868369964,education-num (-87),occupation (-65),capital-gain (-24)
37260,33.97425438253168,marital-status (-93),age (-18),capital-loss (-4)
39081,87.15770886401877,capital-gain (-24),age (-11),education (-9)
4170,-80.14864709221722,education-num (-130),hours-per-week (-46),capital-gain (-24)
48744,17.634968888808277,occupation (-65),capital-gain (-24),education-num (-23)
15052,-197.90709472548156,marital-status (-93),relationship (-58),age (-34)
41939,-113.72006627052087,marital-status (-93),occupation (-65),capital-gain (-24)
34003,-395.7756315516334,marital-status (-93),education-num (-66),occupation (-65)
45911,-217.9918799363026,education-num (-87),marital-status (-60),occupation (-51)
27981,-41.12105204551902,marital-status (-60),relationship (-58),capital-gain (-24)
34697,-248.3429166317617,marital-status (-93),occupation (-74),relationship (-58)
31446,43.05315244995302,hours-per-week (-34),capital-gain (-24),education-num (-23)
28332,-66.15150567290715,marital-status (-93),capital-gain (-24),education (-21)
19966,84.60920201369554,capital-gain (-24),education-num (-23),capital-loss (-4)
19234,141.87667930247724,capital-gain (-24),hours-per-week (-23),age (-8)
3064,129.3769098787682,education-num (-23),age (-18),capital-loss (-4)
5670,-266.98372259848645,marital-status (-93),occupation (-65),relationship (-58)
10664,-146.12969781631978,marital-status (-60),capital-gain (-24),education-num (-23)
39955,-252.7499209395217,marital-status (-93),relationship (-58),occupation (-51)
20434,132.11488232184846,marital-status (-93),capital-loss (-4),
35259,-42.418795388770775,marital-status (-75),hours-per-week (-34),capital-gain (-24)
44438,69.28500171009713,capital-gain (-24),education-num (-23),age (-4)
23459,-109.7571993955925,marital-status (-93),age (-27),capital-gain (-24)
44502,-64.3289273769297,marital-status (-93),capital-gain (-24),education-num (-23)
6533,-139.70089638830137,hours-per-week (-79),marital-status (-75),capital-gain (-24)
19371,-60.928595527406955,marital-status (-58),capital-gain (-24),occupation (-5)
41030,143.25436330137816,capital-gain (-24),capital-loss (-4),education-num (-2)
6090,103.66985224055027,capital-gain (-24),occupation (-20),capital-loss (-4)
10750,-179.25968154132684,marital-status (-93),relationship (-58),capital-gain (-24)
16355,47.37661199114517,relationship (-60),hours-per-week (-46),capital-gain (-24)
31850,-143.15549036730232,relationship (-58),marital-status (-54),capital-gain (-24)
42861,-46.88724788096848,relationship (-58),marital-status (-58),capital-gain (-24)
14087,58.41995878958226,capital-gain (-24),education-num (-23),age (-6)
41406,-120.34602730741318,marital-status (-75),capital-gain (-24),education-num (-23)
47248,-205.72141043075786,marital-status (-93),relationship (-58),age (-29)
18407,-246.93645114821481,marital-status (-93),relationship (-58),hours-per-week (-57)
3312,19.141709142358103,marital-status (-60),capital-gain (-24),education (-21)
46956,-35.51657735711928,marital-status (-93),education (-21),relationship (-8)
18628,-363.01192789879735,education-num (-108),marital-status (-93),relationship (-58)
11796,76.39734965047325,workclass (-32),capital-gain (-24),education-num (-23)
8541,23.149137745633368,education-num (-87),capital-gain (-24),capital-loss (-4)
16585,48.864049581765336,native-country (-33),capital-gain (-24),age (-24)
22417,67.1029758181932,capital-gain (-24),age (-13),occupation (-5)
33528,-226.19268795682746,marital-status (-93),relationship (-58),hours-per-week (-34)
31270,-23.8381748842242,marital-status (-93),capital-gain (-24),age (-18)
26389,23.685989690022613,occupation (-65),capital-gain (-24),age (-24)
28158,98.94075530050068,capital-gain (-24),education (-9),capital-loss (-4)
3339,118.6501072612092,occupation (-51),capital-gain (-24),age (-4)
36514,11.343407507034017,marital-status (-58),capital-gain (-24),capital-loss (-4)
5283,-198.5631373848086,marital-status (-93),relationship (-60),native-country (-50)
4273,-48.53100384877253,marital-status (-75),capital-gain (-24),education-num (-23)
24761,7.685932366928621,marital-status (-60),capital-gain (-24),education (-21)
34208,51.39298551926285,workclass (-32),capital-gain (-24),education-num (-23)
5080,-42.136147099452074,education-num (-151),occupation (-74),workclass (-32)
36729,-255.13043521576506,marital-status (-93),education-num (-66),capital-gain (-24)
38557,11.25875000914254,marital-status (-60),capital-gain (-24),capital-loss (-4)
48601,81.71410069440736,native-country (-50),capital-gain (-24),education-num (-23)
9946,-68.39580284115314,marital-status (-60),capital-gain (-24),education-num (-23)
11420,-316.6553874887966,marital-status (-93),occupation (-65),relationship (-58)
10011,-8.786231735863804,education-num (-87),capital-gain (-24),occupation (-20)
22525,-396.3768629394158,marital-status (-93),education-num (-66),occupation (-65)
13781,44.872340670806565,workclass (-32),capital-gain (-24),age (-24)
28935,-68.06543616762892,marital-status (-60),capital-gain (-24),education (-9)
41636,64.76953776728584,marital-status (-60),capital-gain (-24),capital-loss (-4)
9157,-155.628971163673,marital-status (-93),relationship (-58),hours-per-week (-34)
15727,-155.91613130411446,marital-status (-93),capital-gain (-24),education-num (-23)
10359,-80.08927562178792,education-num (-151),occupation (-65),capital-gain (-24)
37091,-135.9420338301604,marital-status (-58),hours-per-week (-46),capital-gain (-24)
6036,125.34989058706263,capital-gain (-24),capital-loss (-4),education-num (-2)
17995,23.210933905070934,capital-gain (-24),education-num (-23),occupation (-20)
31544,-8.88710342850506,education-num (-108),capital-gain (-24),education (-7)
40756,-100.34481759657879,marital-status (-60),hours-per-week (-28),capital-gain (-24)
25738,-174.5561635872968,marital-status (-93),occupation (-65),age (-27)
48710,139.9288681627732,marital-status (-60),capital-gain (-24),capital-loss (-4)
1191,-151.24472577836724,marital-status (-93),capital-gain (-24),age (-24)
22996,28.977887166821375,education-num (-44),capital-gain (-24),education (-8)
22877,-70.6081378416932,marital-status (-93),capital-gain (-24),age (-18)
12481,39.84523867702816,marital-status (-60),capital-gain (-24),capital-loss (-4)
11753,-77.19791556217362,marital-status (-93),capital-gain (-24),education (-21)
26200,23.93434993429223,marital-status (-93),capital-gain (-24),age (-11)
28704,-152.12521719622754,marital-status (-58),hours-per-week (-46),capital-gain (-24)
38738,-320.69714074143315,marital-status (-93),occupation (-65),relationship (-58)
22716,-157.307344565284,marital-status (-75),capital-gain (-24),education-num (-23)
25178,-172.60027166114685,marital-status (-93),occupation (-65),capital-gain (-24)
43547,109.79258936204651,capital-gain (-24),occupation (-4),capital-loss (-4)
19075,138.91633358103317,capital-gain (-24),age (-18),capital-loss (-4)
10214,-37.72131758801318,marital-status (-93),capital-gain (-24),age (-16)
316,-111.93420367998522,marital-status (-93),age (-31),capital-gain (-24)
37096,9.104135481055199,education-num (-44),capital-gain (-24),occupation (-20)
27310,119.52827540713942,capital-gain (-24),age (-11),capital-loss (-4)
24726,-246.44124898469215,marital-status (-93),relationship (-58),hours-per-week (-46)
32523,-284.9672958950714,occupation (-65),relationship (-60),marital-status (-58)
34116,-102.16676794149197,marital-status (-93),relationship (-58),native-country (-16)
25991,-48.72046622696172,marital-status (-93),capital-gain (-24),age (-4)
36605,61.626894768975575,marital-status (-60),hours-per-week (-28),capital-gain (-24)
5490,-107.1169165552408,marital-status (-93),capital-gain (-24),hours-per-week (-19)
2538,-43.888361737909946,marital-status (-60),hours-per-week (-34),capital-gain (-24)
17898,130.4294202595146,capital-gain (-24),age (-21),hours-per-week (-12)
24553,78.4563645126181,workclass (-32),capital-gain (-24),education-num (-23)
18338,43.63075541418852,capital-gain (-24),education-num (-23),age (-8)
38622,103.06833080780429,capital-gain (-24),education-num (-23),age (-16)
24493,-46.654329963136114,marital-status (-60),capital-gain (-24),age (-11)
40046,-15.397307031724209,marital-status (-93),capital-gain (-24),age (-4)
28834,-63.645882275848244,marital-status (-60),capital-gain (-24),hours-per-week (-10)
16020,-12.75866858525898,marital-status (-60),capital-gain (-24),capital-loss (-4)
46906,-54.963721676966045,marital-status (-93),capital-gain (-24),age (-16)
5696,34.11993989840722,education-num (-108),capital-gain (-24),education (-7)
4591,144.68758880196404,education-num (-44),capital-gain (-24),education (-8)
25156,-75.75677823125599,marital-status (-60),capital-gain (-24),relationship (-8)
22753,44.46329101263864,workclass (-32),capital-gain (-24),education-num (-23)
6646,84.83584911964114,workclass (-32),capital-gain (-24),age (-19)
1361,-1.217605639439529,occupation (-65),capital-gain (-24),age (-16)
7011,-11.362949311828997,marital-status (-60),capital-gain (-24),occupation (-20)
44987,139.07976653284496,workclass (-32),capital-gain (-24),capital-loss (-4)
38620,-356.6735598866971,education-num (-151),occupation (-74),relationship (-60)
38689,-165.09412013851983,marital-status (-60),native-country (-50),capital-gain (-24)
8021,114.6411145920114,capital-gain (-24),education-num (-23),age (-19)
4895,65.72986744396655,age (-26),capital-gain (-24),education-num (-23)
34288,-52.76361088635285,education-num (-87),occupation (-51),capital-gain (-24)
33994,-194.68758832757794,marital-status (-93),relationship (-58),age (-29)
27352,40.56149147217654,education-num (-87),capital-gain (-24),occupation (-4)
48213,-143.13061702734183,marital-status (-93),occupation (-74),workclass (-32)
37681,-95.27827232230453,marital-status (-93),capital-gain (-24),education-num (-23)
1993,-280.5328127976378,marital-status (-93),education-num (-66),relationship (-58)
47126,-82.481758638479,marital-status (-60),capital-gain (-24),relationship (-8)
21583,-222.9190325538133,marital-status (-93),relationship (-58),hours-per-week (-34)
3320,18.173284580909172,marital-status (-60),capital-gain (-24),education-num (-23)
45434,-105.76956547430447,marital-status (-93),relationship (-58),capital-gain (-24)
4757,0.3381964045320298,occupation (-65),education-num (-44),capital-gain (-24)
22208,-146.3712697423737,marital-status (-93),relationship (-58),age (-27)
37519,-282.5045298018873,marital-status (-93),occupation (-65),relationship (-58)
38925,117.52950772219903,capital-gain (-24),education (-9),capital-loss (-4)
13205,-181.43150617103856,marital-status (-93),relationship (-58),age (-32)
1611,113.18573562852092,capital-gain (-24),age (-21),capital-loss (-4)
38718,-65.49219444555624,marital-status (-60),education-num (-23),age (-11)
40885,-338.35242330094,marital-status (-93),relationship (-58),hours-per-week (-55)
2754,-194.48956369031896,marital-status (-93),education-num (-66),capital-gain (-24)
18566,-30.501135017267497,marital-status (-93),age (-26),capital-gain (-24)
8682,-31.808904046634563,relationship (-58),marital-status (-58),capital-gain (-24)
14008,-163.6030608846261,marital-status (-93),occupation (-65),capital-gain (-24)
43980,-155.33104342958478,marital-status (-93),capital-gain (-24),age (-24)
35238,48.527258119695674,hours-per-week (-46),capital-gain (-24),education-num (-23)
9119,83.223937772118,marital-status (-60),workclass (-32),capital-gain (-24)
26418,91.70302427870224,occupation (-74),capital-gain (-24),education-num (-23)
31325,129.27090132981925,marital-status (-58),relationship (-8),occupation (-5)
25206,-17.49278984240394,occupation (-51),capital-gain (-24),education-num (-23)
32648,-130.76446872053322,education-num (-151),native-country (-50),capital-gain (-24)
34882,-128.40514540226917,marital-status (-93),relationship (-58),capital-gain (-24)
31975,-204.0999653730391,marital-status (-93),occupation (-65),hours-per-week (-37)
42464,-342.5983922890223,marital-status (-93),occupation (-65),relationship (-58)
30817,88.46650512183018,capital-gain (-24),education-num (-23),capital-loss (-4)
2208,129.25757403191753,capital-gain (-24),education-num (-23),capital-loss (-4)
45506,-29.804677544580112,marital-status (-93),capital-gain (-24),age (-19)
47789,-39.129521296367436,marital-status (-60),capital-gain (-24),workclass (-17)
21468,-22.545798564250514,marital-status (-75),capital-gain (-24),hours-per-week (-12)
27515,-284.56916882827693,marital-status (-93),education-num (-66),relationship (-58)
23567,137.6881513807802,capital-gain (-24),education-num (-23),capital-loss (-4)
35466,31.504645038260406,marital-status (-54),capital-gain (-24),age (-14)
40068,-87.93173210263184,marital-status (-93),relationship (-58),capital-gain (-24)
18801,99.56729843320484,workclass (-32),capital-gain (-24),age (-4)
282,-232.6118104553132,marital-status (-93),occupation (-51),hours-per-week (-34)
40390,-189.97325286720906,education-num (-108),marital-status (-58),capital-gain (-24)
42377,38.052044548862305,marital-status (-93),capital-gain (-24),capital-loss (-4)
38482,-34.93378125640866,native-country (-50),capital-gain (-24),education-num (-23)
41069,-33.934078556326114,marital-status (-93),native-country (-50),capital-gain (-24)
21239,-202.17526936242595,marital-status (-93),relationship (-58),age (-31)
41510,3.785970277188082,occupation (-51),capital-gain (-24),education-num (-23)
45777,-168.26966550144343,marital-status (-93),hours-per-week (-34),age (-31)
32996,-45.25666429887008,marital-status (-60),capital-gain (-24),education-num (-23)
8431,-103.77672243466193,marital-status (-93),capital-gain (-24),education-num (-23)
33571,-279.23087439887314,marital-status (-93),occupation (-65),relationship (-58)
12950,97.65902234818488,capital-gain (-24),education (-21),age (-13)
14173,-169.30032363562964,marital-status (-93),hours-per-week (-46),workclass (-32)
10924,-244.0866905156315,marital-status (-93),occupation (-74),relationship (-58)
368,98.79059125179407,hours-per-week (-73),workclass (-32),capital-gain (-24)
2814,-27.142061526684433,marital-status (-75),capital-gain (-24),education-num (-23)
17360,120.01332215430068,capital-gain (-24),workclass (-17),education (-9)
13392,-15.599916557788411,occupation (-65),native-country (-47),capital-gain (-24)
14148,40.480598523538625,marital-status (-93),capital-gain (-24),capital-loss (-4)
9393,-117.192577285254,education-num (-130),marital-status (-60),capital-gain (-24)
35143,39.017810979912774,workclass (-32),capital-gain (-24),education-num (-23)
44702,9.558507775881887,marital-status (-93),capital-gain (-24),hours-per-week (-5)
5987,-116.32088417724606,marital-status (-93),hours-per-week (-68),age (-27)
4093,95.97944715147031,education-num (-130),capital-gain (-24),occupation (-5)
26016,-31.282660525467207,native-country (-86),marital-status (-75),capital-gain (-24)
30746,45.6427669605846,age (-34),capital-gain (-24),education-num (-23)
16467,17.767152638539695,marital-status (-60),workclass (-32),capital-gain (-24)
31587,-57.712483647325854,marital-status (-93),hours-per-week (-46),age (-26)
41857,-30.233636553165166,marital-status (-93),capital-gain (-24),age (-14)
25305,102.81519613805676,workclass (-32),capital-gain (-24),education-num (-23)
2575,-7.93559606434668,occupation (-65),capital-gain (-24),education-num (-23)
4344,-152.65988060836503,occupation (-65),marital-status (-60),capital-gain (-24)
18748,-140.14085255495826,marital-status (-60),relationship (-60),capital-gain (-24)
38521,-76.68640434621076,occupation (-74),hours-per-week (-57),capital-gain (-24)
9463,42.59480207008412,marital-status (-93),capital-gain (-24),capital-loss (-4)
9476,-294.43111175413225,marital-status (-93),relationship (-58),hours-per-week (-57)
534,104.35486362080373,capital-gain (-24),education-num (-23),age (-19)
25988,-149.68046729296177,occupation (-65),marital-status (-58),capital-gain (-24)
15220,-184.67518535076465,marital-status (-93),hours-per-week (-86),capital-gain (-24)
13399,-86.63127794344861,relationship (-60),occupation (-51),capital-gain (-24)
21538,-147.58011226364616,marital-status (-93),native-country (-50),capital-gain (-24)
2419,104.47545599214135,marital-status (-58),capital-gain (-24),capital-loss (-4)
7001,-20.824420620207082,marital-status (-93),capital-gain (-24),workclass (-17)
7731,5.385448705089499,occupation (-65),capital-gain (-24),education-num (-23)
38833,-73.27288174956789,marital-status (-93),age (-29),capital-gain (-24)
21542,-132.9491416930278,marital-status (-93),capital-gain (-24),education-num (-23)
28176,40.12437470424282,capital-gain (-24),education-num (-23),age (-11)
7629,-45.792909098740296,occupation (-65),relationship (-60),capital-gain (-24)
48275,-36.84734908724859,education-num (-66),capital-gain (-24),occupation (-20)
21290,-5.743077385198233,education-num (-108),hours-per-week (-61),capital-gain (-24)
46243,108.15576166053943,capital-gain (-24),occupation (-4),capital-loss (-4)
43724,-315.0185597872895,marital-status (-93),occupation (-65),relationship (-58)
4794,-338.7235054982258,marital-status (-93),occupation (-65),relationship (-58)
15383,-9.132546034767836,marital-status (-93),capital-gain (-24),occupation (-5)
1938,-119.28132596147185,marital-status (-60),capital-gain (-24),education-num (-23)
38444,-353.52835011648074,marital-status (-93),hours-per-week (-68),occupation (-65)
5482,-314.75428761111306,education-num (-173),marital-status (-93),occupation (-51)
28630,-83.94765984605172,education-num (-130),occupation (-65),capital-gain (-24)
13604,-108.68720553918317,marital-status (-93),capital-gain (-24),education-num (-23)
27678,-29.50618063640925,marital-status (-60),capital-gain (-24),education-num (-23)
39061,43.688509476018545,capital-gain (-24),education-num (-23),age (-21)
13338,48.08960266143971,age (-31),capital-gain (-24),occupation (-20)
45343,46.73489977671871,education-num (-44),hours-per-week (-37),capital-gain (-24)
41831,-158.07929483376623,marital-status (-60),relationship (-58),capital-gain (-24)
46631,-383.74334802513204,education-num (-151),marital-status (-93),relationship (-58)
43543,-52.37354356049451,hours-per-week (-75),occupation (-74),workclass (-32)
31966,-265.4421552503128,marital-status (-93),hours-per-week (-77),relationship (-58)
37234,87.92345817729263,hours-per-week (-73),capital-gain (-24),education-num (-23)
21203,-117.46208451342392,marital-status (-93),capital-gain (-24),age (-14)
48151,73.15140810314598,capital-gain (-24),education-num (-23),capital-loss (-4)
43326,-62.339910981762294,marital-status (-75),capital-gain (-24),relationship (-8)
22646,64.9335195718136,capital-gain (-24),education-num (-23),occupation (-5)
5934,16.089554840841604,marital-status (-54),capital-gain (-24),age (-19)
26161,102.8447800866203,capital-gain (-24),education-num (-23),age (-13)
47626,-193.20544932260628,marital-status (-93),relationship (-58),age (-29)
3753,-231.22854786784146,marital-status (-93),occupation (-65),capital-gain (-24)
16274,-27.482650562083773,occupation (-65),marital-status (-60),capital-gain (-24)
37269,136.96177131698514,capital-gain (-24),education-num (-23),occupation (-4)
5212,-43.072627175355265,marital-status (-75),capital-gain (-24),education (-9)
8579,-59.373894652327635,marital-status (-93),capital-gain (-24),occupation (-5)
43703,-74.02334443877294,marital-status (-93),capital-gain (-24),education-num (-23)
2728,-55.565013651916885,occupation (-65),marital-status (-60),capital-gain (-24)
1826,22.288722648364928,occupation (-65),capital-gain (-24),education-num (-23)
20868,-24.484021168308875,marital-status (-58),capital-gain (-24),hours-per-week (-5)
17562,-0.8991165417018472,marital-status (-60),capital-gain (-24),education (-21)
2526,-108.09103051502464,marital-status (-60),capital-gain (-24),education-num (-23)
46544,-12.311003998023832,occupation (-74),workclass (-32),capital-gain (-24)
27039,131.2029755042497,capital-gain (-24),education-num (-23),hours-per-week (-12)
29652,-93.75997391133643,marital-status (-60),capital-gain (-24),occupation (-20)
41563,32.60130807081959,education-num (-151),occupation (-51),capital-loss (-4)
5472,-41.64397984476604,education-num (-108),occupation (-74),capital-gain (-24)
43608,-72.2449655432003,marital-status (-93),capital-gain (-24),age (-19)
12704,-138.36348036763195,marital-status (-75),occupation (-65),hours-per-week (-28)
40204,-127.79590465217964,marital-status (-93),capital-gain (-24),workclass (-17)
11344,-74.7061420986259,occupation (-65),relationship (-60),capital-gain (-24)
13092,66.01134630708299,capital-gain (-24),education-num (-23),age (-8)
5117,-231.43695830363336,marital-status (-93),education-num (-66),capital-gain (-24)
44160,-285.2388049702657,marital-status (-93),occupation (-65),native-country (-50)
26497,-258.0931841351583,marital-status (-93),occupation (-65),capital-gain (-24)
32014,-40.99497299102734,marital-status (-93),capital-gain (-24),age (-19)
40261,-35.78761304711104,marital-status (-75),hours-per-week (-64),education-num (-23)
37736,-75.4915089365758,education-num (-130),relationship (-58),capital-gain (-24)
31411,-1.3497174325127042,education-num (-87),hours-per-week (-46),capital-gain (-24)
182,-22.795000359227654,relationship (-58),capital-gain (-24),education-num (-23)
15235,-337.399150680184,marital-status (-93),hours-per-week (-68),occupation (-65)
25865,-301.59020525155285,marital-status (-93),occupation (-65),relationship (-58)
8239,60.53151597564192,education-num (-87),capital-gain (-24),capital-loss (-4)
28228,-139.54785428904364,marital-status (-93),capital-gain (-24),education-num (-23)
4349,-254.62538749222753,marital-status (-93),relationship (-58),hours-per-week (-46)
23491,82.881073722748,native-country (-54),education-num (-23),occupation (-5)
48694,-51.340993439461585,education-num (-151),capital-gain (-24),occupation (-20)
38425,-72.99996861949099,marital-status (-60),relationship (-58),capital-gain (-24)
26216,-233.33642611044334,marital-status (-93),relationship (-58),age (-27)
19972,135.30616333990014,capital-gain (-24),education-num (-23),age (-8)
38968,-321.39980648327304,marital-status (-93),relationship (-58),hours-per-week (-57)
1534,114.33411188248112,capital-gain (-24),education (-9),age (-6)
28768,5.953063314763455,education-num (-66),capital-gain (-24),education (-19)
32700,34.3447861333507,capital-gain (-24),hours-per-week (-23),education-num (-23)
17375,-206.5905503034245,marital-status (-93),relationship (-58),age (-29)
19989,-9.106537306776978,native-country (-54),capital-gain (-24),education-num (-23)
43681,-272.68356359284485,marital-status (-93),occupation (-65),relationship (-58)
10701,41.93082070958131,education-num (-87),capital-gain (-24),occupation (-4)
44834,139.85670380985283,capital-gain (-24),age (-22),capital-loss (-4)
42809,-68.92201088347173,education-num (-130),native-country (-50),capital-gain (-24)
10699,46.767137857852425,hours-per-week (-86),capital-gain (-24),capital-loss (-4)
28044,-153.73088578853597,marital-status (-93),relationship (-58),capital-gain (-24)
7756,-147.97107037535307,marital-status (-93),capital-gain (-24),education-num (-23)
8799,109.34424403709005,capital-gain (-24),hours-per-week (-23),capital-loss (-4)
2746,-193.3900628360466,occupation (-65),marital-status (-60),relationship (-58)
33415,124.22827076094956,marital-status (-93),capital-gain (-24),age (-6)
28526,3.76620879476157,marital-status (-93),capital-gain (-24),age (-19)
10857,-23.903989612343228,marital-status (-60),capital-gain (-24),education-num (-23)
39580,-206.91121230136403,marital-status (-93),relationship (-60),age (-26)
20407,110.99933464559217,workclass (-32),capital-gain (-24),education-num (-23)
7381,141.5047258323042,capital-gain (-24),age (-6),capital-loss (-4)
33716,-381.75485336976544,education-num (-130),marital-status (-93),occupation (-74)
37491,108.6596176795951,capital-gain (-24),education-num (-23),age (-11)
31390,-0.8371396540928615,education-num (-66),capital-gain (-24),occupation (-20)
43660,1.705282264202405,marital-status (-60),capital-gain (-24),capital-loss (-4)
31369,-59.18561822012681,marital-status (-60),capital-gain (-24),education-num (-23)
15988,-140.54963249544267,marital-status (-93),age (-31),capital-gain (-24)
21190,61.794135916103585,marital-status (-75),relationship (-8),capital-loss (-4)
21675,144.06589426432842,capital-gain (-24),workclass (-17),capital-loss (-4)
3070,-160.05072969143552,marital-status (-93),occupation (-74),relationship (-58)
30371,99.9755766117257,workclass (-32),education-num (-23),age (-6)
1111,91.18034505578427,capital-gain (-24),education-num (-23),capital-loss (-4)
31391,70.82420500611876,capital-gain (-24),age (-16),education (-9)
5945,-31.20172063767175,marital-status (-93),workclass (-32),capital-gain (-24)
24399,24.719265651764115,marital-status (-60),capital-gain (-24),relationship (-8)
20908,-31.27114413193905,education-num (-130),hours-per-week (-37),capital-gain (-24)
27104,-207.08034654958988,marital-status (-93),relationship (-58),hours-per-week (-28)
17172,-24.741955809191357,marital-status (-93),workclass (-32),capital-gain (-24)
36404,-248.8457645150397,marital-status (-93),relationship (-58),age (-27)
36545,-87.39224174300023,marital-status (-60),capital-gain (-24),relationship (-8)
45700,-77.6014221028179,marital-status (-60),capital-gain (-24),age (-14)
19066,-88.99518290691535,marital-status (-75),capital-gain (-24),hours-per-week (-23)
34855,-244.24644345032115,marital-status (-93),relationship (-58),hours-per-week (-57)
41437,134.84711950587746,workclass (-32),capital-gain (-24),occupation (-5)
7778,-236.64914238855326,marital-status (-93),relationship (-58),occupation (-51)
44301,22.79627060524994,education-num (-108),capital-gain (-24),education (-7)
47482,-251.23495830327596,marital-status (-93),hours-per-week (-68),relationship (-58)
43338,6.981750138345942,education-num (-87),workclass (-32),capital-gain (-24)
27862,-15.598643209219096,marital-status (-75),capital-gain (-24),hours-per-week (-19)
11373,-168.78664042102244,marital-status (-93),relationship (-58),capital-gain (-24)
32847,-13.97139745771396,marital-status (-93),age (-26),capital-gain (-24)
28377,-37.88900708410512,education-num (-130),capital-gain (-24),native-country (-22)
8138,-173.52033534511685,marital-status (-93),hours-per-week (-34),workclass (-32)
14762,83.91882661817539,capital-gain (-24),education (-9),occupation (-5)
6686,100.97747902876633,capital-gain (-24),education-num (-23),capital-loss (-4)
45143,-264.17885523716774,marital-status (-93),relationship (-58),hours-per-week (-57)
41698,-5.133044924434224,marital-status (-93),age (-29),capital-gain (-24)
2295,-252.98855979072047,marital-status (-93),relationship (-58),hours-per-week (-46)
48735,-47.383634485037135,marital-status (-60),capital-gain (-24),occupation (-5)
32746,-42.109487729726496,education-num (-66),workclass (-32),capital-gain (-24)
6621,121.29836528873587,capital-gain (-24),education (-9),occupation (-5)
26601,-104.04274834949658,marital-status (-58),capital-gain (-24),education-num (-23)
30041,-277.79551117652346,marital-status (-93),relationship (-58),education-num (-44)
22131,-430.14706777893537,marital-status (-93),education-num (-87),hours-per-week (-66)
25761,115.98457941879896,capital-gain (-24),age (-21),occupation (-5)
18184,-147.97107037535307,marital-status (-93),capital-gain (-24),education-num (-23)
48676,-118.75268930766873,marital-status (-93),age (-27),capital-gain (-24)
7819,138.92603165051526,capital-gain (-24),education-num (-23),age (-6)
32428,59.97089873944597,marital-status (-60),education (-9),capital-loss (-4)
25096,-166.6541922429009,marital-status (-93),occupation (-65),capital-gain (-24)
12966,-17.033573472466674,relationship (-60),hours-per-week (-46),workclass (-32)
8929,-106.39898616552313,marital-status (-75),relationship (-58),capital-gain (-24)
15286,93.43281895104644,capital-gain (-24),education (-21),hours-per-week (-19)
13407,25.635368517634408,occupation (-74),workclass (-32),capital-gain (-24)
30499,-47.313786423664226,occupation (-65),native-country (-50),capital-gain (-24)
33847,41.0519900002897,education-num (-44),capital-gain (-24),education (-8)
39948,-208.839066293574,marital-status (-93),relationship (-58),age (-26)
48148,-422.83179705651327,marital-status (-93),education-num (-87),occupation (-65)
47043,140.8937026760297,capital-gain (-24),education-num (-23),native-country (-17)
29324,-399.90182656993676,education-num (-108),marital-status (-93),relationship (-58)
39388,-141.30271870007778,occupation (-65),marital-status (-60),capital-gain (-24)
7990,-211.9999119290213,marital-status (-93),relationship (-58),capital-gain (-24)
19103,-252.2296278689444,education-num (-87),marital-status (-60),relationship (-58)
45296,-216.79656384936834,marital-status (-93),occupation (-74),capital-gain (-24)
41900,-189.19727180871763,marital-status (-93),relationship (-60),capital-gain (-24)
37610,-205.510355184823,marital-status (-93),relationship (-58),capital-gain (-24)
26215,-188.82294225459236,marital-status (-93),occupation (-65),capital-gain (-24)
3483,-31.031220288183714,marital-status (-60),capital-gain (-24),education-num (-23)
28010,-139.09171813545794,marital-status (-93),occupation (-65),age (-32)
9967,89.47488384064948,capital-gain (-24),age (-21),education (-21)
31251,-184.28665077096784,marital-status (-93),relationship (-58),capital-gain (-24)
43269,108.75795496340534,capital-gain (-24),education-num (-23),workclass (-17)
20999,-362.4640841176693,education-num (-173),marital-status (-75),occupation (-65)
16687,33.5770638982145,capital-gain (-24),education-num (-23),age (-18)
11530,63.2176321265366,capital-gain (-24),education-num (-23),age (-11)
40275,66.73933915159732,education-num (-87),capital-gain (-24),occupation (-20)
43379,-39.12793013959381,marital-status (-93),capital-gain (-24),education (-21)
43536,-124.71728668599658,marital-status (-93),relationship (-60),capital-gain (-24)
450,29.138383679398846,capital-gain (-24),education-num (-23),workclass (-17)
21244,9.291414194844782,marital-status (-93),capital-gain (-24),hours-per-week (-12)
41609,-99.4674451448546,marital-status (-93),occupation (-65),capital-gain (-24)
26833,132.36902277500485,capital-gain (-24),age (-24),capital-loss (-4)
21871,-114.60818858840386,hours-per-week (-88),marital-status (-75),capital-gain (-24)
43982,-94.34033038231175,marital-status (-93),relationship (-60),capital-gain (-24)
27856,-255.2865496186238,occupation (-97),marital-status (-60),hours-per-week (-41)
9731,43.2414464478939,marital-status (-60),workclass (-32),capital-gain (-24)
17401,103.42749685617096,capital-gain (-24),age (-16),capital-loss (-4)
40193,69.28500171009713,capital-gain (-24),education-num (-23),age (-4)
47596,-146.83903776674057,marital-status (-60),relationship (-58),capital-gain (-24)
42531,111.41794619986179,occupation (-74),workclass (-32),capital-gain (-24)
15819,-67.47218413339607,marital-status (-93),age (-26),capital-gain (-24)
48117,101.15075561574635,hours-per-week (-81),capital-gain (-24),education (-21)
46941,-189.34814621447163,marital-status (-93),relationship (-58),age (-29)
33152,-227.56700439544764,marital-status (-93),relationship (-58),capital-gain (-24)
14243,-80.10633774617209,education-num (-108),age (-26),capital-gain (-24)
1691,136.2714833209672,marital-status (-58),capital-gain (-24),education-num (-23)
21256,46.40418704616881,capital-gain (-24),education-num (-23),age (-16)
31466,-178.81537413227912,marital-status (-93),hours-per-week (-34),capital-gain (-24)
46251,-291.001141192888,marital-status (-93),occupation (-65),relationship (-58)
21350,78.9779731669453,marital-status (-93),capital-gain (-24),age (-9)
8805,-59.5245690280256,occupation (-97),marital-status (-93),capital-gain (-24)
24110,7.496638227485381,marital-status (-60),capital-gain (-24),relationship (-8)
13156,104.5271908022633,marital-status (-93),capital-gain (-24),relationship (-8)
23698,-102.83169240392905,marital-status (-93),hours-per-week (-39),age (-26)
41793,-207.99465269800004,marital-status (-93),relationship (-58),age (-31)
20471,-155.24007862457893,marital-status (-93),education-num (-44),capital-gain (-24)
30268,-276.03121930897765,marital-status (-93),hours-per-week (-86),relationship (-58)
11186,135.43361937897288,education-num (-66),capital-gain (-24),education (-19)
44870,-106.55611320867996,occupation (-65),marital-status (-58),capital-gain (-24)
25867,6.215960144288833,occupation (-74),workclass (-32),capital-gain (-24)
19273,-191.76677714885616,native-country (-130),marital-status (-93),capital-gain (-24)
31266,64.6168766713924,marital-status (-60),capital-gain (-24),capital-loss (-4)
17713,-24.37780020603662,marital-status (-60),capital-gain (-24),age (-11)
44054,-301.0989063878305,marital-status (-93),education-num (-66),relationship (-58)
16607,-235.03108345275388,marital-status (-93),relationship (-58),hours-per-week (-57)
30778,-125.52864080791767,marital-status (-93),capital-gain (-24),age (-24)
18964,87.90668965277013,capital-gain (-24),education-num (-23),capital-loss (-4)
44828,37.59677298801497,marital-status (-93),capital-gain (-24),age (-18)
35408,-26.870340638471912,marital-status (-58),capital-gain (-24),education (-9)
43662,129.4683882366759,capital-gain (-24),education-num (-23),occupation (-5)
48204,-58.461809372613764,marital-status (-93),capital-gain (-24),relationship (-8)
595,-121.66078628199284,occupation (-65),marital-status (-60),capital-gain (-24)
38543,-243.93528141051846,marital-status (-93),relationship (-58),capital-gain (-24)
37054,-6.4800784422587645,hours-per-week (-77),age (-27),capital-gain (-24)
34160,59.91542864578524,education-num (-44),capital-gain (-24),workclass (-17)
2312,-268.42252566273453,marital-status (-93),education-num (-66),occupation (-65)
39554,-283.25136761129494,marital-status (-93),occupation (-65),relationship (-58)
20219,-82.1912792697174,marital-status (-60),capital-gain (-24),relationship (-8)
48536,-332.4436931562998,marital-status (-93),occupation (-65),relationship (-58)
7327,-166.85911168234324,marital-status (-93),relationship (-58),capital-gain (-24)
43125,-216.33043432621275,marital-status (-93),occupation (-65),capital-gain (-24)
13083,-106.2202965997597,marital-status (-58),capital-gain (-24),education-num (-23)
38499,-29.710987889177225,marital-status (-60),capital-gain (-24),education-num (-23)
44446,-16.928676539830796,native-country (-50),capital-gain (-24),education-num (-23)
47784,142.96928115461398,capital-gain (-24),age (-8),capital-loss (-4)
15258,-265.9984122187322,marital-status (-93),relationship (-58),hours-per-week (-46)
15960,-389.23475060642266,marital-status (-93),occupation (-74),hours-per-week (-68)
12184,-239.6612128717323,marital-status (-93),relationship (-58),hours-per-week (-46)
47555,85.81166478926028,capital-gain (-24),education-num (-23),capital-loss (-4)
5234,88.55940553897992,capital-gain (-24),age (-14),capital-loss (-4)
21205,-74.83539385265121,marital-status (-60),capital-gain (-24),education-num (-23)
43909,-114.37084285695062,marital-status (-60),capital-gain (-24),education-num (-23)
4560,138.31236348979326,occupation (-74),capital-gain (-24),capital-loss (-4)
10468,23.251540847896745,marital-status (-60),capital-gain (-24),capital-loss (-4)
1835,-115.21475532071224,marital-status (-93),age (-27),capital-gain (-24)
38582,105.46248478064877,capital-gain (-24),workclass (-17),education (-9)
24453,-214.51572614926195,marital-status (-93),occupation (-74),relationship (-58)
39807,-291.9866703521374,marital-status (-93),native-country (-67),relationship (-60)
5979,-89.34759043620141,marital-status (-75),education-num (-66),education (-19)
5102,-48.416410870937725,marital-status (-93),capital-gain (-24),age (-9)
18476,36.305555517127566,capital-gain (-24),education-num (-23),occupation (-20)
37061,142.40931252364712,capital-gain (-24),native-country (-22),age (-19)
18815,45.29762332183874,workclass (-32),capital-gain (-24),education-num (-23)
7008,-100.25148286351828,marital-status (-93),age (-27),capital-gain (-24)
11398,23.165083577762424,marital-status (-60),workclass (-17),relationship (-8)
30823,135.26886123329658,capital-gain (-24),occupation (-5),capital-loss (-4)
23509,-331.03701464528933,marital-status (-93),relationship (-58),occupation (-51)
7936,-67.24318102650369,marital-status (-58),capital-gain (-24),age (-4)
28144,-229.8354366855898,occupation (-65),relationship (-58),marital-status (-58)
13694,-316.77131919610866,education-num (-87),relationship (-58),hours-per-week (-55)
23731,48.349588518500994,hours-per-week (-46),capital-gain (-24),education-num (-23)
44297,-226.57667254604954,marital-status (-93),relationship (-58),age (-32)
42526,-80.88078119994074,marital-status (-93),relationship (-60),occupation (-5)
6294,-64.99160882025825,marital-status (-58),capital-gain (-24),education-num (-23)
18048,-35.210521385741515,education-num (-66),capital-gain (-24),occupation (-20)
24381,-77.23214538828034,marital-status (-60),capital-gain (-24),age (-22)
30204,-192.54429542792016,marital-status (-93),occupation (-65),capital-gain (-24)
47721,-222.39388118562348,marital-status (-93),education-num (-66),capital-gain (-24)
28706,78.49488593213965,education-num (-87),capital-gain (-24),capital-loss (-4)
15755,63.09104520822013,marital-status (-60),capital-gain (-24),capital-loss (-4)
20912,-254.62538749222753,marital-status (-93),relationship (-58),hours-per-week (-46)
10958,-145.56154394641771,marital-status (-93),relationship (-58),capital-gain (-24)
15029,61.31566404701284,native-country (-34),capital-gain (-24),capital-loss (-4)
38098,43.39803010725697,capital-gain (-24),education-num (-23),age (-8)
1466,-35.574925689900645,education-num (-151),capital-gain (-24),occupation (-4)
40739,-170.29389711877627,education-num (-130),marital-status (-60),capital-gain (-24)
16266,-175.34258618150156,occupation (-97),marital-status (-58),capital-gain (-24)
15410,141.209513512515,workclass (-32),capital-gain (-24),age (-6)
34527,-186.14594935123688,marital-status (-93),relationship (-58),age (-26)
34204,-208.71933391231693,marital-status (-60),relationship (-60),native-country (-27)
40944,-176.28018186462714,marital-status (-93),relationship (-58),capital-gain (-24)
11984,76.92016289041379,age (-26),capital-gain (-24),education-num (-23)
13893,-95.97750581134002,occupation (-97),marital-status (-58),native-country (-47)
5249,-75.99906330049461,marital-status (-60),capital-gain (-24),education-num (-23)
32674,59.28239287700133,marital-status (-60),capital-gain (-24),age (-11)
36501,-141.10524986516495,marital-status (-60),capital-gain (-24),education-num (-23)
40373,144.7671869143741,capital-gain (-24),age (-18),capital-loss (-4)
36992,-104.13715962533234,marital-status (-54),capital-gain (-24),education-num (-23)
44883,-100.40394874216443,marital-status (-93),relationship (-60),capital-gain (-24)
47305,-59.36745222511924,education-num (-130),occupation (-74),capital-gain (-24)
10466,15.963935887075966,occupation (-65),hours-per-week (-46),capital-gain (-24)
45724,-92.70874729934843,education-num (-66),marital-status (-60),capital-gain (-24)
43967,-69.48892512494984,marital-status (-93),capital-gain (-24),age (-18)
38399,-269.9448662415669,marital-status (-93),education-num (-87),occupation (-51)
7744,-150.09797848928116,education-num (-151),occupation (-51),native-country (-50)
32610,-194.84227702411337,marital-status (-93),relationship (-58),age (-31)
13987,-207.4921613253758,marital-status (-93),education-num (-44),age (-31)
4738,-61.05777942727504,marital-status (-93),hours-per-week (-55),capital-gain (-24)
18379,129.90905708524193,capital-gain (-24),capital-loss (-4),education-num (-2)
42271,-145.70592821127397,marital-status (-93),relationship (-60),capital-gain (-24)
26958,-140.56180271898788,marital-status (-93),relationship (-58),capital-gain (-24)
22936,112.14356407759692,capital-gain (-24),age (-6),capital-loss (-4)
28546,-274.8180389489509,marital-status (-93),relationship (-58),occupation (-51)
38325,-83.85108787588376,marital-status (-60),capital-gain (-24),hours-per-week (-12)
29215,-245.57210911202552,marital-status (-93),relationship (-58),capital-gain (-24)
22988,-307.4962315908207,education-num (-108),occupation (-65),relationship (-60)
37323,-40.99497299102734,marital-status (-93),capital-gain (-24),age (-19)
43841,-294.79857327136097,marital-status (-93),occupation (-65),workclass (-32)
7953,74.18055060139854,workclass (-32),capital-gain (-24),capital-loss (-4)
30762,41.99392771268144,capital-gain (-24),education-num (-23),age (-9)
41259,52.783493862426006,marital-status (-93),capital-gain (-24),capital-loss (-4)
33851,10.318042238995234,marital-status (-60),capital-gain (-24),hours-per-week (-12)
15817,-81.38455922983206,marital-status (-93),relationship (-60),capital-gain (-24)
24184,-233.56915141737488,marital-status (-93),relationship (-58),age (-27)
4413,-118.85760131942368,marital-status (-93),occupation (-74),capital-gain (-24)
14791,67.57205242092678,marital-status (-54),capital-gain (-24),education-num (-23)
22756,56.26218964064287,marital-status (-93),education-num (-87),capital-gain (-24)
47578,-108.73561733063619,marital-status (-60),capital-gain (-24),education-num (-23)
23239,-113.17557173127392,marital-status (-60),capital-gain (-24),education-num (-23)
6510,-325.4344127075337,education-num (-108),marital-status (-93),native-country (-50)
43831,99.56095782770971,capital-gain (-24),education-num (-23),occupation (-20)
23870,84.263800555118,marital-status (-60),capital-gain (-24),workclass (-3)
36329,-64.84594048453093,marital-status (-93),capital-gain (-24),age (-24)
43461,101.79994520019072,native-country (-67),education-num (-44),capital-gain (-24)
11209,-28.4839990840912,marital-status (-93),capital-gain (-24),capital-loss (-4)
48102,63.914089599223985,capital-gain (-24),education-num (-23),age (-4)
27221,-55.88174489175334,marital-status (-60),capital-gain (-24),age (-16)
25328,-32.065831633654454,marital-status (-93),capital-gain (-24),hours-per-week (-12)
33879,-107.10121469670699,marital-status (-93),relationship (-58),age (-26)
37405,126.48220286872032,native-country (-29),capital-gain (-24),capital-loss (-4)
12168,-195.92211428271207,marital-status (-93),relationship (-58),capital-gain (-24)
41328,-92.21795566347652,marital-status (-60),capital-gain (-24),education-num (-23)
10241,-68.1698118756911,hours-per-week (-86),marital-status (-58),capital-gain (-24)
40355,-21.084261396336647,marital-status (-60),capital-gain (-24),hours-per-week (-17)
30733,141.39026563280146,capital-gain (-24),education (-21),capital-loss (-4)
38447,-65.94537178452057,marital-status (-60),capital-gain (-24),education-num (-23)
40747,-215.41720922558721,occupation (-65),marital-status (-60),capital-gain (-24)
21521,-143.27411750723084,marital-status (-93),relationship (-58),capital-gain (-24)
45105,128.9451011484522,capital-gain (-24),capital-loss (-4),education-num (-2)
40844,-224.58067879617576,marital-status (-93),relationship (-58),hours-per-week (-57)
13956,39.495567710497376,education-num (-108),hours-per-week (-57),workclass (-32)
38131,87.8828574167097,capital-gain (-24),education-num (-23),capital-loss (-4)
41851,83.80333156600608,education-num (-23),occupation (-20),age (-18)
27597,-96.0812244460912,hours-per-week (-77),marital-status (-75),capital-gain (-24)
21648,-328.1549339594817,marital-status (-93),education-num (-87),relationship (-58)
34541,-17.59122557747077,marital-status (-60),capital-gain (-24),education (-21)
42864,-86.12098428776139,marital-status (-58),capital-gain (-24),education-num (-23)
1243,-88.5406435977713,marital-status (-93),relationship (-58),capital-gain (-24)
14284,-79.52323007817847,marital-status (-60),capital-gain (-24),education (-9)
35576,-104.52577282172479,marital-status (-93),relationship (-58),capital-gain (-24)
23062,-307.26634550268443,marital-status (-93),occupation (-74),relationship (-58)
40745,-132.1498661808808,marital-status (-93),capital-gain (-24),education-num (-23)
22660,30.102907009949057,marital-status (-60),capital-gain (-24),occupation (-5)
48106,96.56587444532062,capital-gain (-24),occupation (-5),capital-loss (-4)
26818,-144.3423201355334,marital-status (-93),age (-31),capital-gain (-24)
1593,21.96387166010075,marital-status (-54),hours-per-week (-46),capital-gain (-24)
465,-263.89963773968566,marital-status (-93),education-num (-66),relationship (-58)
19580,-134.5768871196247,marital-status (-93),age (-32),hours-per-week (-28)
11862,20.596463753612486,marital-status (-54),capital-gain (-24),relationship (-8)
13671,-141.9698293926762,marital-status (-93),capital-gain (-24),education-num (-23)
665,-75.02069371046451,marital-status (-93),capital-gain (-24),education (-21)
21922,31.071130730336552,capital-gain (-24),hours-per-week (-23),education-num (-23)
17700,-84.98225982824695,marital-status (-93),capital-gain (-24),occupation (-5)
7782,-51.454915943575415,marital-status (-93),relationship (-58),capital-gain (-24)
45881,-187.55366225969814,marital-status (-60),relationship (-58),capital-gain (-24)
19517,-89.43481480085705,marital-status (-54),capital-gain (-24),education-num (-23)
33379,-74.79188744982079,marital-status (-75),capital-gain (-24),education-num (-23)
32092,-293.96232371243684,marital-status (-93),occupation (-65),relationship (-58)
17953,56.45113753503258,education-num (-130),capital-loss (-4),hours-per-week (-1)
913,-243.6178213258377,marital-status (-93),relationship (-58),age (-32)
20475,-321.0745539573407,marital-status (-93),hours-per-week (-68),relationship (-58)
38970,30.53613380213189,capital-gain (-24),education-num (-23),age (-21)
15679,-232.57442616393467,marital-status (-93),education-num (-87),age (-36)
45387,-213.68316282678245,marital-status (-93),relationship (-60),capital-gain (-24)
40205,-312.0790640452645,marital-status (-93),relationship (-58),hours-per-week (-46)
44430,-177.44678194329902,education-num (-108),marital-status (-60),capital-gain (-24)
37447,-104.58208057607328,marital-status (-93),hours-per-week (-64),capital-gain (-24)
12678,-156.97670847821482,marital-status (-60),relationship (-58),occupation (-51)
15369,-111.02014985500409,marital-status (-60),age (-29),capital-gain (-24)
38789,-252.7499209395217,marital-status (-93),relationship (-58),occupation (-51)
23558,57.039860433039784,capital-gain (-24),education-num (-23),capital-loss (-4)
6356,-82.98063715955453,marital-status (-60),capital-gain (-24),education-num (-23)
40380,-286.480354590195,education-num (-130),marital-status (-93),native-country (-50)
22719,120.3265977149745,capital-gain (-24),age (-9),capital-loss (-4)
2866,-195.1748949825776,relationship (-60),marital-status (-58),native-country (-27)
13666,-248.4075978117022,marital-status (-93),relationship (-58),hours-per-week (-46)
43410,-0.306295324592454,hours-per-week (-57),capital-gain (-24),age (-24)
25693,-270.22002872789494,marital-status (-93),relationship (-58),occupation (-51)
43981,-238.95962703560707,marital-status (-93),education-num (-66),occupation (-65)
41107,57.32304498957653,marital-status (-60),capital-gain (-24),workclass (-17)
47125,-260.73918454554365,occupation (-65),marital-status (-60),relationship (-58)
25682,-95.97702015059028,marital-status (-93),relationship (-58),capital-gain (-24)
44826,114.04618349588604,capital-gain (-24),education-num (-23),age (-4)
13119,123.35544235658992,capital-gain (-24),education-num (-23),occupation (-5)
27287,-157.67099571514856,occupation (-65),marital-status (-60),capital-gain (-24)
11090,-307.5773526199688,education-num (-130),occupation (-97),marital-status (-75)
16356,-337.37558956035275,marital-status (-93),occupation (-65),relationship (-58)
20271,-87.15024812914817,marital-status (-75),hours-per-week (-59),capital-gain (-24)
47334,14.795183843868125,marital-status (-58),hours-per-week (-46),capital-gain (-24)
20905,-148.51814319595158,marital-status (-93),capital-gain (-24),education-num (-23)
17313,-94.62555643609474,marital-status (-93),capital-gain (-24),age (-19)
47672,83.49423373792325,capital-gain (-24),age (-21),capital-loss (-4)
27548,-62.604445728855474,marital-status (-93),capital-gain (-24),education-num (-23)
2791,128.22922633804424,marital-status (-93),capital-loss (-4),education-num (-2)
10532,132.87264246596882,capital-gain (-24),education-num (-23),age (-6)
28596,69.63835601424844,marital-status (-60),capital-gain (-24),capital-loss (-4)
19123,110.45521316030478,capital-gain (-24),workclass (-17),age (-9)
30630,-196.76972202761056,marital-status (-93),relationship (-60),capital-gain (-24)
12473,-40.712444636634864,education-num (-66),capital-gain (-24),age (-21)
45032,122.93278727062857,capital-gain (-24),capital-loss (-4),education-num (-2)
45413,75.29340683113669,hours-per-week (-73),workclass (-32),capital-gain (-24)
31440,-56.06665151364807,marital-status (-60),capital-gain (-24),education-num (-23)
26040,64.676790226849,capital-gain (-24),education-num (-23),occupation (-5)
48563,-395.7756315516334,marital-status (-93),education-num (-66),occupation (-65)
16468,56.631280379739735,marital-status (-60),capital-gain (-24),capital-loss (-4)
1315,-62.56709825087223,marital-status (-93),capital-gain (-24),education (-21)
5305,-155.3294161062109,marital-status (-60),workclass (-32),capital-gain (-24)
12526,-82.06593175224276,marital-status (-93),age (-29),capital-gain (-24)
8391,-51.268978176693736,marital-status (-60),capital-gain (-24),education-num (-23)
6308,-147.5362238832535,marital-status (-60),occupation (-51),capital-gain (-24)
25919,29.696448551661685,education-num (-87),capital-gain (-24),capital-loss (-4)
16907,77.681582975998,capital-gain (-24),education-num (-23),age (-8)
38507,-43.115518006869124,occupation (-74),capital-gain (-24),hours-per-week (-23)
27682,47.71536133582491,hours-per-week (-77),age (-27),capital-gain (-24)
3999,77.78826299211578,capital-gain (-24),workclass (-17),age (-13)
35848,110.53462313125934,capital-gain (-24),capital-loss (-4),education-num (-2)
23378,38.865091031137126,occupation (-74),workclass (-32),capital-gain (-24)
35860,-145.7801725539059,marital-status (-93),capital-gain (-24),age (-14)
45312,-278.0918322851936,marital-status (-93),relationship (-60),occupation (-51)
18623,-340.959383159551,marital-status (-93),occupation (-74),native-country (-50)
18592,-36.56630354829835,marital-status (-54),capital-gain (-24),capital-loss (-4)
42725,-120.14499944973272,marital-status (-93),capital-gain (-24),education-num (-23)
41504,-119.5597835542722,marital-status (-93),occupation (-74),age (-26)
13278,-225.0013319352896,education-num (-66),occupation (-65),marital-status (-60)
27178,-228.93397877028752,marital-status (-93),education-num (-66),relationship (-60)
32380,10.06578261911407,occupation (-51),capital-gain (-24),education-num (-23)
26229,-106.54521961506963,hours-per-week (-68),occupation (-65),workclass (-32)
6358,14.81393654184547,marital-status (-93),capital-gain (-24),workclass (-17)
18450,-238.00511322512847,occupation (-97),education-num (-87),marital-status (-58)
2659,-2.8150135445514985,marital-status (-93),capital-gain (-24),education-num (-23)
34000,-220.18405043655667,marital-status (-93),relationship (-58),age (-27)
9604,-250.48259221654675,marital-status (-93),relationship (-58),age (-29)
33783,116.41340395509249,marital-status (-60),capital-gain (-24),capital-loss (-4)
12521,-32.40060100334393,marital-status (-60),capital-gain (-24),age (-21)
8077,-117.71881385838853,marital-status (-93),capital-gain (-24),age (-19)
30608,-176.97126895506636,education-num (-173),occupation (-65),relationship (-60)
43,-85.23756368765987,education-num (-66),occupation (-65),capital-gain (-24)
13176,132.2773729934219,capital-gain (-24),occupation (-5),capital-loss (-4)
7205,-79.72017329288683,education-num (-108),relationship (-60),capital-gain (-24)
11026,-192.7384256758341,marital-status (-93),relationship (-60),capital-gain (-24)
21780,-92.53410490449468,marital-status (-60),capital-gain (-24),education-num (-23)
7492,-185.31179018383247,marital-status (-93),relationship (-58),capital-gain (-24)
48561,-4.2592804007553235,marital-status (-60),capital-gain (-24),occupation (-5)
18745,46.31151289169534,hours-per-week (-73),capital-gain (-24),education-num (-23)
28372,-313.38173208578246,marital-status (-93),occupation (-65),relationship (-58)
31883,-32.810834483491945,marital-status (-93),capital-gain (-24),age (-11)
33409,-14.219134439389782,occupation (-51),capital-gain (-24),education-num (-23)
15596,-74.32114445970998,education-num (-130),occupation (-97),marital-status (-75)
29480,102.06453306250032,occupation (-51),education-num (-23),capital-loss (-4)
48789,-282.2572844702552,education-num (-87),native-country (-67),occupation (-65)
47611,-190.27316804282864,marital-status (-93),hours-per-week (-34),capital-gain (-24)
48556,-213.36556480887316,marital-status (-93),relationship (-58),age (-31)
21299,10.726283752401608,marital-status (-93),capital-gain (-24),age (-9)
35960,58.039650557913035,age (-27),capital-gain (-24),education-num (-23)
41073,91.11761761909176,capital-gain (-24),education-num (-23),age (-14)
7422,-249.11195213547944,marital-status (-93),relationship (-58),age (-34)
12412,31.54502847888989,occupation (-51),capital-gain (-24),education-num (-23)
43906,-206.10592560562614,marital-status (-60),relationship (-58),age (-26)
45249,-187.35376879508456,education-num (-130),marital-status (-60),capital-gain (-24)
12071,-193.45868110356494,occupation (-65),marital-status (-60),hours-per-week (-46)
19458,-271.8118820100391,marital-status (-93),relationship (-58),occupation (-51)
32195,70.9855262793171,marital-status (-60),capital-gain (-24),education (-21)
21011,-165.88878237357022,occupation (-65),marital-status (-60),capital-gain (-24)
29269,-214.91881171853413,occupation (-74),marital-status (-60),workclass (-32)
8132,-108.87863755340149,occupation (-65),marital-status (-60),capital-gain (-24)
33512,-3.973255570999217,education-num (-130),capital-gain (-24),capital-loss (-4)
19078,-48.683909335040056,marital-status (-93),capital-gain (-24),age (-21)
46586,1.3638692331652489,marital-status (-60),capital-gain (-24),capital-loss (-4)
41435,116.4108630888739,capital-gain (-24),education (-9),age (-6)
10579,-231.6868187664692,marital-status (-93),relationship (-58),hours-per-week (-34)
17789,-187.36614409046365,marital-status (-93),hours-per-week (-59),age (-31)
25459,-34.44766218499902,marital-status (-93),capital-gain (-24),age (-13)
26867,-219.41767345137882,marital-status (-93),relationship (-58),age (-31)
47291,-167.64651619141932,marital-status (-93),relationship (-58),age (-34)
33123,-14.497899389029447,education-num (-87),capital-gain (-24),age (-14)
9902,121.02846110501916,capital-gain (-24),capital-loss (-4),education-num (-2)
28093,52.55224110476215,marital-status (-58),capital-gain (-24),age (-9)
47149,-22.049498045629786,marital-status (-93),capital-gain (-24),age (-6)
14421,-248.71202611843253,marital-status (-93),occupation (-65),relationship (-58)
8003,-252.7499209395217,marital-status (-93),relationship (-58),occupation (-51)
19574,71.98296827352459,workclass (-32),capital-gain (-24),education-num (-23)
4213,94.05359529968541,marital-status (-93),capital-gain (-24),hours-per-week (-1)
47902,22.79627060524994,education-num (-108),capital-gain (-24),education (-7)
4018,-44.2686283940415,marital-status (-93),capital-gain (-24),age (-22)
46598,-31.174006781984854,marital-status (-93),capital-gain (-24),age (-9)
6750,51.755488951484814,marital-status (-54),capital-gain (-24),capital-loss (-4)
38037,-46.66831529629107,education-num (-66),capital-gain (-24),age (-22)
16870,144.5887085219406,marital-status (-60),capital-gain (-24),capital-loss (-4)
28786,15.101883799229464,occupation (-65),hours-per-week (-39),capital-gain (-24)
33996,84.0742050854909,capital-gain (-24),education-num (-23),capital-loss (-4)
32826,-204.9537226019174,marital-status (-93),relationship (-58),age (-27)
38059,-262.006159291648,education-num (-151),occupation (-65),marital-status (-54)
46599,64.92098433258502,capital-gain (-24),occupation (-20),capital-loss (-4)
30974,78.85124909750435,capital-gain (-24),age (-14),capital-loss (-4)
157,-76.89914450456345,marital-status (-93),hours-per-week (-34),age (-27)
6773,-336.05824232810755,marital-status (-93),occupation (-65),relationship (-58)
31774,111.9144142214113,capital-gain (-24),education-num (-23),occupation (-4)
39570,-386.63033715636755,education-num (-108),marital-status (-93),occupation (-65)
21395,89.18557759779549,workclass (-32),capital-gain (-24),education-num (-23)
13052,-208.72625652600712,marital-status (-93),relationship (-58),capital-gain (-24)
19707,6.893979373454125,marital-status (-60),capital-gain (-24),education (-21)
16698,-387.92522596777815,marital-status (-93),education-num (-66),occupation (-65)
4184,137.73815115112708,capital-gain (-24),capital-loss (-4),education-num (-2)
16964,-67.69233524213438,marital-status (-58),age (-26),capital-gain (-24)
3049,-85.52593962688977,marital-status (-93),capital-gain (-24),education (-21)
19637,-186.50104410042817,marital-status (-93),relationship (-58),capital-gain (-24)
30941,-165.44069659756906,marital-status (-60),occupation (-51),capital-gain (-24)
4547,-40.308501185751325,marital-status (-93),capital-gain (-24),age (-16)
904,-123.83175973847449,marital-status (-93),capital-gain (-24),age (-21)
22552,-318.7383530194319,education-num (-108),marital-status (-93),hours-per-week (-46)
25306,-38.91854171469801,education-num (-66),capital-gain (-24),occupation (-20)
3433,-163.6252124491074,marital-status (-93),relationship (-58),capital-gain (-24)
30517,77.17856813871474,occupation (-74),capital-gain (-24),education (-9)
29096,-203.31689490041035,marital-status (-93),relationship (-58),age (-26)
5178,78.44063284891064,marital-status (-60),capital-gain (-24),workclass (-17)
12348,-33.829548726031305,occupation (-74),capital-gain (-24),education-num (-23)
22665,90.89269071317439,capital-gain (-24),age (-6),capital-loss (-4)
37473,83.22589690446802,marital-status (-60),capital-gain (-24),capital-loss (-4)
40004,-267.9939446440917,marital-status (-93),relationship (-58),hours-per-week (-57)
48078,77.91497394237938,capital-gain (-24),occupation (-20),age (-4)
4635,61.52107533059818,marital-status (-75),education-num (-23),relationship (-8)
31477,-42.327849216877624,marital-status (-60),capital-gain (-24),education (-9)
37692,104.25113443178049,capital-gain (-24),education-num (-23),capital-loss (-4)
4804,60.05678649108933,capital-gain (-24),education-num (-23),age (-4)
39739,-239.44636439375245,marital-status (-93),relationship (-58),hours-per-week (-46)
15649,73.09365404131593,capital-gain (-24),education-num (-23),occupation (-4)
1263,46.671685510271125,capital-gain (-24),education-num (-23),occupation (-5)
9535,-81.9659016271429,marital-status (-93),capital-gain (-24),education-num (-23)
2813,-136.9237072817747,marital-status (-93),capital-gain (-24),education-num (-23)
5879,-34.45865612832352,marital-status (-60),hours-per-week (-30),capital-gain (-24)
30991,-214.45268219537854,occupation (-65),marital-status (-60),workclass (-32)
46253,-50.46746430216035,native-country (-67),education-num (-66),capital-gain (-24)
19247,-84.16193100525894,marital-status (-93),capital-gain (-24),education-num (-23)
25251,-86.70891639266168,marital-status (-93),capital-gain (-24),age (-22)
25752,-0.7985910527455549,marital-status (-75),capital-gain (-24),education-num (-23)
21930,133.97813662082504,workclass (-32),capital-gain (-24),age (-11)
34074,-7.671823633361472,occupation (-51),capital-gain (-24),education-num (-23)
13445,120.64034836808021,workclass (-32),capital-gain (-24),education-num (-23)
27011,-1.3306683569302014,marital-status (-60),capital-gain (-24),education (-21)
44072,-51.059871905989084,occupation (-74),workclass (-32),capital-gain (-24)
32328,-414.2813356537314,marital-status (-93),education-num (-66),occupation (-65)
41802,-71.56345508756105,marital-status (-93),relationship (-58),capital-gain (-24)
39648,-6.945857454144158,relationship (-58),capital-gain (-24),age (-18)
36923,79.34367633198788,hours-per-week (-61),capital-gain (-24),education (-21)
39220,4.025047855962112,occupation (-51),capital-gain (-24),education-num (-23)
5561,91.65539134079938,capital-gain (-24),occupation (-5),capital-loss (-4)
34338,-124.26612466441685,marital-status (-93),age (-26),capital-gain (-24)
45789,-448.05154049325097,marital-status (-93),education-num (-87),hours-per-week (-84)
17318,-112.02706982870657,marital-status (-93),occupation (-65),capital-gain (-24)
95,-283.00217745648627,marital-status (-93),relationship (-58),occupation (-51)
6126,9.124142849939526,marital-status (-93),capital-gain (-24),age (-6)
497,-34.21154095813737,marital-status (-93),capital-gain (-24),education-num (-23)
12948,83.8880000132327,capital-gain (-24),workclass (-17),capital-loss (-4)
39819,131.59085920611201,capital-gain (-24),education-num (-23),capital-loss (-4)
30366,-103.11301883992348,marital-status (-54),education-num (-44),capital-gain (-24)
13436,-157.42697827217592,native-country (-130),education-num (-108),capital-gain (-24)
32504,-383.4423517825216,marital-status (-93),occupation (-74),education-num (-66)
9402,100.28469791363179,capital-gain (-24),hours-per-week (-12),capital-loss (-4)
32451,42.189373440137324,marital-status (-60),capital-gain (-24),relationship (-8)
3565,37.550959775940804,occupation (-51),capital-gain (-24),workclass (-17)
18499,-178.7038752083748,marital-status (-93),capital-gain (-24),education-num (-23)
27712,128.24657421241153,capital-gain (-24),education-num (-23),hours-per-week (-5)
39087,112.03537691255731,capital-gain (-24),education (-9),capital-loss (-4)
44669,51.80412480258618,capital-gain (-24),education-num (-23),age (-6)
2523,-90.3754177772528,marital-status (-60),capital-gain (-24),age (-9)
3956,-455.621865707491,education-num (-173),occupation (-97),relationship (-60)
31313,-71.9360500076433,marital-status (-60),capital-gain (-24),age (-6)
43996,-235.967789551296,marital-status (-93),occupation (-65),hours-per-week (-46)
21126,88.64832770126125,capital-gain (-24),education-num (-23),occupation (-5)
3612,-85.0369233065625,education-num (-108),native-country (-50),capital-gain (-24)
39254,-343.0604604488058,marital-status (-93),education-num (-66),relationship (-58)
8300,-13.919966214957922,occupation (-65),hours-per-week (-64),workclass (-32)
43400,80.82724510976777,marital-status (-60),capital-gain (-24),relationship (-8)
5192,-266.2200460682605,marital-status (-93),occupation (-65),hours-per-week (-46)
23950,-42.608234934351366,occupation (-74),workclass (-32),capital-gain (-24)
8548,-195.13275639287494,marital-status (-93),relationship (-58),capital-gain (-24)
38486,-95.57638025053564,marital-status (-60),capital-gain (-24),relationship (-8)
24339,-20.258748733717336,marital-status (-93),education-num (-66),education (-19)
44377,-172.3009618532199,marital-status (-93),hours-per-week (-46),age (-29)
20809,-284.4013679642235,occupation (-65),marital-status (-60),education-num (-44)
42815,141.36813153783228,capital-gain (-24),occupation (-5),capital-loss (-4)
16111,-2.2636928742412534,occupation (-65),capital-gain (-24),education-num (-23)
48421,-282.6829764080497,marital-status (-93),relationship (-60),hours-per-week (-57)
44170,-316.6742193378024,marital-status (-93),education-num (-66),relationship (-58)
2549,112.22183116948666,capital-gain (-24),education-num (-23),capital-loss (-4)
9062,-133.86541800195002,occupation (-65),marital-status (-60),capital-gain (-24)
33756,-59.38850121618522,marital-status (-60),capital-gain (-24),relationship (-8)
23927,-8.185635008765576,education-num (-66),capital-gain (-24),education (-19)
38607,-130.54749993033113,education-num (-151),occupation (-51),native-country (-50)
38522,-106.52851841194129,marital-status (-93),capital-gain (-24),age (-19)
34716,-36.597011969940056,native-country (-50),workclass (-32),capital-gain (-24)
10798,89.1197890914582,capital-gain (-24),age (-11),education (-9)
43569,-119.10537299820115,marital-status (-93),relationship (-58),capital-gain (-24)
4519,-29.618111935712218,hours-per-week (-81),marital-status (-75),capital-gain (-24)
38643,97.05532909721677,capital-gain (-24),occupation (-4),capital-loss (-4)
23758,-119.35564155989562,marital-status (-93),capital-gain (-24),age (-21)
20268,13.671876920103983,occupation (-65),native-country (-38),capital-gain (-24)
31613,-180.17386254905674,marital-status (-93),relationship (-58),occupation (-51)
28537,-24.05206285618741,education-num (-66),hours-per-week (-57),capital-gain (-24)
15721,-30.555893323017155,occupation (-74),capital-gain (-24),education-num (-23)
1735,100.71493746425766,capital-gain (-24),hours-per-week (-12),occupation (-5)
33266,-80.93806237258438,education-num (-66),marital-status (-54),capital-gain (-24)
44695,-309.7771881560487,education-num (-108),marital-status (-93),occupation (-65)
39440,-17.36713284873866,marital-status (-60),capital-gain (-24),hours-per-week (-10)
23691,-275.1305118324162,marital-status (-93),relationship (-58),occupation (-51)
32564,66.92152708017663,capital-gain (-24),education-num (-23),age (-13)
47944,-167.27032807466264,marital-status (-60),relationship (-58),capital-gain (-24)
1549,-307.19202946838925,education-num (-108),occupation (-65),marital-status (-58)
46369,9.068734796549862,marital-status (-93),capital-gain (-24),native-country (-18)
6923,-177.3240968704944,relationship (-58),marital-status (-58),capital-gain (-24)
26823,-98.85003565354978,marital-status (-60),capital-gain (-24),relationship (-8)
23692,-104.2372816810101,marital-status (-93),relationship (-58),age (-26)
9473,-23.396706539825463,marital-status (-60),workclass (-32),capital-gain (-24)
40822,40.530501828771285,marital-status (-60),capital-gain (-24),capital-loss (-4)
7632,138.54251663631072,capital-gain (-24),occupation (-5),capital-loss (-4)
40166,-66.65125534511584,marital-status (-60),capital-gain (-24),education-num (-23)
25934,-83.8916233758888,marital-status (-93),capital-gain (-24),hours-per-week (-23)
40871,20.95424517186345,capital-gain (-24),education-num (-23),workclass (-17)
22669,-78.70072662187644,marital-status (-93),capital-gain (-24),education-num (-23)
47901,89.51968511821677,capital-gain (-24),education-num (-23),capital-loss (-4)
26124,-136.18417249804693,relationship (-60),native-country (-50),education-num (-44)
41339,-120.04574322702084,marital-status (-93),relationship (-58),capital-gain (-24)
25900,88.87187842244523,capital-gain (-24),education-num (-23),age (-8)
13282,38.86920864020642,marital-status (-93),capital-gain (-24),capital-loss (-4)
8990,-145.80036760205752,education-num (-151),marital-status (-58),capital-gain (-24)
28484,-86.66749932120703,marital-status (-60),capital-gain (-24),age (-21)
6565,-1.1245128273331517,occupation (-51),capital-gain (-24),education-num (-23)
2994,-123.80189465226607,marital-status (-93),relationship (-58),capital-gain (-24)
31691,0.2289583650771121,native-country (-50),capital-gain (-24),occupation (-20)
37028,-335.44985009521156,marital-status (-93),occupation (-65),relationship (-58)
30313,-146.45078204251683,marital-status (-75),capital-gain (-24),education-num (-23)
3825,-75.20970541065748,marital-status (-60),capital-gain (-24),age (-9)
2636,-192.0965976576065,marital-status (-93),occupation (-65),capital-gain (-24)
26487,-254.62538749222753,marital-status (-93),relationship (-58),hours-per-week (-46)
44996,54.64428708632168,education-num (-130),native-country (-13),capital-loss (-4)
37038,-311.6251963999282,marital-status (-93),education-num (-87),relationship (-58)
34481,-126.88248107596735,marital-status (-93),capital-gain (-24),occupation (-20)
15502,-190.9849739159787,marital-status (-93),relationship (-58),age (-31)
895,-128.800475879008,marital-status (-54),age (-26),capital-gain (-24)
46407,-144.69741497233892,marital-status (-93),capital-gain (-24),education-num (-23)
42032,103.27762796991726,marital-status (-93),capital-loss (-4),workclass (-3)
35921,-69.33247508666926,occupation (-74),workclass (-32),capital-gain (-24)
32416,-250.48259221654675,marital-status (-93),relationship (-58),age (-29)
20276,-123.88903631290762,marital-status (-93),capital-gain (-24),age (-19)
18036,101.89199453760602,relationship (-58),capital-gain (-24),age (-22)
28961,141.01180655414126,capital-gain (-24),capital-loss (-4),education-num (-2)
43733,-67.78826753074708,marital-status (-60),capital-gain (-24),age (-19)
34625,43.688509476018545,capital-gain (-24),education-num (-23),age (-21)
2544,-69.02454841363749,marital-status (-60),capital-gain (-24),workclass (-17)
14013,43.688509476018545,capital-gain (-24),education-num (-23),age (-21)
16378,117.92167216384505,capital-gain (-24),capital-loss (-4),age (-3)
20251,-49.81416099367078,marital-status (-93),capital-gain (-24),workclass (-17)
16656,-280.0229044431716,marital-status (-93),hours-per-week (-68),relationship (-58)
37783,-273.9878756284457,native-country (-130),marital-status (-75),capital-gain (-24)
16730,-362.90123695340753,marital-status (-93),hours-per-week (-79),education-num (-66)
32280,-138.9128047939356,marital-status (-93),age (-29),capital-gain (-24)
915,-208.62984892677616,education-num (-108),marital-status (-60),capital-gain (-24)
41714,51.669216693882426,marital-status (-93),age (-24),capital-loss (-4)
14792,6.527272618571447,hours-per-week (-81),workclass (-32),capital-gain (-24)
41811,-10.910936037851169,occupation (-65),capital-gain (-24),education-num (-23)
15395,-70.12481436077795,hours-per-week (-81),marital-status (-60),capital-gain (-24)
28098,-98.53756277008449,marital-status (-60),capital-gain (-24),education-num (-23)
18386,-251.71230587202976,marital-status (-93),relationship (-58),education-num (-44)
46077,-104.57522549641996,education-num (-151),native-country (-50),capital-gain (-24)
20169,-128.75486915954818,marital-status (-58),workclass (-32),capital-gain (-24)
19031,0.17461531656955986,marital-status (-60),capital-gain (-24),education (-9)
18911,-37.3341532236315,marital-status (-93),education-num (-66),capital-gain (-24)
46614,-113.31513883463248,marital-status (-93),capital-gain (-24),education-num (-23)
25606,-37.974540962334274,marital-status (-54),hours-per-week (-34),workclass (-32)
32377,-328.1549339594817,marital-status (-93),education-num (-87),relationship (-58)
43759,110.68563547024189,capital-gain (-24),education-num (-23),capital-loss (-4)
35180,64.37490200091662,hours-per-week (-68),workclass (-32),capital-gain (-24)
45007,-120.5851048861872,marital-status (-75),capital-gain (-24),education-num (-23)
40648,-11.323756810388302,marital-status (-60),capital-gain (-24),age (-18)
28142,-74.97062783188346,marital-status (-60),capital-gain (-24),workclass (-17)
19836,-250.2795803780723,marital-status (-93),education-num (-66),hours-per-week (-46)
24406,-10.242329639257916,marital-status (-93),workclass (-32),capital-gain (-24)
27665,125.12815518002407,marital-status (-93),capital-gain (-24),native-country (-11)
25030,-144.82425749727685,marital-status (-58),hours-per-week (-46),age (-26)
29794,-229.51958278602532,marital-status (-93),relationship (-58),hours-per-week (-46)
7537,-209.3209981112196,relationship (-60),marital-status (-54),age (-34)
20844,-79.71403180172197,marital-status (-93),capital-gain (-24),age (-22)
43478,-199.59566571248482,marital-status (-93),relationship (-58),age (-29)
16005,-182.66007930211916,marital-status (-75),occupation (-65),hours-per-week (-34)
35005,-201.86279647896063,marital-status (-93),relationship (-58),capital-gain (-24)
32187,45.95191579916556,education-num (-87),capital-gain (-24),capital-loss (-4)
34212,-109.41363448160615,occupation (-65),marital-status (-60),capital-gain (-24)
24936,-38.249130362991224,education-num (-87),capital-gain (-24),occupation (-20)
37806,-344.70320169458006,marital-status (-93),education-num (-66),relationship (-58)
38980,71.5145804016389,capital-gain (-24),education-num (-23),capital-loss (-4)
44898,-170.01952347795677,marital-status (-93),relationship (-58),capital-gain (-24)
43625,67.73897076453,hours-per-week (-46),native-country (-34),capital-gain (-24)
36318,-215.26448505712528,marital-status (-93),relationship (-58),age (-34)
2831,-1.0645489424023478,marital-status (-93),capital-gain (-24),age (-19)
19589,11.970108784723475,occupation (-51),capital-gain (-24),education-num (-23)
843,128.3683448290911,hours-per-week (-55),capital-gain (-24),capital-loss (-4)
41574,-9.485013182244819,marital-status (-60),capital-gain (-24),capital-loss (-4)
4793,-6.01942663904293,marital-status (-60),capital-gain (-24),age (-14)
3765,89.67650724303803,relationship (-60),capital-gain (-24),capital-loss (-4)
21677,-395.7756315516334,marital-status (-93),education-num (-66),occupation (-65)
48732,-79.97369234274629,marital-status (-58),hours-per-week (-46),capital-gain (-24)
8791,51.00055792173256,marital-status (-93),capital-gain (-24),capital-loss (-4)
35775,42.83772076688038,native-country (-50),capital-gain (-24),hours-per-week (-23)
32304,-136.51327646480354,marital-status (-93),capital-gain (-24),education-num (-23)
43484,-95.54036371631724,marital-status (-60),capital-gain (-24),education-num (-23)
3151,142.6936086750113,capital-gain (-24),education-num (-23),capital-loss (-4)
4204,-202.9933238066389,marital-status (-75),hours-per-week (-46),capital-gain (-24)
38641,-124.69495166057814,marital-status (-93),occupation (-51),capital-gain (-24)
34246,87.8828574167097,capital-gain (-24),education-num (-23),capital-loss (-4)
28963,-249.66992996834333,marital-status (-93),relationship (-58),age (-32)
44621,60.725117672864855,occupation (-65),capital-gain (-24),capital-loss (-4)
25911,-190.7290813691189,marital-status (-93),relationship (-58),capital-gain (-24)
10546,-36.34384291742249,education-num (-130),native-country (-50),capital-gain (-24)
31444,-313.847861608938,marital-status (-93),occupation (-74),relationship (-58)
22919,75.99745362371469,workclass (-32),capital-gain (-24),age (-13)
44628,-105.0823429046491,marital-status (-93),capital-gain (-24),education-num (-23)
32673,71.66649051638278,marital-status (-93),capital-gain (-24),capital-loss (-4)
35488,-245.4658849001204,marital-status (-93),occupation (-65),relationship (-58)
3367,-95.08795440379961,marital-status (-93),relationship (-58),capital-gain (-24)
25854,-71.97864245680415,education-num (-108),hours-per-week (-34),capital-gain (-24)
42788,-294.43111175413225,marital-status (-93),relationship (-58),hours-per-week (-57)
47283,-233.1763561339113,marital-status (-93),relationship (-58),native-country (-33)
21100,44.16918455631518,marital-status (-60),education (-21),relationship (-8)
247,-12.468028847307847,relationship (-58),capital-gain (-24),education-num (-23)
32430,-183.56796853075372,education-num (-87),marital-status (-60),capital-gain (-24)
10823,118.91119896868699,marital-status (-60),age (-8),capital-loss (-4)
17300,-243.6178213258377,marital-status (-93),relationship (-58),age (-32)
20325,-186.77094828414485,marital-status (-93),relationship (-58),age (-32)
38453,-312.6666598367687,marital-status (-93),occupation (-65),relationship (-58)
31143,52.952319898827135,capital-gain (-24),education-num (-23),native-country (-23)
48451,-203.42898762148798,marital-status (-93),education-num (-87),capital-gain (-24)
11460,-219.86701100032752,marital-status (-93),occupation (-65),hours-per-week (-34)
32494,-50.061344906985966,marital-status (-93),relationship (-58),education-num (-23)
48830,-158.93201910562672,marital-status (-60),relationship (-60),capital-gain (-24)
37548,9.98345892614542,occupation (-65),capital-gain (-24),age (-9)
17178,-68.82479661275153,marital-status (-93),relationship (-58),age (-27)
27796,-2.9618420140915207,marital-status (-60),occupation (-51),capital-gain (-24)
47588,40.03177190626856,hours-per-week (-46),capital-gain (-24),age (-19)
11825,74.77747059381302,occupation (-51),capital-gain (-24),education-num (-23)
20949,135.04446709568057,capital-gain (-24),education-num (-23),capital-loss (-4)
33889,17.01686508415668,occupation (-74),workclass (-32),capital-gain (-24)
47119,37.853502332979566,marital-status (-93),capital-gain (-24),age (-13)
41579,-245.07205618795086,hours-per-week (-68),occupation (-65),marital-status (-60)
19177,47.76334942767711,capital-gain (-24),education-num (-23),occupation (-20)
26472,-69.95411326324097,marital-status (-93),capital-gain (-24),education (-21)
9962,-32.57479700741067,marital-status (-60),capital-gain (-24),age (-11)
30634,43.363256950086196,capital-gain (-24),education-num (-23),age (-19)
41621,-190.52237937293208,marital-status (-93),relationship (-58),native-country (-50)
15431,-357.2942621077706,marital-status (-93),education-num (-66),occupation (-65)
47518,-232.68961842613552,marital-status (-93),relationship (-58),age (-34)
24637,56.967917050414414,education-num (-44),capital-gain (-24),hours-per-week (-17)
30394,-192.98924731929745,native-country (-130),marital-status (-93),capital-gain (-24)
34944,29.70217710741799,capital-gain (-24),education-num (-23),age (-19)
45159,-299.1479304268177,marital-status (-93),relationship (-58),occupation (-51)
46192,124.65689099010635,workclass (-32),capital-gain (-24),hours-per-week (-23)
16781,-245.33769919264336,marital-status (-93),occupation (-74),age (-26)
37452,89.7047173386195,capital-gain (-24),age (-14),hours-per-week (-12)
45076,-46.4857410187618,marital-status (-93),capital-gain (-24),education (-21)
18909,-220.23602888734803,marital-status (-93),relationship (-60),occupation (-51)
13744,-48.12686338104287,marital-status (-75),capital-gain (-24),education-num (-23)
21148,67.40528184576208,capital-gain (-24),education-num (-23),occupation (-20)
24702,24.05815930140997,marital-status (-60),workclass (-32),capital-gain (-24)
16905,-274.6099509314537,education-num (-108),marital-status (-54),occupation (-51)
23448,33.85370216223652,education-num (-66),capital-gain (-24),hours-per-week (-23)
28429,114.05419319691961,hours-per-week (-46),capital-gain (-24),education-num (-23)
6926,79.9084633114466,capital-gain (-24),education-num (-23),hours-per-week (-12)
11072,-37.72131758801318,marital-status (-93),capital-gain (-24),age (-16)
19965,83.44076218407415,workclass (-32),capital-gain (-24),education-num (-23)
34765,131.1908403450988,capital-gain (-24),capital-loss (-4),age (-3)
6174,-48.3530503480727,occupation (-74),hours-per-week (-57),workclass (-32)
11954,87.5923780479481,capital-gain (-24),education-num (-23),occupation (-5)
2742,-15.509927731940673,marital-status (-60),capital-gain (-24),hours-per-week (-23)
11571,91.93309106709391,capital-gain (-24),education-num (-23),occupation (-4)
19878,-214.68991962691493,marital-status (-93),relationship (-58),age (-26)
31290,-20.27602834049537,marital-status (-93),capital-gain (-24),age (-21)
23256,-10.317475398568261,marital-status (-60),capital-gain (-24),occupation (-5)
15289,116.28484446233796,capital-gain (-24),age (-4),capital-loss (-4)
3255,-276.6935055016568,marital-status (-93),relationship (-58),hours-per-week (-46)
24073,103.88655633756646,capital-gain (-24),education (-9),capital-loss (-4)
19133,71.4151320851079,workclass (-32),capital-gain (-24),hours-per-week (-23)
14714,46.962164879032706,capital-gain (-24),education-num (-23),age (-18)
7853,66.26755742542346,marital-status (-93),capital-gain (-24),capital-loss (-4)
9615,99.4411696826669,marital-status (-60),capital-gain (-24),education-num (-2)
16491,55.345278669702665,capital-gain (-24),education-num (-23),occupation (-4)
39909,107.39738163094076,occupation (-74),workclass (-32),capital-gain (-24)
29403,-400.2986752560143,education-num (-151),marital-status (-93),relationship (-58)
31080,45.03485780876405,capital-gain (-24),education-num (-23),age (-6)
47144,-126.19834940277394,occupation (-65),marital-status (-58),capital-gain (-24)
25727,-361.06496938333277,education-num (-151),marital-status (-93),relationship (-60)
23584,-0.9015943865127529,marital-status (-93),capital-gain (-24),age (-13)
31139,-152.3570561816679,marital-status (-60),relationship (-58),capital-gain (-24)
48790,-68.35509308618003,marital-status (-58),capital-gain (-24),education-num (-23)
18992,-204.39719354594462,marital-status (-93),relationship (-60),age (-32)
35938,-93.08162915173739,marital-status (-93),capital-gain (-24),education-num (-23)
41234,-236.20282856603956,marital-status (-93),relationship (-58),hours-per-week (-34)
25730,119.7719416351813,capital-gain (-24),capital-loss (-4),education-num (-2)
20534,-114.37084285695062,marital-status (-60),capital-gain (-24),education-num (-23)
25902,-291.0012791261165,marital-status (-93),occupation (-65),relationship (-60)
42561,106.60948467492075,capital-gain (-24),education-num (-23),capital-loss (-4)
18553,-178.6771362335079,marital-status (-93),hours-per-week (-68),relationship (-58)
9910,-150.15306186096126,marital-status (-93),capital-gain (-24),education-num (-23)
20842,-120.3090490860634,education-num (-130),occupation (-65),capital-gain (-24)
7670,-160.6465502809876,marital-status (-60),capital-gain (-24),education-num (-23)
20430,-278.1740180449337,marital-status (-93),occupation (-65),relationship (-58)
31420,-265.3468948969794,marital-status (-93),occupation (-65),relationship (-58)
32071,-9.930781128270317,marital-status (-93),hours-per-week (-34),workclass (-32)
27895,-77.47644063064234,marital-status (-60),hours-per-week (-55),capital-gain (-24)
5166,-77.74899992814679,marital-status (-93),age (-29),capital-gain (-24)
33938,-154.74882454743997,marital-status (-93),occupation (-65),capital-gain (-24)
24997,-216.15762227635108,marital-status (-60),relationship (-58),age (-27)
45015,-11.008884162570402,marital-status (-58),capital-gain (-24),education (-21)
19221,-166.2557494484271,marital-status (-93),capital-gain (-24),education-num (-23)
44670,66.59616773742802,capital-gain (-24),education-num (-23),age (-13)
36673,-173.47830203482926,marital-status (-93),education-num (-66),capital-gain (-24)
30299,-291.33530085387713,marital-status (-93),relationship (-58),education-num (-44)
47853,-91.8551510626101,marital-status (-60),capital-gain (-24),education (-9)
19100,-200.18010416287962,marital-status (-93),occupation (-65),capital-gain (-24)
37021,-210.36322216074274,marital-status (-93),relationship (-60),capital-gain (-24)
26517,-88.53474274073454,education-num (-87),occupation (-51),capital-gain (-24)
16555,-170.54398347767682,marital-status (-60),relationship (-58),capital-gain (-24)
26619,-234.60229946546818,marital-status (-93),occupation (-65),relationship (-60)
39992,66.0766978669462,marital-status (-60),capital-gain (-24),education-num (-23)
42543,-120.18855745829299,marital-status (-75),occupation (-51),capital-gain (-24)
48060,-67.81131427907351,marital-status (-93),capital-gain (-24),education (-21)
19797,-226.19268795682746,marital-status (-93),relationship (-58),hours-per-week (-34)
45383,-48.72046622696172,marital-status (-93),capital-gain (-24),age (-4)
16493,-81.5309348240381,marital-status (-93),capital-gain (-24),age (-6)
27741,-196.66355487012234,marital-status (-93),relationship (-58),age (-27)
31538,112.08835186503362,marital-status (-93),capital-gain (-24),capital-loss (-4)
37866,-58.237377079980206,marital-status (-93),capital-gain (-24),age (-19)
29534,-171.03859037847474,marital-status (-58),native-country (-50),capital-gain (-24)
14722,-3.030269943305754,marital-status (-60),education (-21),relationship (-8)
42662,32.90785542742897,occupation (-65),capital-gain (-24),education-num (-23)
23373,-223.1269876432542,marital-status (-93),education-num (-87),age (-29)
45484,-174.48850859336534,marital-status (-93),occupation (-51),capital-gain (-24)
46311,-100.06904539422018,marital-status (-75),capital-gain (-24),education-num (-23)
38027,-171.34731733573852,education-num (-151),marital-status (-75),capital-gain (-24)
25989,-248.09393950441657,marital-status (-93),relationship (-58),age (-32)
20349,-128.60539563035962,marital-status (-93),relationship (-58),capital-gain (-24)
32719,-49.13493860693734,marital-status (-93),workclass (-32),capital-gain (-24)
20318,-237.1361646997886,education-num (-87),occupation (-65),marital-status (-60)
27610,116.78871023170362,capital-gain (-24),education-num (-23),age (-16)
13879,-3.130335652494492,marital-status (-93),capital-gain (-24),age (-16)
44836,2.494691631794999,marital-status (-60),capital-gain (-24),capital-loss (-4)
23657,99.56925459072949,capital-gain (-24),education-num (-23),hours-per-week (-12)
38073,109.6156416138326,capital-gain (-24),education-num (-23),age (-9)
16744,-187.0925557908006,education-num (-173),marital-status (-54),capital-gain (-24)
34465,-293.96232371243684,marital-status (-93),occupation (-65),relationship (-58)
17167,-116.42526887561225,marital-status (-93),relationship (-58),hours-per-week (-28)
32785,-116.77222575723522,marital-status (-93),relationship (-60),capital-gain (-24)
12507,-388.0550930104768,education-num (-130),marital-status (-93),native-country (-67)
3187,-24.432028761810464,native-country (-47),capital-gain (-24),education-num (-23)
7165,-47.542283797055646,marital-status (-93),age (-26),capital-gain (-24)
31305,-316.65552542202516,marital-status (-93),occupation (-65),relationship (-60)
31859,-0.0014965012301797476,education-num (-66),capital-gain (-24),education (-19)
36644,54.66051860340956,native-country (-54),capital-gain (-24),capital-loss (-4)
18982,-24.41838466487521,marital-status (-93),education-num (-23),age (-8)
35513,-171.34304149789378,marital-status (-93),relationship (-58),capital-gain (-24)
413,-204.11125930313278,marital-status (-93),relationship (-58),hours-per-week (-34)
41502,-127.20873512404265,marital-status (-60),capital-gain (-24),education-num (-23)
22269,-74.11804149325147,marital-status (-60),capital-gain (-24),occupation (-20)
11211,-203.91988908904932,marital-status (-93),occupation (-74),capital-gain (-24)
27696,-226.57667254604954,marital-status (-93),relationship (-58),age (-32)
45359,99.34065132725924,capital-gain (-24),education-num (-23),capital-loss (-4)
47689,-106.5866003761738,marital-status (-60),capital-gain (-24),age (-19)
5800,-8.571926101495546,occupation (-65),capital-gain (-24),education-num (-23)
1117,-7.567166212965436,marital-status (-93),capital-gain (-24),age (-9)
31780,-210.87700233154166,marital-status (-93),relationship (-58),hours-per-week (-55)
24610,-114.16887050958381,marital-status (-58),capital-gain (-24),education-num (-23)
20156,-247.45816972972,education-num (-130),marital-status (-58),occupation (-51)
24072,-111.96749610135464,relationship (-60),hours-per-week (-46),age (-32)
45683,-34.16505301928281,marital-status (-75),hours-per-week (-34),capital-gain (-24)
27666,-163.74255069547888,marital-status (-93),relationship (-58),capital-gain (-24)
302,-104.70625218867116,marital-status (-60),capital-gain (-24),relationship (-8)
35547,-181.7516910293258,education-num (-130),marital-status (-60),capital-gain (-24)
38841,-219.30623830976182,marital-status (-93),relationship (-58),hours-per-week (-37)
8559,-97.6910876992358,education-num (-130),occupation (-51),native-country (-27)
30592,-89.94070723997328,marital-status (-54),capital-gain (-24),education-num (-23)
16279,47.07986639445812,marital-status (-60),relationship (-58),occupation (-5)
32609,125.45744824351263,occupation (-65),capital-gain (-24),capital-loss (-4)
3006,-67.48010704755356,marital-status (-93),capital-gain (-24),education (-21)
26674,29.406070946518476,marital-status (-93),workclass (-32),capital-gain (-24)
11814,95.07726894032726,marital-status (-60),capital-loss (-4),education-num (-2)
8833,-269.9075558444297,marital-status (-93),relationship (-58),occupation (-51)
27335,-209.6314803995071,marital-status (-93),relationship (-58),age (-32)
14059,137.30045234409522,capital-gain (-24),education (-21),age (-13)
34651,-46.98634343429362,education-num (-66),occupation (-51),capital-gain (-24)
1308,-241.24028651140932,marital-status (-93),relationship (-58),hours-per-week (-46)
15845,-210.73469835917996,marital-status (-93),occupation (-74),age (-26)
19782,-71.95071188957033,marital-status (-93),capital-gain (-24),age (-13)
35126,23.988822996103583,age (-27),capital-gain (-24),education-num (-23)
258,-221.21978670369762,marital-status (-93),occupation (-65),capital-gain (-24)
19538,-72.00172634769237,marital-status (-60),relationship (-58),capital-gain (-24)
1393,-108.43266501914133,marital-status (-93),hours-per-week (-46),capital-gain (-24)
3863,-136.36746365115079,education-num (-87),marital-status (-60),capital-gain (-24)
4175,-9.081563676726793,relationship (-58),capital-gain (-24),education-num (-23)
16745,-68.31086552929844,marital-status (-93),hours-per-week (-46),capital-gain (-24)
46048,59.043429837223314,native-country (-50),capital-gain (-24),education (-21)
21584,-270.2573780015006,marital-status (-93),occupation (-65),relationship (-58)
11908,-57.8206299000115,marital-status (-93),capital-gain (-24),age (-22)
4593,89.75106517518998,capital-gain (-24),occupation (-5),capital-loss (-4)
43114,-25.400571235569135,marital-status (-60),capital-gain (-24),education (-9)
131,-166.41043814496257,marital-status (-93),capital-gain (-24),age (-24)
18370,-3.1324227261259336,occupation (-65),capital-gain (-24),education-num (-23)
19124,88.1651777917794,occupation (-65),capital-gain (-24),workclass (-3)
9993,-347.6081959824554,education-num (-151),marital-status (-93),occupation (-65)
34188,-336.64575926971656,marital-status (-93),education-num (-66),relationship (-58)
33335,70.64215074307648,marital-status (-93),workclass (-32),capital-gain (-24)
1999,-183.35620218165172,marital-status (-93),occupation (-65),capital-gain (-24)
36308,12.971929367253273,marital-status (-60),capital-gain (-24),capital-loss (-4)
15636,-39.81013261930484,education-num (-44),native-country (-27),age (-26)
7028,-29.922209567102104,marital-status (-60),capital-gain (-24),education (-21)
41716,30.30340849520034,capital-gain (-24),education-num (-23),age (-21)
7858,-414.2813356537314,marital-status (-93),education-num (-66),occupation (-65)
29685,-202.64205037605333,marital-status (-93),relationship (-58),capital-gain (-24)
3257,16.88059188924471,occupation (-51),capital-gain (-24),education-num (-23)
43162,-288.9276061588179,marital-status (-93),hours-per-week (-59),relationship (-58)
26115,-158.3372003684966,marital-status (-93),capital-gain (-24),education-num (-23)
22700,124.72957926515622,capital-gain (-24),education-num (-23),hours-per-week (-12)
21806,19.227276222121493,marital-status (-93),capital-gain (-24),age (-8)
14677,-142.14850199111797,marital-status (-93),capital-gain (-24),education-num (-23)
14435,-104.39146693940035,marital-status (-93),capital-gain (-24),age (-6)
20260,49.467237468381356,marital-status (-60),capital-gain (-24),hours-per-week (-12)
48821,-179.81351091063345,relationship (-58),marital-status (-58),capital-gain (-24)
31927,-116.84836314205933,marital-status (-93),capital-gain (-24),education-num (-23)
9178,-227.73867662439764,marital-status (-93),occupation (-65),age (-29)
1413,94.85299747987395,capital-gain (-24),workclass (-17),education (-9)
7544,-210.3630842275142,marital-status (-93),relationship (-58),capital-gain (-24)
20953,139.4668818157678,marital-status (-93),age (-22),capital-loss (-4)
39309,32.034558192850085,marital-status (-60),capital-gain (-24),education (-21)
12070,-29.53717908047778,marital-status (-93),capital-gain (-24),age (-8)
40340,-292.6379688943951,marital-status (-93),occupation (-65),relationship (-58)
41934,-62.64389139660651,marital-status (-93),capital-gain (-24),education (-9)
14703,76.36730944433009,capital-gain (-24),education-num (-23),occupation (-4)
41508,-451.2193571245798,education-num (-194),marital-status (-93),occupation (-65)
6031,43.13075790583092,hours-per-week (-73),capital-gain (-24),capital-loss (-4)
15020,-183.39849308986112,occupation (-65),marital-status (-58),capital-gain (-24)
43096,-248.55985040768303,education-num (-108),marital-status (-93),capital-gain (-24)
14597,56.78313108807518,capital-gain (-24),education-num (-23),age (-8)
8322,-265.3468948969794,marital-status (-93),occupation (-65),relationship (-58)
36064,34.5047491198791,education-num (-108),capital-gain (-24),education (-7)
8354,64.36014732642782,marital-status (-60),capital-gain (-24),capital-loss (-4)
37020,-101.01949189992939,marital-status (-60),capital-gain (-24),education-num (-23)
8455,-209.60747636147406,marital-status (-93),relationship (-58),age (-27)
43378,-75.52226987076816,marital-status (-58),capital-gain (-24),hours-per-week (-19)
44245,-230.36774521180024,marital-status (-93),occupation (-65),capital-gain (-24)
3362,-193.81117836833613,marital-status (-93),relationship (-58),hours-per-week (-46)
38147,103.18114057537119,capital-gain (-24),education-num (-23),age (-6)
22399,-87.14388319576648,marital-status (-93),age (-27),capital-gain (-24)
14764,48.04101474767588,capital-gain (-24),education-num (-23),age (-14)
34378,72.44405063479441,workclass (-32),capital-gain (-24),hours-per-week (-23)
46573,93.31519994696573,capital-gain (-24),age (-11),capital-loss (-4)
31383,-46.25885943507616,marital-status (-75),capital-gain (-24),hours-per-week (-23)
36174,141.96300555483444,capital-gain (-24),education-num (-23),age (-22)
9058,-77.14302299226739,marital-status (-93),occupation (-65),capital-gain (-24)
47802,-49.49362044020793,marital-status (-60),capital-gain (-24),age (-9)
1881,134.77696863157826,capital-gain (-24),education-num (-23),capital-loss (-4)
34546,42.752174963086226,education-num (-87),capital-gain (-24),capital-loss (-4)
4921,90.06353805865527,capital-gain (-24),education-num (-23),occupation (-5)
27326,86.13321994763571,capital-gain (-24),education-num (-23),capital-loss (-4)
10040,-109.80217381495547,marital-status (-93),capital-gain (-24),age (-22)
32615,122.02207854288102,marital-status (-60),capital-gain (-24),capital-loss (-4)
32144,-137.27871675906675,marital-status (-93),occupation (-65),capital-gain (-24)
38772,56.78313108807518,capital-gain (-24),education-num (-23),age (-8)
39130,-29.464395128357612,education-num (-66),age (-34),capital-gain (-24)
44833,-76.54422708459569,marital-status (-60),capital-gain (-24),education-num (-23)
44846,-169.02730645020574,marital-status (-93),hours-per-week (-46),age (-26)
23108,-313.38173208578246,marital-status (-93),occupation (-65),relationship (-58)
44073,-110.41386210359792,marital-status (-93),capital-gain (-24),education-num (-23)
3078,139.3983431821031,capital-gain (-24),education (-9),capital-loss (-4)
8997,-66.26268811710017,marital-status (-60),workclass (-32),capital-gain (-24)
43890,28.074691611448475,occupation (-74),workclass (-32),capital-gain (-24)
29885,87.62383935035506,capital-gain (-24),education-num (-23),occupation (-4)
42500,73.79764820849175,marital-status (-60),capital-gain (-24),workclass (-17)
7317,-131.24304634875466,education-num (-66),marital-status (-60),capital-gain (-24)
20043,-208.6767155538803,marital-status (-93),occupation (-65),age (-27)
24506,-17.11941506634771,marital-status (-93),workclass (-32),capital-gain (-24)
18926,105.0404923216176,capital-gain (-24),capital-loss (-4),education-num (-2)
2180,26.190687831958464,workclass (-32),capital-gain (-24),education-num (-23)
2962,-24.9049635591966,marital-status (-93),capital-gain (-24),age (-21)
40984,-154.93233724033905,occupation (-65),marital-status (-60),capital-gain (-24)
9646,-48.40063461865242,marital-status (-58),capital-gain (-24),education (-21)
6902,76.44889574222057,capital-gain (-24),education-num (-23),age (-14)
4770,-83.66055896945349,marital-status (-93),capital-gain (-24),education (-9)
12263,-276.13683851245537,marital-status (-93),relationship (-58),age (-32)
11032,20.28194080090659,marital-status (-60),capital-gain (-24),occupation (-5)
23898,-126.52418932379268,marital-status (-93),hours-per-week (-46),capital-gain (-24)
46823,90.64380702539839,capital-gain (-24),age (-19),education (-9)
13127,3.672335866504315,marital-status (-60),capital-gain (-24),capital-loss (-4)
29818,83.73784459674002,capital-gain (-24),education-num (-23),age (-9)
8660,124.23715389513652,capital-gain (-24),capital-loss (-4),education-num (-2)
4631,16.773284429270287,marital-status (-93),capital-gain (-24),age (-21)
2234,-99.97338278480282,marital-status (-58),capital-gain (-24),age (-18)
8888,62.06946314326382,marital-status (-93),capital-gain (-24),capital-loss (-4)
31016,-77.47077021509537,marital-status (-93),relationship (-58),workclass (-32)
8085,-56.10987185416707,marital-status (-93),education-num (-23),occupation (-5)
20291,-204.9537226019174,marital-status (-93),relationship (-58),age (-27)
1485,15.748230514378042,marital-status (-93),capital-gain (-24),capital-loss (-4)
8159,-214.37655654823865,marital-status (-93),occupation (-65),capital-gain (-24)
16094,50.45519170201916,marital-status (-60),capital-gain (-24),education (-9)
39327,64.96726959561057,capital-gain (-24),education-num (-23),capital-loss (-4)
9373,-304.9300951141447,marital-status (-93),occupation (-65),relationship (-58)
28095,86.44116011408452,occupation (-74),workclass (-32),capital-gain (-24)
29072,-20.317284255675542,marital-status (-54),relationship (-8),capital-loss (-4)
2440,-186.99449900532883,marital-status (-93),relationship (-58),age (-29)
20264,62.63318495994519,education-num (-87),capital-gain (-24),workclass (-17)
43205,-163.61872010369186,marital-status (-58),hours-per-week (-46),capital-gain (-24)
801,15.403955191865515,marital-status (-93),capital-gain (-24),age (-11)
14962,118.86977397777727,capital-gain (-24),education-num (-23),capital-loss (-4)
21129,105.2300629339841,marital-status (-58),capital-gain (-24),age (-13)
27952,-111.7770073909247,marital-status (-93),capital-gain (-24),education (-9)
4611,-93.71368864831086,marital-status (-60),capital-gain (-24),education-num (-23)
2176,-103.3715366616625,hours-per-week (-84),marital-status (-60),capital-gain (-24)
4086,-43.003846687606156,marital-status (-93),education (-21),age (-11)
4925,-171.08519970799568,marital-status (-75),relationship (-60),capital-gain (-24)
4934,-162.61083513641321,marital-status (-93),relationship (-60),capital-gain (-24)
43756,71.65328630413866,hours-per-week (-73),capital-gain (-24),capital-loss (-4)
6836,101.48010527654839,native-country (-86),capital-gain (-24),capital-loss (-4)
9351,-249.7780984302054,marital-status (-93),relationship (-58),age (-31)
4366,-157.92690431181563,occupation (-65),marital-status (-60),capital-gain (-24)
30720,-3.8679028942790117,education-num (-66),capital-gain (-24),education (-19)
42536,-348.8333834709023,marital-status (-93),occupation (-65),relationship (-58)
25058,-40.82247291000222,education-num (-108),capital-gain (-24),occupation (-20)
20789,-187.0882579477485,marital-status (-93),occupation (-51),capital-gain (-24)
29914,96.00360102411544,hours-per-week (-37),capital-gain (-24),education-num (-23)
1269,-10.929355703942141,marital-status (-60),capital-gain (-24),relationship (-8)
11025,-125.68500551418627,marital-status (-93),capital-gain (-24),native-country (-13)
12058,-182.48747232976703,marital-status (-93),occupation (-65),capital-gain (-24)
985,-58.98644809486672,marital-status (-93),education-num (-23),occupation (-20)
28458,66.06337204747788,marital-status (-60),capital-gain (-24),education-num (-23)
43060,-290.4555929610735,marital-status (-93),hours-per-week (-73),relationship (-58)
25965,127.16091003333551,capital-gain (-24),hours-per-week (-12),occupation (-5)
3552,-15.745532888343403,education-num (-130),capital-gain (-24),occupation (-4)
13343,-187.4836148135442,marital-status (-93),relationship (-58),age (-32)
7690,33.39295516185875,marital-status (-75),capital-gain (-24),relationship (-8)
5260,56.98752254907736,education-num (-87),capital-gain (-24),capital-loss (-4)
24119,97.54621258061798,capital-gain (-24),age (-22),education (-21)
14005,-38.65073705088625,marital-status (-60),capital-gain (-24),education-num (-23)
46326,31.39507241260633,capital-gain (-24),education-num (-23),occupation (-20)
19092,-219.1921481610097,marital-status (-75),occupation (-65),hours-per-week (-46)
31779,-289.4873041693676,education-num (-130),marital-status (-93),occupation (-65)
26026,-315.0185597872895,marital-status (-93),occupation (-65),relationship (-58)
30635,-251.98023825507227,marital-status (-93),occupation (-65),capital-gain (-24)
27258,-128.70876338920118,education-num (-130),occupation (-74),workclass (-32)
6075,-19.13256927483209,occupation (-65),capital-gain (-24),education-num (-23)
34818,-224.00743488507686,education-num (-108),marital-status (-93),capital-gain (-24)
67,-315.0185597872895,marital-status (-93),occupation (-65),relationship (-58)
35835,-30.233636553165166,marital-status (-93),capital-gain (-24),age (-14)
936,-150.68696221728285,marital-status (-93),relationship (-60),age (-26)
35588,-279.5417808824941,marital-status (-93),education-num (-66),relationship (-58)
30006,-145.88907460854898,marital-status (-93),age (-31),capital-gain (-24)
29087,13.734629994878267,marital-status (-60),capital-gain (-24),occupation (-5)
6950,-231.5632759453657,marital-status (-93),relationship (-58),age (-32)
8798,-110.93877774542867,marital-status (-93),capital-gain (-24),age (-13)
34381,55.1463033865681,capital-gain (-24),education-num (-23),age (-9)
43460,-209.7794365223937,marital-status (-93),relationship (-58),capital-gain (-24)
9783,-231.5867714898704,education-num (-66),marital-status (-58),native-country (-50)
22142,46.02380807129569,education-num (-87),capital-gain (-24),hours-per-week (-23)
41976,-136.78077492890586,marital-status (-93),capital-gain (-24),education-num (-23)
7207,-165.71826955720053,marital-status (-60),relationship (-58),capital-gain (-24)
14378,78.2614343477473,hours-per-week (-57),capital-gain (-24),occupation (-5)
47837,-288.9858066229707,marital-status (-93),relationship (-58),hours-per-week (-46)
39138,-336.2741182206438,marital-status (-93),hours-per-week (-64),relationship (-58)
12013,-14.903341463732465,marital-status (-93),capital-gain (-24),education-num (-23)
26842,-326.540356376186,marital-status (-93),occupation (-74),relationship (-58)
40237,118.30706319388574,workclass (-32),capital-gain (-24),education-num (-23)
27714,-172.85278445902546,occupation (-65),marital-status (-58),capital-gain (-24)
19703,-135.05467191854572,occupation (-65),marital-status (-60),capital-gain (-24)
40930,47.72474705116072,marital-status (-58),capital-gain (-24),relationship (-8)
48391,-45.67885145950784,marital-status (-60),capital-gain (-24),education-num (-23)
14241,-12.383922144599264,occupation (-74),capital-gain (-24),education-num (-23)
29445,87.19248202118953,capital-gain (-24),education (-9),occupation (-5)
12124,108.30621816494211,capital-gain (-24),capital-loss (-4),workclass (-3)
43810,-207.0895667577286,marital-status (-93),relationship (-60),capital-gain (-24)
42372,-85.95000980129278,marital-status (-93),relationship (-58),capital-gain (-24)
3735,-222.26518054477935,marital-status (-93),occupation (-74),workclass (-32)
37503,-79.96608209262087,marital-status (-75),hours-per-week (-30),capital-gain (-24)
32993,-78.27197781668065,marital-status (-75),hours-per-week (-57),capital-gain (-24)
32062,-271.55565003147404,marital-status (-93),education-num (-87),relationship (-58)
22478,139.1935301146176,capital-gain (-24),education-num (-23),capital-loss (-4)
10570,-189.34814621447163,marital-status (-93),relationship (-58),age (-29)
16569,-7.244134165131261,marital-status (-93),capital-gain (-24),age (-22)
1036,66.60409729711766,capital-gain (-24),education-num (-23),capital-loss (-4)
21711,116.51149509113621,capital-gain (-24),education (-9),capital-loss (-4)
31149,-218.04856129937986,marital-status (-93),occupation (-65),relationship (-58)
988,-218.98692350718827,marital-status (-93),education-num (-66),capital-gain (-24)
2342,-93.04535746653536,occupation (-65),marital-status (-60),capital-gain (-24)
46737,-125.81818318187896,marital-status (-93),capital-gain (-24),education-num (-23)
14246,-213.74954939809524,marital-status (-93),relationship (-58),age (-31)
28014,-50.017497001062814,marital-status (-60),capital-gain (-24),education-num (-23)
8754,-223.5657150974409,marital-status (-93),relationship (-58),occupation (-51)
40627,133.27524183151723,capital-gain (-24),education (-9),age (-8)
25627,13.892815579306447,occupation (-74),capital-gain (-24),age (-19)
40449,81.33554661068138,capital-gain (-24),education-num (-23),capital-loss (-4)
32555,51.037004830691274,capital-gain (-24),education-num (-23),occupation (-20)
10391,-20.29420226105727,marital-status (-60),relationship (-58),capital-gain (-24)
35662,38.005634167953666,education-num (-44),workclass (-32),capital-gain (-24)
6004,-83.06288231766794,marital-status (-93),capital-gain (-24),age (-13)
27182,50.18953501902132,capital-gain (-24),occupation (-20),age (-14)
39940,0.7424640646705754,occupation (-65),capital-gain (-24),education-num (-23)
4765,-66.50048473078084,marital-status (-75),hours-per-week (-46),workclass (-32)
2479,-96.21609772936432,marital-status (-93),relationship (-58),capital-gain (-24)
27468,-51.38203230984451,marital-status (-60),capital-gain (-24),relationship (-8)
43196,-65.30831093485949,marital-status (-93),capital-gain (-24),age (-24)
22062,-234.18078654003992,marital-status (-93),relationship (-58),hours-per-week (-46)
43913,-114.58360833400118,marital-status (-93),relationship (-58),age (-24)
46734,-204.72099729498586,marital-status (-93),relationship (-58),age (-27)
45618,-169.7769134572314,marital-status (-93),relationship (-58),hours-per-week (-46)
6743,-116.43563311168475,marital-status (-93),relationship (-58),hours-per-week (-34)
1105,-59.646205150102716,education-num (-108),occupation (-51),capital-gain (-24)
29592,-9.021278161628256,education-num (-66),capital-gain (-24),occupation (-20)
14102,-358.2384346813617,marital-status (-93),relationship (-58),occupation (-51)
43341,99.47330057630103,marital-status (-93),capital-gain (-24),workclass (-17)
18901,97.0651915157282,capital-gain (-24),education-num (-23),occupation (-4)
27219,64.79513296691688,marital-status (-93),capital-gain (-24),age (-18)
11501,56.48791876828598,workclass (-32),capital-gain (-24),education-num (-23)
2534,136.9321487359349,capital-gain (-24),capital-loss (-4),education-num (-2)
3171,138.39399107422298,capital-gain (-24),workclass (-17),age (-16)
46175,-30.0169354924292,marital-status (-60),capital-gain (-24),education-num (-23)
24864,-166.57987664447717,occupation (-65),marital-status (-60),capital-gain (-24)
15858,-38.41777506070058,marital-status (-93),capital-gain (-24),age (-22)
27807,-239.01981110478178,marital-status (-93),relationship (-58),hours-per-week (-46)
21856,-2.802510672446675,occupation (-74),workclass (-32),capital-gain (-24)
4786,-5.607306463624174,marital-status (-93),capital-gain (-24),age (-21)
538,117.85483582710485,capital-gain (-24),education-num (-23),occupation (-4)
41940,-90.17967274355485,marital-status (-75),workclass (-32),capital-gain (-24)
26182,133.17819593135002,hours-per-week (-37),capital-gain (-24),age (-16)
47765,-155.0635449654825,marital-status (-93),capital-gain (-24),education-num (-23)
22042,102.57541152964131,capital-gain (-24),education-num (-23),capital-loss (-4)
29743,66.99857060206854,workclass (-32),capital-gain (-24),education-num (-23)
39360,94.93924800600576,capital-gain (-24),education-num (-23),occupation (-4)
39230,-67.20829618317947,marital-status (-60),capital-gain (-24),education-num (-23)
43887,-10.94547903637562,occupation (-51),capital-gain (-24),education-num (-23)
45208,-181.78424054470247,marital-status (-60),relationship (-58),capital-gain (-24)
9779,-128.1840171199823,marital-status (-93),occupation (-65),capital-gain (-24)
38741,-11.418279495426082,marital-status (-60),capital-gain (-24),education-num (-23)
19441,13.41797396698208,marital-status (-60),capital-gain (-24),relationship (-8)
12767,104.45914755684247,capital-gain (-24),age (-24),education (-9)
7245,-3.3932375032305613,occupation (-65),workclass (-32),capital-gain (-24)
44991,-316.3429146053313,marital-status (-93),occupation (-65),relationship (-58)
21637,-184.28665077096784,marital-status (-93),relationship (-58),capital-gain (-24)
42790,-112.73401515544353,marital-status (-60),capital-gain (-24),education-num (-23)
26813,-89.30770895635803,marital-status (-75),capital-gain (-24),education-num (-23)
2858,59.76630712232776,capital-gain (-24),education-num (-23),occupation (-5)
38911,95.23614051596365,marital-status (-60),workclass (-32),capital-gain (-24)
6272,57.10056087113416,capital-gain (-24),education-num (-23),age (-22)
16091,-106.96993359887435,marital-status (-60),relationship (-60),capital-gain (-24)
2660,52.96044647629118,education-num (-87),occupation (-65),hours-per-week (-23)
37313,43.83496520908266,marital-status (-93),capital-gain (-24),age (-22)
42914,-87.45685721104417,marital-status (-60),capital-gain (-24),education-num (-23)
36675,47.76334942767711,capital-gain (-24),education-num (-23),occupation (-20)
28149,-76.579301175586,education-num (-87),occupation (-65),capital-gain (-24)
26930,-220.18405043655667,marital-status (-93),relationship (-58),age (-27)
31944,-193.45615043210123,marital-status (-93),hours-per-week (-68),occupation (-65)
4167,34.668727815620485,capital-gain (-24),education-num (-23),occupation (-20)
35603,-90.44771169119932,marital-status (-93),relationship (-58),workclass (-32)
23040,80.48807679901142,capital-gain (-24),age (-13),capital-loss (-4)
7533,123.62924474331595,capital-gain (-24),capital-loss (-4),education-num (-2)
1369,53.775663305500785,capital-gain (-24),education-num (-23),occupation (-20)
10212,-248.8459024482682,marital-status (-93),relationship (-60),age (-26)
24860,-217.0681792204724,marital-status (-93),relationship (-58),hours-per-week (-34)
2721,-242.58251620465853,marital-status (-93),relationship (-60),native-country (-50)
28366,-322.36620652407396,marital-status (-93),occupation (-65),relationship (-58)
19473,5.966161669815473,marital-status (-93),occupation (-65),capital-loss (-4)
35151,-290.3042663541049,marital-status (-93),native-country (-67),relationship (-60)
40670,-137.8921986315802,marital-status (-60),relationship (-58),capital-gain (-24)
42961,-104.68467993017876,marital-status (-60),capital-gain (-24),hours-per-week (-23)
3929,-162.27870606658433,marital-status (-93),occupation (-65),age (-26)
1350,-348.9414873596049,marital-status (-93),hours-per-week (-64),relationship (-58)
5893,-88.87468404990906,marital-status (-93),hours-per-week (-34),capital-gain (-24)
40593,-318.2757995894976,marital-status (-93),occupation (-65),relationship (-60)
1751,-97.27421290620092,marital-status (-93),capital-gain (-24),education (-21)
23076,-195.51662687357052,marital-status (-93),native-country (-34),age (-27)
2710,-123.55345813501751,marital-status (-93),age (-26),capital-gain (-24)
184,-91.27758543465683,marital-status (-60),capital-gain (-24),education-num (-23)
41806,-67.12506593880923,marital-status (-60),capital-gain (-24),education (-9)
1633,-194.68758832757794,marital-status (-93),relationship (-58),age (-29)
13789,28.926405197692585,education-num (-66),capital-gain (-24),education (-19)
16889,-46.47819059058628,marital-status (-58),capital-gain (-24),education-num (-23)
44984,42.05168177451147,capital-gain (-24),education-num (-23),age (-22)
22929,59.162361899246946,marital-status (-93),capital-gain (-24),workclass (-17)
23492,133.42546753264608,capital-gain (-24),age (-19),capital-loss (-4)
21594,-140.13831292791414,marital-status (-93),hours-per-week (-46),workclass (-32)
30346,-84.31035961827303,occupation (-65),marital-status (-58),capital-gain (-24)
30560,15.562974277871024,education-num (-66),age (-27),capital-gain (-24)
25068,-232.50963654489559,marital-status (-93),occupation (-74),relationship (-58)
28746,-29.5392151386577,marital-status (-60),capital-gain (-24),education-num (-23)
11735,-51.268978176693736,marital-status (-60),capital-gain (-24),education-num (-23)
11083,-203.03859329695334,marital-status (-93),relationship (-58),age (-31)
34415,-15.85596214089687,occupation (-51),capital-gain (-24),education-num (-23)
7448,-33.79754412413883,occupation (-74),age (-27),capital-gain (-24)
22869,-65.58985317000769,marital-status (-93),relationship (-60),capital-gain (-24)
47273,-1.3485999636994113,marital-status (-93),occupation (-65),relationship (-58)
37914,-69.88324589057135,marital-status (-60),capital-gain (-24),education-num (-23)
28792,-409.25194848972626,education-num (-108),occupation (-65),relationship (-60)
36411,-26.779948545745235,marital-status (-60),capital-gain (-24),relationship (-8)
30119,-251.9001736789198,marital-status (-93),hours-per-week (-68),relationship (-58)
21363,39.68219521899653,marital-status (-60),capital-gain (-24),capital-loss (-4)
39306,-217.78084574987173,marital-status (-93),relationship (-58),age (-29)
13450,-195.23420069189896,education-num (-87),marital-status (-60),occupation (-51)
18400,-192.35797951093633,marital-status (-93),relationship (-58),capital-gain (-24)
30395,55.1463033865681,capital-gain (-24),education-num (-23),age (-9)
39926,-253.8012220389239,marital-status (-93),relationship (-58),hours-per-week (-34)
27411,19.592844518704453,native-country (-27),capital-gain (-24),education-num (-23)
40918,-220.39963177824774,marital-status (-93),relationship (-58),hours-per-week (-37)
3861,76.0190939698402,occupation (-74),workclass (-32),capital-gain (-24)
35740,120.23223370232614,occupation (-51),capital-gain (-24),education-num (-23)
32032,-259.1015056708065,marital-status (-93),relationship (-58),hours-per-week (-50)
30834,-224.89120522289215,education-num (-66),marital-status (-60),workclass (-32)
3014,20.950829140298605,hours-per-week (-79),capital-gain (-24),education-num (-23)
24667,-56.29590293571725,marital-status (-60),capital-gain (-24),education (-21)
32531,-310.4067004757431,education-num (-108),marital-status (-93),relationship (-58)
509,67.35296168880085,workclass (-32),capital-gain (-24),education-num (-23)
12293,-189.10730501258143,marital-status (-93),relationship (-58),capital-gain (-24)
24065,-45.90545609554857,marital-status (-93),capital-gain (-24),age (-24)
15964,68.0078918948702,education-num (-194),marital-status (-58),education (-34)
26838,52.68953731787584,occupation (-51),capital-gain (-24),education-num (-23)
46911,91.30653572186637,occupation (-65),hours-per-week (-23),education-num (-23)
11927,2.3268067831751855,marital-status (-58),capital-gain (-24),occupation (-5)
45871,-146.87940645794708,marital-status (-93),capital-gain (-24),education-num (-23)
29579,-5.849821160720711,occupation (-65),capital-gain (-24),hours-per-week (-23)
15328,-180.22363747811656,marital-status (-93),relationship (-58),age (-26)
27084,-213.92721899928995,marital-status (-93),relationship (-58),capital-gain (-24)
21943,30.96577535885333,education-num (-108),capital-gain (-24),age (-13)
29716,-271.4925430283739,marital-status (-93),relationship (-58),hours-per-week (-46)
20931,-195.7444446815174,marital-status (-93),relationship (-58),capital-gain (-24)
11968,-89.74679565276935,marital-status (-60),capital-gain (-24),education-num (-23)
36632,-305.2931143880374,marital-status (-93),relationship (-58),occupation (-51)
39686,-128.97493374363154,marital-status (-93),capital-gain (-24),education-num (-23)
36638,-1.638324202737267,education-num (-66),capital-gain (-24),education (-19)
3574,-192.4510307351657,marital-status (-93),relationship (-60),occupation (-51)
38766,-35.834413570451495,education-num (-87),capital-gain (-24),age (-22)
46567,-33.676069683068505,education-num (-130),hours-per-week (-46),capital-gain (-24)
4962,-1.5376922004749585,education-num (-66),capital-gain (-24),education (-19)
43558,85.57530684011556,native-country (-27),capital-gain (-24),occupation (-20)
37568,-355.5249910601765,marital-status (-93),education-num (-66),relationship (-58)
31811,-36.78094735919349,marital-status (-93),capital-gain (-24),age (-21)
7373,136.12579122178747,capital-gain (-24),age (-11),capital-loss (-4)
353,-22.611387795011066,occupation (-65),hours-per-week (-64),capital-gain (-24)
36550,-232.79124755620975,hours-per-week (-73),relationship (-58),marital-status (-58)
30486,51.759838215987045,capital-gain (-24),education-num (-23),age (-22)
39988,-131.9152662437476,marital-status (-93),capital-gain (-24),hours-per-week (-23)
42616,110.70944837680963,hours-per-week (-46),capital-gain (-24),age (-21)
27759,-6.885765750695241,education-num (-151),hours-per-week (-46),capital-gain (-24)
18255,20.093278042254784,hours-per-week (-46),capital-gain (-24),education-num (-23)
13376,58.308561576479924,occupation (-51),capital-gain (-24),education-num (-23)
40542,132.82766804660585,capital-gain (-24),capital-loss (-4),education-num (-2)
35867,-223.51545990140087,marital-status (-93),relationship (-58),capital-gain (-24)
16023,92.10020194748284,marital-status (-60),capital-gain (-24),relationship (-8)
42560,-135.67495182505445,education-num (-151),native-country (-50),capital-gain (-24)
35705,-78.64048597752534,marital-status (-93),capital-gain (-24),education (-9)
5598,53.50947568506103,capital-gain (-24),education-num (-23),age (-11)
32314,-104.37029801021603,marital-status (-60),capital-gain (-24),education-num (-23)
31206,6.709803523131261,occupation (-65),capital-gain (-24),age (-13)
7103,115.5376355790417,capital-gain (-24),age (-14),hours-per-week (-12)
766,-142.18646019694975,marital-status (-93),age (-32),capital-gain (-24)
38174,39.23360068952204,marital-status (-93),capital-gain (-24),age (-16)
25233,48.541238518709754,capital-gain (-24),education-num (-23),occupation (-4)
491,-131.25345678755073,marital-status (-93),occupation (-51),hours-per-week (-28)
20895,-24.036296372675725,occupation (-74),workclass (-32),capital-gain (-24)
48396,-26.21123561015163,hours-per-week (-68),native-country (-38),capital-gain (-24)
48251,139.68169272719803,occupation (-74),capital-gain (-24),capital-loss (-4)
27847,-130.7137938767528,education-num (-130),occupation (-65),hours-per-week (-34)
31493,-102.99699126064158,marital-status (-93),native-country (-50),age (-26)
13796,81.91919431580187,capital-gain (-24),education-num (-23),capital-loss (-4)
39365,89.40687535064987,capital-gain (-24),education-num (-23),capital-loss (-4)
44156,89.2719879538507,occupation (-65),education-num (-23),hours-per-week (-12)
18270,-100.90536877802072,marital-status (-93),capital-gain (-24),age (-14)
18078,33.204067626748206,occupation (-51),capital-gain (-24),education (-21)
41247,-214.73807303639316,education-num (-108),marital-status (-75),hours-per-week (-34)
6011,-18.79567816968341,marital-status (-60),capital-gain (-24),education (-9)
8823,-189.569780064,marital-status (-93),occupation (-65),age (-31)
38224,-351.2481913817755,marital-status (-93),education-num (-87),relationship (-58)
7736,-495.39109219318107,education-num (-194),marital-status (-93),occupation (-65)
17065,19.705526801247284,marital-status (-93),capital-gain (-24),capital-loss (-4)
45008,37.08344460816021,capital-gain (-24),education-num (-23),age (-14)
14466,-26.462065893346345,marital-status (-93),capital-gain (-24),age (-18)
14737,50.52013260617193,hours-per-week (-57),capital-gain (-24),education-num (-23)
37436,20.998422183466296,marital-status (-93),capital-gain (-24),education (-21)
23877,-58.8089309001065,marital-status (-93),age (-26),capital-gain (-24)
37820,-145.13167802537052,marital-status (-93),capital-gain (-24),education-num (-23)
8458,-66.23075416241448,marital-status (-58),capital-gain (-24),education-num (-23)
42097,-169.50525492593746,native-country (-86),marital-status (-58),capital-gain (-24)
12610,-185.2633916142664,marital-status (-75),education-num (-66),capital-gain (-24)
29631,-86.31989695997089,marital-status (-93),hours-per-week (-39),capital-gain (-24)
10314,-127.23273916207572,marital-status (-60),capital-gain (-24),education-num (-23)
8097,-422.63234062310676,marital-status (-93),education-num (-66),occupation (-65)
35542,-180.67734134581798,marital-status (-93),occupation (-74),relationship (-58)
26733,-223.4914558633678,marital-status (-93),relationship (-58),capital-gain (-24)
34669,-242.9273698956522,marital-status (-93),occupation (-65),capital-gain (-24)
17145,26.484589308085095,capital-gain (-24),education-num (-23),occupation (-20)
28457,-220.47452980531827,marital-status (-93),relationship (-58),capital-gain (-24)
45505,-65.38873920161501,marital-status (-60),capital-gain (-24),occupation (-5)
31931,-96.31529099589795,marital-status (-60),hours-per-week (-46),workclass (-32)
2068,-193.99691925847756,marital-status (-93),hours-per-week (-73),relationship (-58)
44315,-179.4813153908552,marital-status (-93),occupation (-65),capital-gain (-24)
3276,93.5959072700371,capital-gain (-24),age (-11),education (-9)
20617,-237.22752890129385,marital-status (-93),occupation (-65),age (-27)
32990,-76.3013349217677,marital-status (-60),capital-gain (-24),education-num (-23)
40164,88.4047168424445,capital-gain (-24),age (-16),capital-loss (-4)
28452,-134.38625311265906,marital-status (-93),age (-31),capital-gain (-24)
35147,-13.085785534643929,occupation (-74),capital-gain (-24),education-num (-23)
22543,-316.6180382151909,marital-status (-93),hours-per-week (-68),relationship (-58)
36689,-64.21006215842513,marital-status (-60),capital-gain (-24),education-num (-23)
18639,-8.532999351093551,hours-per-week (-84),education-num (-66),capital-gain (-24)
18910,100.709980564664,capital-gain (-24),education-num (-23),capital-loss (-4)
39820,-167.9423013545042,occupation (-65),marital-status (-58),capital-gain (-24)
46266,-153.1856218118974,marital-status (-93),workclass (-32),capital-gain (-24)
5779,-29.60396101322111,marital-status (-93),capital-gain (-24),native-country (-18)
29360,55.1463033865681,capital-gain (-24),education-num (-23),age (-9)
18825,-203.812097063933,marital-status (-93),relationship (-58),age (-32)
475,-48.71246874689952,marital-status (-75),occupation (-74),workclass (-32)
9834,96.58885534997988,capital-gain (-24),age (-8),capital-loss (-4)
18598,-42.56456822231746,marital-status (-93),capital-gain (-24),education-num (-23)
11063,67.86061676695552,capital-gain (-24),education-num (-23),age (-18)
40387,3.2721589017839667,education-num (-66),capital-gain (-24),education (-19)
13752,40.10154282018621,marital-status (-60),capital-gain (-24),capital-loss (-4)
2623,-15.165539347099497,marital-status (-60),hours-per-week (-37),capital-gain (-24)
19984,67.9771028920753,age (-29),capital-gain (-24),capital-loss (-4)
39515,48.82067825592624,marital-status (-60),capital-gain (-24),hours-per-week (-23)
16634,-23.819939812497157,education-num (-66),capital-gain (-24),hours-per-week (-23)
48703,-187.75800476180686,occupation (-65),marital-status (-60),capital-gain (-24)
37523,-232.42752587939046,marital-status (-93),relationship (-58),age (-32)
26805,-42.63180069253441,marital-status (-93),capital-gain (-24),age (-21)
311,-251.1130932380146,marital-status (-93),relationship (-58),occupation (-51)
34189,78.36850226066085,marital-status (-75),native-country (-50),education-num (-23)
48577,-75.75486919475856,marital-status (-60),capital-gain (-24),occupation (-20)
23956,104.839228317093,capital-gain (-24),age (-24),capital-loss (-4)
38515,-203.49547704850337,education-num (-66),marital-status (-60),occupation (-51)
40240,-254.62538749222753,marital-status (-93),relationship (-58),hours-per-week (-46)
22706,73.15140810314598,capital-gain (-24),education-num (-23),capital-loss (-4)
27670,-36.546423696352264,occupation (-65),capital-gain (-24),education-num (-23)
38657,-295.674915705928,native-country (-130),occupation (-65),marital-status (-54)
44401,58.41995878958226,capital-gain (-24),education-num (-23),age (-6)
13429,-24.20145490046203,marital-status (-60),capital-gain (-24),education-num (-23)
22807,37.322609226333164,education-num (-87),capital-gain (-24),occupation (-5)
11272,-20.25120979963995,marital-status (-93),capital-gain (-24),age (-21)
43751,44.59935535489061,marital-status (-93),capital-gain (-24),capital-loss (-4)
36641,-103.63979890193183,marital-status (-60),native-country (-54),workclass (-32)
19710,-207.99465269800004,marital-status (-93),relationship (-58),age (-31)
37712,-116.9212989741603,marital-status (-54),hours-per-week (-28),capital-gain (-24)
3764,-50.69903435880819,marital-status (-93),capital-gain (-24),occupation (-20)
46446,-4.901647027108534,occupation (-74),capital-gain (-24),education-num (-23)
44936,-196.4198636231138,occupation (-65),marital-status (-60),capital-gain (-24)
47301,143.78936022958283,capital-gain (-24),capital-loss (-4),education-num (-2)
34673,-219.87811958891345,marital-status (-93),occupation (-74),relationship (-58)
2872,-11.312292650196785,education-num (-130),capital-gain (-24),capital-loss (-4)
3338,-231.1224422300259,relationship (-58),marital-status (-58),occupation (-51)
37229,-50.407304017443664,marital-status (-60),workclass (-32),capital-gain (-24)
18889,-184.65929695947878,marital-status (-93),occupation (-65),age (-26)
38757,-97.74583649691525,marital-status (-60),capital-gain (-24),education-num (-23)
20459,67.95044562986315,capital-gain (-24),education-num (-23),occupation (-5)
21546,-16.260734888990076,marital-status (-93),capital-gain (-24),age (-19)
20133,-315.0185597872895,marital-status (-93),occupation (-65),relationship (-58)
15444,132.27381225720325,capital-gain (-24),occupation (-4),capital-loss (-4)
32559,-35.14411965768642,marital-status (-93),capital-gain (-24),age (-19)
43457,-72.4926825905489,marital-status (-60),capital-gain (-24),education-num (-23)
8189,-262.724756815718,marital-status (-93),relationship (-58),hours-per-week (-46)
48267,114.25585231918487,capital-gain (-24),education (-9),capital-loss (-4)
25614,-110.38452092453713,marital-status (-60),capital-gain (-24),hours-per-week (-23)
25821,-321.2533977098525,marital-status (-93),occupation (-65),relationship (-58)
22551,119.7719416351813,capital-gain (-24),capital-loss (-4),education-num (-2)
16986,-0.1264449409072388,marital-status (-60),relationship (-58),capital-gain (-24)
30784,-44.708170052726715,marital-status (-60),capital-gain (-24),workclass (-17)
18351,1.8962801718367561,marital-status (-93),capital-gain (-24),capital-loss (-4)
42021,-120.40552624849508,marital-status (-75),capital-gain (-24),education-num (-23)
48414,123.78980728253228,capital-gain (-24),education-num (-23),occupation (-5)
29542,-336.4786904022587,marital-status (-93),occupation (-74),relationship (-58)
2195,89.10682812263869,occupation (-65),capital-gain (-24),capital-loss (-4)
15411,-159.13279417546482,education-num (-66),marital-status (-58),capital-gain (-24)
25507,-108.94964137444296,marital-status (-75),capital-gain (-24),education-num (-23)
14796,-157.64961493703282,education-num (-130),marital-status (-58),capital-gain (-24)
22404,-169.52048327069957,marital-status (-75),occupation (-65),capital-gain (-24)
40061,-136.27463761360474,marital-status (-93),occupation (-51),capital-gain (-24)
8378,-52.57401934535684,marital-status (-60),capital-gain (-24),occupation (-20)
37937,-183.68178164680583,occupation (-74),marital-status (-60),capital-gain (-24)
23047,82.67671528874587,hours-per-week (-68),capital-gain (-24),capital-loss (-4)
10274,-244.24775429398372,marital-status (-93),relationship (-58),age (-29)
2340,88.1820448947851,relationship (-60),capital-gain (-24),native-country (-18)
4062,-30.47698220190711,education-num (-130),capital-gain (-24),occupation (-4)
9774,-243.46236682385685,marital-status (-93),occupation (-65),age (-27)
2887,-303.515791457377,marital-status (-93),occupation (-65),relationship (-58)
28616,-31.627045758608798,marital-status (-60),capital-gain (-24),education-num (-23)
23329,-15.467956965394256,education-num (-66),capital-gain (-24),occupation (-20)
4457,113.23071004788389,age (-26),capital-gain (-24),education-num (-23)
9196,16.745814260404195,marital-status (-93),workclass (-32),capital-gain (-24)
38163,119.28191912633963,capital-gain (-24),education-num (-23),capital-loss (-4)
1859,-220.23033569958218,marital-status (-93),relationship (-58),age (-27)
48367,27.82457442439015,education-num (-66),capital-gain (-24),education (-19)
22456,-212.36769475296822,marital-status (-93),native-country (-54),capital-gain (-24)
48037,-269.9075558444297,marital-status (-93),relationship (-58),occupation (-51)
21261,-233.39090202155606,education-num (-108),relationship (-58),marital-status (-58)
44128,-187.560306173982,marital-status (-93),relationship (-58),capital-gain (-24)
14105,-19.228629369537252,marital-status (-60),workclass (-32),capital-gain (-24)
29330,-173.30293740298683,marital-status (-93),education-num (-44),capital-gain (-24)
9872,-86.23046032650828,marital-status (-60),capital-gain (-24),education-num (-23)
12791,-180.63880374705698,marital-status (-93),occupation (-65),capital-gain (-24)
37237,54.2396030121476,occupation (-74),workclass (-32),capital-gain (-24)
21712,67.88033763071374,occupation (-65),capital-gain (-24),capital-loss (-4)
449,-78.17989695335746,marital-status (-93),age (-29),occupation (-5)
42126,77.18884007011704,capital-gain (-24),workclass (-17),age (-16)
43669,-291.001141192888,marital-status (-93),occupation (-65),relationship (-58)
5112,-243.3144823184158,marital-status (-93),hours-per-week (-81),relationship (-58)
18331,-170.6641341517128,marital-status (-93),hours-per-week (-46),age (-27)
12848,-402.2855930840561,marital-status (-93),education-num (-66),relationship (-58)
24113,116.55234292644028,capital-gain (-24),capital-loss (-4),education-num (-2)
2774,-157.64265193230668,marital-status (-93),capital-gain (-24),education-num (-23)
35668,63.330441894103494,capital-gain (-24),education-num (-23),capital-loss (-4)
9857,-12.441837279186078,education-num (-130),workclass (-32),capital-gain (-24)
41480,-93.98222269849373,marital-status (-93),occupation (-65),capital-gain (-24)
37206,-437.1302940449475,education-num (-108),marital-status (-93),occupation (-65)
33675,-115.96094528763447,occupation (-65),marital-status (-60),capital-gain (-24)
43971,-214.7599746435683,occupation (-65),marital-status (-54),hours-per-week (-34)
26665,-30.212688935863685,marital-status (-60),capital-gain (-24),education (-21)
38428,67.7059280704201,capital-gain (-24),education-num (-23),age (-19)
25733,-212.27706687994203,marital-status (-93),relationship (-58),age (-32)
44193,-228.65866831285365,marital-status (-93),relationship (-58),capital-gain (-24)
42954,97.70382362575216,capital-gain (-24),education-num (-23),capital-loss (-4)
40568,-163.87818449448574,marital-status (-93),occupation (-51),capital-gain (-24)
35987,-146.5729244141853,marital-status (-93),education-num (-44),age (-27)
33804,-112.92487012253815,marital-status (-75),capital-gain (-24),occupation (-20)
27451,-0.29197586999176584,education-num (-66),capital-gain (-24),education (-19)
15761,-226.71709455944128,occupation (-65),marital-status (-60),hours-per-week (-57)
16632,-30.089763799861597,occupation (-65),capital-gain (-24),education-num (-23)
30533,-136.1465217779893,marital-status (-93),relationship (-58),capital-gain (-24)
38045,-43.37369257622524,occupation (-65),marital-status (-60),capital-gain (-24)
7413,87.8828574167097,capital-gain (-24),education-num (-23),capital-loss (-4)
13713,-41.42393199961239,marital-status (-93),capital-gain (-24),age (-14)
34534,-187.97354899293813,marital-status (-93),relationship (-60),age (-27)
42833,-162.4392080275023,marital-status (-93),occupation (-65),relationship (-58)
28194,93.78236152696647,capital-gain (-24),education-num (-23),capital-loss (-4)
30755,121.41107227703372,capital-gain (-24),age (-11),education (-9)
34442,-130.39052457317484,hours-per-week (-77),marital-status (-58),capital-gain (-24)
22955,99.86251075299404,capital-gain (-24),age (-4),capital-loss (-4)
31301,-30.06223331986956,education-num (-151),capital-gain (-24),occupation (-20)
7494,-59.25185921255789,marital-status (-60),capital-gain (-24),relationship (-8)
39698,86.17647954980828,education-num (-66),capital-gain (-24),education (-19)
41122,-287.8811424295641,marital-status (-93),occupation (-74),relationship (-58)
8218,84.5514479518655,capital-gain (-24),education-num (-23),occupation (-4)
44798,-373.42946377449204,marital-status (-93),hours-per-week (-73),education-num (-66)
20995,-311.54068864882964,marital-status (-93),hours-per-week (-61),relationship (-58)
42437,46.90441081720267,capital-gain (-24),education-num (-23),age (-4)
14457,-139.80646019594457,marital-status (-93),relationship (-58),age (-29)
4808,-92.93367302885079,marital-status (-93),capital-gain (-24),occupation (-4)
30109,-48.39521880043816,marital-status (-60),capital-gain (-24),age (-13)
47943,-85.56308234904463,occupation (-65),marital-status (-60),capital-gain (-24)
17513,-58.237377079980206,marital-status (-93),capital-gain (-24),age (-19)
22127,-286.54642098775236,marital-status (-93),occupation (-65),relationship (-60)
15704,-63.878060663671995,marital-status (-60),hours-per-week (-55),capital-gain (-24)
37762,97.70382362575216,capital-gain (-24),education-num (-23),capital-loss (-4)
21721,-196.56734418725648,marital-status (-93),hours-per-week (-81),capital-gain (-24)
40658,-133.06195146059468,marital-status (-93),age (-29),capital-gain (-24)
22243,-108.38897768786244,relationship (-58),marital-status (-58),capital-gain (-24)
29843,-260.13119715108365,occupation (-74),marital-status (-60),relationship (-58)
7068,-138.75849639920654,marital-status (-93),capital-gain (-24),age (-21)
47345,-163.24768347301784,marital-status (-93),capital-gain (-24),education-num (-23)
31603,74.04152977083024,occupation (-65),capital-gain (-24),education (-21)
38600,48.541238518709754,capital-gain (-24),education-num (-23),occupation (-4)
31896,10.760970551446613,marital-status (-93),capital-gain (-24),age (-4)
6084,-221.99031663757836,occupation (-65),marital-status (-60),relationship (-58)
1834,0.6973120485801381,education-num (-130),hours-per-week (-46),capital-gain (-24)
26915,118.9159746890252,workclass (-32),capital-gain (-24),education-num (-23)
36459,-165.47595132089705,marital-status (-93),age (-27),capital-gain (-24)
631,-50.824156349891325,marital-status (-60),capital-gain (-24),hours-per-week (-8)
4693,-57.754478233488285,marital-status (-60),workclass (-32),capital-gain (-24)
36576,-260.3041063795998,marital-status (-93),relationship (-60),hours-per-week (-55)
31540,73.65786103835669,marital-status (-60),capital-gain (-24),native-country (-7)
14160,-69.27408289327161,marital-status (-60),capital-gain (-24),education-num (-23)
31669,-22.049498045629786,marital-status (-93),capital-gain (-24),age (-6)
13501,-236.13014029098971,marital-status (-93),relationship (-58),age (-31)
3102,-94.63035899784842,marital-status (-60),relationship (-60),capital-gain (-24)
26347,-309.7957417325315,marital-status (-93),occupation (-65),relationship (-60)
45401,135.16879887798893,capital-gain (-24),education (-9),capital-loss (-4)
27980,-35.212510556957405,marital-status (-58),capital-gain (-24),relationship (-8)
6529,-61.031993782313194,education-num (-130),occupation (-74),workclass (-32)
21983,64.96726959561057,capital-gain (-24),education-num (-23),capital-loss (-4)
48364,-85.6706448574482,marital-status (-60),capital-gain (-24),education-num (-23)
11810,-113.3432258091612,marital-status (-93),capital-gain (-24),age (-18)
47304,-199.0409241159715,marital-status (-93),occupation (-51),age (-26)
11673,-189.42321526813674,marital-status (-60),relationship (-58),capital-gain (-24)
6740,-443.8600203528011,marital-status (-93),hours-per-week (-68),education-num (-66)
38651,-357.98173458861623,education-num (-130),marital-status (-93),occupation (-65)
47404,-276.14998389497714,marital-status (-93),education-num (-87),relationship (-58)
41982,95.5369558956341,capital-gain (-24),age (-13),occupation (-5)
20745,-199.10161120106386,marital-status (-93),education-num (-87),hours-per-week (-81)
32413,-34.89044673345338,marital-status (-60),capital-gain (-24),education (-21)
20715,-30.740057216984606,marital-status (-93),capital-gain (-24),education (-9)
4043,144.36675526379622,hours-per-week (-55),capital-loss (-4),education-num (-2)
26160,-129.67510058788622,education-num (-130),marital-status (-60),capital-gain (-24)
36435,-185.31179018383247,marital-status (-93),relationship (-58),capital-gain (-24)
5828,15.744615489364056,marital-status (-93),hours-per-week (-46),workclass (-32)
23817,71.5145804016389,capital-gain (-24),education-num (-23),capital-loss (-4)
45339,-246.31254409321951,education-num (-87),occupation (-65),marital-status (-60)
15016,28.5280087220403,education-num (-87),workclass (-32),capital-gain (-24)
44518,-333.5115672825791,marital-status (-93),education-num (-66),occupation (-51)
41147,111.47499336007901,capital-gain (-24),capital-loss (-4),education-num (-2)
12559,-31.898178110359137,marital-status (-93),workclass (-32),capital-gain (-24)
8058,-310.0631022634053,marital-status (-93),occupation (-65),relationship (-58)
6883,103.52598587908955,capital-gain (-24),education (-9),occupation (-4)
6080,45.39754829445965,capital-gain (-24),education-num (-23),workclass (-17)
42741,-198.54327646137253,marital-status (-93),occupation (-65),capital-gain (-24)
18350,-89.40451327012302,marital-status (-60),relationship (-58),capital-gain (-24)
1800,135.60522172204745,capital-gain (-24),capital-loss (-4),education-num (-2)
30975,-163.9139064447175,occupation (-65),marital-status (-60),workclass (-32)
4354,-117.71881385838853,marital-status (-93),capital-gain (-24),age (-19)
15527,93.74519004921525,capital-gain (-24),age (-19),education (-9)
41345,72.50291357461059,capital-gain (-24),occupation (-4),capital-loss (-4)
42946,138.9436172250954,hours-per-week (-46),capital-gain (-24),occupation (-4)
8998,-183.2297944170284,marital-status (-93),relationship (-58),capital-gain (-24)
1338,-213.36556480887316,marital-status (-93),relationship (-58),age (-31)
45101,78.06189120766722,capital-gain (-24),education-num (-23),capital-loss (-4)
23406,-20.440113155578356,hours-per-week (-68),relationship (-60),workclass (-32)
47362,-320.7667745399471,education-num (-151),occupation (-65),marital-status (-54)
19201,117.7639216448663,occupation (-74),workclass (-32),capital-gain (-24)
44694,-189.6543228328714,marital-status (-93),occupation (-51),capital-gain (-24)
11495,-119.33781023529562,marital-status (-93),hours-per-week (-68),age (-26)
17636,116.2326354429755,occupation (-74),workclass (-32),capital-gain (-24)
1797,-211.19872738037688,marital-status (-93),relationship (-58),capital-gain (-24)
26181,123.58667318513102,capital-gain (-24),education-num (-23),capital-loss (-4)
46142,36.17705956231365,marital-status (-60),capital-gain (-24),relationship (-8)
39216,-20.734927113974674,occupation (-74),capital-gain (-24),education-num (-23)
2528,-53.475020848102474,marital-status (-54),occupation (-51),capital-gain (-24)
24162,-125.90295236592391,marital-status (-93),age (-27),capital-gain (-24)
12186,-46.48910380066906,marital-status (-93),capital-gain (-24),age (-21)
45718,24.118694706767492,education-num (-87),capital-gain (-24),occupation (-4)
3910,-256.9887213795652,marital-status (-93),hours-per-week (-68),occupation (-65)
41649,128.00105456207967,capital-gain (-24),education-num (-23),capital-loss (-4)
5258,122.72720600836973,capital-gain (-24),age (-14),occupation (-7)
22647,-109.23236932328427,marital-status (-93),capital-gain (-24),education-num (-23)
18152,-218.83770210381118,marital-status (-93),relationship (-58),capital-gain (-24)
4236,56.61910418568324,capital-gain (-24),education-num (-23),hours-per-week (-19)
45065,-213.4432233043948,marital-status (-93),education-num (-87),workclass (-32)
40855,118.09621873304215,capital-gain (-24),age (-16),capital-loss (-4)
43019,-226.57667254604954,marital-status (-93),relationship (-58),age (-32)
25647,-170.26602926544675,marital-status (-93),relationship (-58),age (-32)
14334,-7.693859238036526,education-num (-87),capital-gain (-24),capital-loss (-4)
18141,-97.10015381889195,marital-status (-60),age (-26),capital-gain (-24)
35074,24.55386013045139,workclass (-32),capital-gain (-24),education-num (-23)
21658,82.18241107679484,marital-status (-58),capital-gain (-24),capital-loss (-4)
15781,-31.413641725933932,relationship (-60),age (-29),capital-gain (-24)
2564,-186.18494135511366,marital-status (-93),hours-per-week (-46),capital-gain (-24)
23941,144.21154739022057,capital-gain (-24),capital-loss (-4),education-num (-2)
6812,-152.27853890224864,marital-status (-93),relationship (-58),capital-gain (-24)
44853,-419.7881529107671,marital-status (-93),education-num (-87),hours-per-week (-68)
14800,141.75467700761683,hours-per-week (-37),capital-gain (-24),capital-loss (-4)
31401,43.22400280030339,capital-gain (-24),workclass (-17),age (-13)
4654,-283.04715187584924,marital-status (-93),relationship (-58),occupation (-51)
23411,84.03848654897129,workclass (-32),capital-gain (-24),hours-per-week (-23)
37483,-152.36986091003592,marital-status (-93),age (-27),capital-gain (-24)
12098,90.75661679296529,capital-gain (-24),education (-9),age (-9)
32072,126.79065846218144,capital-gain (-24),education (-9),capital-loss (-4)
24373,-54.75909650862395,marital-status (-60),capital-gain (-24),education-num (-23)
23714,-193.0747225745044,relationship (-58),marital-status (-54),age (-26)
42138,110.70277013514016,capital-gain (-24),hours-per-week (-5),occupation (-5)
6450,2.917240425303402,occupation (-51),capital-gain (-24),education-num (-23)
45539,-152.08379103859497,marital-status (-93),workclass (-32),capital-gain (-24)
27831,-285.10534770861244,marital-status (-93),hours-per-week (-68),relationship (-58)
29230,-28.94677947719696,occupation (-74),workclass (-32),capital-gain (-24)
15839,51.22199599621656,hours-per-week (-73),capital-gain (-24),education-num (-23)
1349,-173.32206235201897,marital-status (-93),occupation (-51),capital-gain (-24)
4590,-87.84246948715995,marital-status (-60),capital-gain (-24),education-num (-23)
9030,-191.28413615517846,marital-status (-93),relationship (-58),age (-26)
38195,-192.62180161748577,marital-status (-93),relationship (-58),age (-32)
21162,-99.72333585762743,marital-status (-93),native-country (-50),capital-gain (-24)
15337,68.21923341565767,relationship (-60),native-country (-27),capital-gain (-24)
31029,65.69887342361767,capital-gain (-24),age (-14),occupation (-4)
20134,-245.3866289155298,marital-status (-93),occupation (-65),education-num (-44)
48698,-70.27440491801318,marital-status (-93),age (-31),capital-gain (-24)
8880,-193.55792577295486,native-country (-86),occupation (-65),marital-status (-54)
7491,10.225973623241979,marital-status (-93),age (-27),capital-gain (-24)
27551,7.370097443464917,marital-status (-93),capital-gain (-24),hours-per-week (-23)
1616,42.70232645848301,marital-status (-60),capital-gain (-24),hours-per-week (-12)
26654,-106.11106420233116,marital-status (-93),workclass (-32),capital-gain (-24)
46781,-99.42322977304906,marital-status (-93),capital-gain (-24),age (-14)
34173,4.016119467684736,occupation (-65),capital-gain (-24),education-num (-23)
39422,69.76494293256492,capital-gain (-24),education-num (-23),age (-4)
33904,-19.24325195459478,marital-status (-60),capital-gain (-24),capital-loss (-4)
48361,-303.7101068905366,education-num (-108),marital-status (-93),relationship (-58)
21103,-12.901403601304677,marital-status (-93),capital-gain (-24),hours-per-week (-12)
22025,-13.703898993611629,marital-status (-93),capital-gain (-24),age (-14)
35784,-313.06939713554567,marital-status (-93),occupation (-65),relationship (-60)
25669,46.45946003217783,native-country (-67),capital-gain (-24),age (-11)
43643,58.41995878958226,capital-gain (-24),education-num (-23),age (-6)
9501,-125.12720658412513,education-num (-87),marital-status (-60),capital-gain (-24)
34162,-73.6502532164765,marital-status (-75),hours-per-week (-37),capital-gain (-24)
40521,-276.75123054166323,education-num (-130),native-country (-130),marital-status (-60)
43636,-288.6590596428399,marital-status (-93),hours-per-week (-64),relationship (-58)
19660,-134.46311470534874,marital-status (-58),capital-gain (-24),education-num (-23)
10659,61.69361419259642,capital-gain (-24),education-num (-23),capital-loss (-4)
9602,-271.7420456803227,marital-status (-93),education-num (-66),relationship (-58)
30508,-266.1483852657202,marital-status (-93),education-num (-66),hours-per-week (-64)
33988,-64.70279821532847,occupation (-97),relationship (-60),capital-gain (-24)
39981,101.70849780429069,education-num (-23),age (-19),occupation (-5)
8511,2.5285488353522565,marital-status (-93),relationship (-58),capital-gain (-24)
32253,-131.7375966425529,marital-status (-93),age (-34),capital-gain (-24)
19636,-44.2686283940415,marital-status (-93),capital-gain (-24),age (-22)
44797,-7.671823633361472,occupation (-51),capital-gain (-24),education-num (-23)
32744,-333.276843513369,marital-status (-93),education-num (-66),occupation (-65)
10900,7.557273334801214,occupation (-65),capital-gain (-24),education-num (-23)
47355,-125.59047948245862,marital-status (-93),capital-gain (-24),education-num (-23)
44789,10.6386441930588,marital-status (-60),capital-gain (-24),age (-6)
28321,48.541238518709754,capital-gain (-24),education-num (-23),occupation (-4)
8128,33.573516068149814,occupation (-65),workclass (-32),education-num (-23)
48020,-101.22952195283432,marital-status (-58),capital-gain (-24),hours-per-week (-23)
8821,-245.57210911202552,marital-status (-93),relationship (-58),capital-gain (-24)
39207,-136.90114973569285,education-num (-87),marital-status (-60),capital-gain (-24)
43945,-115.72543533775959,marital-status (-93),relationship (-58),age (-26)
28881,129.44165786689715,marital-status (-93),relationship (-60),hours-per-week (-46)
5276,41.14498140009097,occupation (-74),workclass (-32),capital-gain (-24)
27013,-9.018337052552855,workclass (-32),capital-gain (-24),education-num (-23)
25977,-125.18731228040735,marital-status (-58),capital-gain (-24),education-num (-23)
24650,53.39666591749412,capital-gain (-24),education-num (-23),age (-21)
11421,78.05396164797757,capital-gain (-24),education-num (-23),capital-loss (-4)
19949,-91.90517756889541,education-num (-151),native-country (-50),capital-gain (-24)
33267,-211.71399782166463,education-num (-108),marital-status (-93),capital-gain (-24)
32480,-289.5179701310712,marital-status (-93),occupation (-74),relationship (-58)
12201,79.94323646861734,capital-gain (-24),hours-per-week (-23),education-num (-23)
40945,-264.94654306600813,marital-status (-93),relationship (-58),age (-32)
37540,11.737755664696552,marital-status (-93),capital-gain (-24),age (-18)
8553,-125.54553836144711,education-num (-108),marital-status (-60),capital-gain (-24)
36781,5.7424272325011065,marital-status (-93),capital-gain (-24),capital-loss (-4)
35469,-193.0074246853473,marital-status (-93),education-num (-66),capital-gain (-24)
35959,-95.14201532459327,marital-status (-60),capital-gain (-24),relationship (-8)
12685,-90.66663788133746,marital-status (-93),hours-per-week (-46),capital-gain (-24)
32098,126.0517539771073,capital-gain (-24),capital-loss (-4),education-num (-2)
28687,52.37993105607172,workclass (-32),capital-gain (-24),education-num (-23)
34817,93.46645559636922,education-num (-151),native-country (-13),capital-loss (-4)
1655,130.92334188099645,capital-gain (-24),age (-14),capital-loss (-4)
1714,11.970108784723475,occupation (-51),capital-gain (-24),education-num (-23)
9087,106.35206749719232,capital-gain (-24),occupation (-4),capital-loss (-4)
16043,-82.31798971688079,marital-status (-93),capital-gain (-24),age (-24)
4675,44.86689478610709,marital-status (-75),capital-gain (-24),education-num (-23)
4860,-85.06579999055202,education-num (-87),occupation (-51),capital-gain (-24)
19050,-176.84510186722514,marital-status (-93),relationship (-58),age (-27)
46034,110.49571495462817,workclass (-32),capital-gain (-24),hours-per-week (-23)
26417,129.33515198040615,workclass (-32),capital-gain (-24),age (-4)
43257,-253.75624761956092,marital-status (-93),relationship (-58),age (-32)
15862,-274.9698364687628,marital-status (-93),education-num (-66),occupation (-65)
31930,-16.867551849998367,marital-status (-58),capital-gain (-24),education (-9)
16923,-252.7499209395217,marital-status (-93),relationship (-58),occupation (-51)
38914,-220.97459032764036,marital-status (-93),education-num (-66),capital-gain (-24)
167,81.06804814657905,capital-gain (-24),education-num (-23),capital-loss (-4)
30091,131.81427261130253,hours-per-week (-64),capital-gain (-24),capital-loss (-4)
23019,94.65286540927305,capital-gain (-24),education (-21),hours-per-week (-12)
28005,4.063798810128051,marital-status (-93),relationship (-58),capital-gain (-24)
45826,-188.13787180193523,marital-status (-93),relationship (-58),capital-gain (-24)
10950,-317.1880160336691,marital-status (-93),occupation (-65),relationship (-58)
5732,-283.4685200071054,marital-status (-93),hours-per-week (-68),relationship (-58)
18664,-232.38123809922317,education-num (-130),occupation (-65),marital-status (-54)
5022,-163.68212764084137,education-num (-66),occupation (-65),marital-status (-60)
28694,-106.8905883013531,marital-status (-93),occupation (-65),capital-gain (-24)
20443,81.33554661068138,capital-gain (-24),education-num (-23),capital-loss (-4)
19256,-146.26962720580207,marital-status (-93),capital-gain (-24),age (-19)
2577,-167.11601967993357,marital-status (-60),relationship (-58),capital-gain (-24)
25717,-147.73834506842152,marital-status (-93),capital-gain (-24),education-num (-23)
14495,-121.26034666656102,marital-status (-75),education-num (-66),capital-gain (-24)
34276,-150.1383641974466,marital-status (-93),capital-gain (-24),age (-21)
21265,-211.9999119290213,marital-status (-93),relationship (-58),capital-gain (-24)
48496,0.3986804634901613,marital-status (-60),capital-gain (-24),capital-loss (-4)
20309,-238.3417549318309,occupation (-65),hours-per-week (-64),marital-status (-60)
1382,-109.89976381414516,marital-status (-93),capital-gain (-24),occupation (-20)
15952,-152.17560665353372,education-num (-66),marital-status (-60),capital-gain (-24)
1246,-76.03930822166538,education-num (-87),marital-status (-58),capital-gain (-24)
8465,-86.35049563012356,marital-status (-60),capital-gain (-24),education (-21)
40083,62.05765656660331,relationship (-58),marital-status (-58),capital-gain (-24)
24541,-107.60736828058447,marital-status (-93),capital-gain (-24),age (-22)
17387,-18.78124855997289,marital-status (-93),capital-gain (-24),age (-13)
41500,-0.6237632893250897,education-num (-87),hours-per-week (-46),capital-gain (-24)
48018,-4.550398631929263,marital-status (-93),capital-gain (-24),hours-per-week (-5)
15906,96.85635381408221,capital-gain (-24),capital-loss (-4),education-num (-2)
26984,92.18494828833501,capital-gain (-24),workclass (-17),capital-loss (-4)
18258,-81.5309348240381,marital-status (-93),capital-gain (-24),age (-6)
31130,-163.13742059806546,occupation (-97),marital-status (-75),capital-gain (-24)
5153,-63.14786018450145,marital-status (-93),capital-gain (-24),age (-24)
24701,-165.06901755955477,marital-status (-93),relationship (-58),hours-per-week (-50)
41767,-242.247601893222,marital-status (-93),occupation (-65),hours-per-week (-57)
41182,-295.59982390949904,marital-status (-93),occupation (-65),relationship (-58)
40123,-78.40543470136217,marital-status (-60),capital-gain (-24),education (-21)
20663,-92.91250409966648,marital-status (-60),capital-gain (-24),education-num (-23)
16018,-193.82426439305053,marital-status (-93),relationship (-58),age (-29)
33279,118.858761261827,marital-status (-93),workclass (-32),capital-loss (-4)
13456,1.0473118023785843,occupation (-51),capital-gain (-24),hours-per-week (-23)
3773,-345.8600881736194,marital-status (-93),hours-per-week (-68),education-num (-66)
21338,-20.877189823715046,occupation (-65),capital-gain (-24),age (-21)
46552,12.755735385179966,marital-status (-60),capital-gain (-24),workclass (-17)
13167,48.006241590505105,age (-26),capital-gain (-24),education-num (-23)
23847,135.40498881118728,capital-gain (-24),age (-19),education (-9)
15489,105.88796213328756,capital-gain (-24),education-num (-23),capital-loss (-4)
9380,-192.39965519091893,marital-status (-93),relationship (-58),hours-per-week (-46)
34978,127.9560801427167,capital-gain (-24),capital-loss (-4),education-num (-2)
41566,19.937278502056788,capital-gain (-24),education-num (-23),occupation (-20)
36382,107.32386909117064,capital-gain (-24),education (-9),occupation (-4)
25307,108.64891174197625,capital-gain (-24),education (-9),capital-loss (-4)
31328,-143.82868512045422,marital-status (-93),capital-gain (-24),education-num (-23)
37999,-302.73705107147185,marital-status (-93),occupation (-65),hours-per-week (-46)
8204,-25.186511445016603,marital-status (-93),age (-26),capital-gain (-24)
10256,-191.38837589677138,marital-status (-60),relationship (-60),occupation (-51)
1872,-329.77126914106793,marital-status (-93),occupation (-65),relationship (-58)
24009,122.54462305593415,workclass (-32),capital-gain (-24),age (-4)
2162,-86.86291398196838,marital-status (-93),education-num (-23),age (-22)
23190,-40.824069628218055,marital-status (-60),workclass (-32),capital-gain (-24)
11276,141.49353151135995,capital-gain (-24),age (-21),capital-loss (-4)
42211,106.15913695494274,capital-gain (-24),hours-per-week (-23),capital-loss (-4)
18490,-63.92567080408137,marital-status (-75),capital-gain (-24),education-num (-23)
9132,48.541238518709754,capital-gain (-24),education-num (-23),occupation (-4)
13390,-168.04726584646963,marital-status (-93),age (-26),capital-gain (-24)
723,59.662519091473875,education-num (-108),workclass (-32),capital-gain (-24)
47107,-60.96761802734838,marital-status (-93),capital-gain (-24),education-num (-23)
2418,-52.76727584322209,marital-status (-60),capital-gain (-24),age (-13)
24666,-162.97317246467125,marital-status (-75),occupation (-65),capital-gain (-24)
2313,84.80425416993802,occupation (-65),capital-gain (-24),age (-22)
8059,51.826362720528394,capital-gain (-24),occupation (-20),age (-13)
20142,-107.33407739902617,marital-status (-60),capital-gain (-24),education-num (-23)
21467,115.512235978769,hours-per-week (-57),workclass (-32),capital-gain (-24)
11505,62.27726189771691,capital-gain (-24),education-num (-23),age (-6)
47246,-177.44789243327037,marital-status (-75),occupation (-65),capital-gain (-24)
17487,115.70099878264038,capital-gain (-24),education-num (-23),capital-loss (-4)
883,-219.65614626993687,marital-status (-93),relationship (-58),age (-32)
41532,89.29961442093173,marital-status (-93),capital-gain (-24),workclass (-3)
4835,-296.4707941202813,marital-status (-93),education-num (-87),occupation (-65)
3979,54.584386514767026,marital-status (-60),capital-gain (-24),hours-per-week (-23)
59,-4.398168230347312,occupation (-51),capital-gain (-24),education-num (-23)
9623,-242.02596804369358,marital-status (-93),relationship (-58),hours-per-week (-57)
33017,-150.07591115368874,marital-status (-93),capital-gain (-24),education-num (-23)
7973,-134.50969407648222,marital-status (-93),relationship (-58),capital-gain (-24)
1785,-0.6551585015442865,marital-status (-93),capital-gain (-24),age (-21)
46221,-327.91515676208707,marital-status (-93),education-num (-66),occupation (-65)
44395,-320.64920858226816,education-num (-130),marital-status (-93),relationship (-58)
4715,3.3372497861765025,marital-status (-93),capital-gain (-24),age (-14)
26231,-203.31689490041035,marital-status (-93),relationship (-58),age (-26)
26293,-106.10966675048283,marital-status (-60),capital-gain (-24),age (-24)
48569,-385.4664240415221,education-num (-108),marital-status (-93),relationship (-58)
12475,67.64817400859006,capital-gain (-24),education-num (-23),age (-6)
44557,-225.15709164310275,marital-status (-93),relationship (-58),hours-per-week (-37)
45330,-51.75574232149913,education-num (-130),capital-gain (-24),age (-8)
41575,-42.8233264853833,marital-status (-93),relationship (-58),capital-gain (-24)
48695,-188.1261352281715,occupation (-65),marital-status (-60),capital-gain (-24)
41543,111.5217418098639,capital-gain (-24),education (-21),age (-8)
9852,-116.99372167353505,marital-status (-93),occupation (-65),capital-gain (-24)
20123,-25.773667133925187,marital-status (-60),capital-gain (-24),relationship (-8)
2639,52.36379171434456,native-country (-67),workclass (-32),capital-gain (-24)
9790,78.00413714583719,capital-gain (-24),education-num (-23),occupation (-4)
21667,60.25696886923128,age (-26),capital-gain (-24),education-num (-23)
18001,-107.0987896291291,marital-status (-60),capital-gain (-24),education-num (-23)
18284,115.98018383495909,education-num (-108),capital-gain (-24),education (-7)
12028,130.04701058089606,workclass (-32),capital-gain (-24),hours-per-week (-23)
47844,108.6504528441575,capital-gain (-24),education-num (-23),age (-4)
5577,-130.01136521260727,marital-status (-60),occupation (-51),capital-gain (-24)
37298,64.07930628578669,workclass (-32),capital-gain (-24),education-num (-23)
9183,64.44670687156018,marital-status (-93),age (-13),capital-loss (-4)
41469,-31.874732324640167,education-num (-130),capital-gain (-24),workclass (-17)
5919,-34.44766218499902,marital-status (-93),capital-gain (-24),age (-13)
31864,-157.15341914105284,occupation (-65),marital-status (-58),capital-gain (-24)
9123,-76.44940273080778,marital-status (-58),capital-gain (-24),education-num (-23)
43674,33.809789205146046,capital-gain (-24),education-num (-23),age (-18)
18455,97.49038185592295,capital-gain (-24),education-num (-23),capital-loss (-4)
42599,-131.4817524910353,occupation (-65),marital-status (-60),capital-gain (-24)
25408,-240.48196761443953,marital-status (-93),education-num (-87),occupation (-51)
19600,-177.44739762116293,marital-status (-93),relationship (-58),age (-31)
9153,-10.899117186072138,marital-status (-58),workclass (-32),capital-gain (-24)
18292,-308.4712489812612,marital-status (-93),occupation (-65),relationship (-58)
30466,-190.85678560843613,marital-status (-93),occupation (-51),capital-gain (-24)
42111,81.88586370131696,education-num (-66),capital-gain (-24),education (-19)
17813,63.28036046298435,marital-status (-60),capital-gain (-24),relationship (-8)
42898,-127.65303838624575,marital-status (-58),workclass (-32),capital-gain (-24)
28385,-156.87995130468167,marital-status (-93),capital-gain (-24),education-num (-23)
26473,121.2243191921865,capital-gain (-24),hours-per-week (-10),capital-loss (-4)
31952,100.53697655195464,education-num (-23),occupation (-20),capital-loss (-4)
12961,-190.9849739159787,marital-status (-93),relationship (-58),age (-31)
12378,-210.14698512908782,native-country (-86),hours-per-week (-73),marital-status (-60)
37890,-103.43759228898449,marital-status (-93),capital-gain (-24),education-num (-23)
31180,-20.01206824585452,occupation (-65),capital-gain (-24),education-num (-23)
22153,-312.4028919904666,education-num (-130),marital-status (-93),occupation (-65)
46482,66.80547626985617,education-num (-130),capital-loss (-4),workclass (-3)
11354,9.955003309203702,marital-status (-60),capital-gain (-24),capital-loss (-4)
46247,-165.33072762007012,marital-status (-93),relationship (-58),age (-27)
14409,-149.86226720839792,marital-status (-54),occupation (-51),capital-gain (-24)
3607,108.8552238715673,capital-gain (-24),education-num (-23),age (-8)
46607,114.78519814354107,native-country (-33),capital-gain (-24),occupation (-5)
21046,126.31279412356885,capital-gain (-24),education-num (-23),occupation (-20)
35831,109.85034342387655,capital-gain (-24),capital-loss (-4),education-num (-2)
5423,142.18998898404735,capital-gain (-24),age (-14),capital-loss (-4)
8240,-326.3043760435271,marital-status (-93),relationship (-58),occupation (-51)
2446,-120.39551082440244,marital-status (-93),capital-gain (-24),age (-18)
14195,-17.442099912471665,marital-status (-60),capital-gain (-24),hours-per-week (-14)
27362,98.16792898965693,capital-gain (-24),occupation (-4),capital-loss (-4)
26439,-229.32743619303795,education-num (-87),marital-status (-54),occupation (-51)
24897,-97.64290769595084,marital-status (-93),hours-per-week (-57),age (-26)
22264,-187.71131851296454,marital-status (-93),relationship (-58),age (-27)
20814,-65.85535091813449,marital-status (-93),relationship (-58),workclass (-32)
14837,-175.02350552156997,marital-status (-93),occupation (-51),capital-gain (-24)
22178,-232.01207129240157,marital-status (-93),relationship (-58),age (-32)
31404,-286.12178341723927,education-num (-108),marital-status (-93),relationship (-58)
30684,26.018141106251893,relationship (-58),occupation (-51),capital-gain (-24)
9587,43.688509476018545,capital-gain (-24),education-num (-23),age (-21)
14603,-300.2293367468821,marital-status (-93),relationship (-58),hours-per-week (-46)
41824,-289.05197854114414,marital-status (-93),occupation (-65),relationship (-60)
25392,-279.1664291354801,marital-status (-93),hours-per-week (-68),relationship (-58)
41278,-165.01468530271134,marital-status (-60),relationship (-58),capital-gain (-24)
12041,-29.53717908047778,marital-status (-93),capital-gain (-24),age (-8)
43663,-215.00239251038025,marital-status (-93),relationship (-58),age (-32)
25081,-67.88385921919283,marital-status (-93),capital-gain (-24),education (-9)
31105,-87.39224174300023,marital-status (-60),capital-gain (-24),relationship (-8)
25442,-7.7130720196073215,occupation (-65),hours-per-week (-57),capital-gain (-24)
40146,-139.54274564213353,marital-status (-93),education-num (-87),capital-gain (-24)
39007,68.24092499862473,capital-gain (-24),education-num (-23),capital-loss (-4)
18736,-112.55443651775141,marital-status (-60),capital-gain (-24),education-num (-23)
35708,-256.9667167133325,marital-status (-93),hours-per-week (-86),relationship (-58)
16956,-151.5119489871469,marital-status (-93),relationship (-58),age (-27)
42279,-47.286765201624135,marital-status (-58),capital-gain (-24),capital-loss (-4)
8179,76.30216123506136,marital-status (-58),capital-gain (-24),age (-19)
12139,50.08197767582205,marital-status (-60),capital-gain (-24),education-num (-23)
30355,-69.51450556924057,occupation (-65),native-country (-38),capital-gain (-24)
15333,-334.66979272717214,marital-status (-93),education-num (-66),relationship (-58)
5321,-35.80548170505673,marital-status (-93),capital-gain (-24),workclass (-17)
43559,-395.7756315516334,marital-status (-93),education-num (-66),occupation (-65)
13667,116.51701987229251,capital-gain (-24),education-num (-23),workclass (-17)
6441,-114.39814276000534,marital-status (-93),occupation (-65),age (-27)
37694,54.62812031838618,capital-gain (-24),hours-per-week (-23),education-num (-23)
41573,-267.66569344256436,marital-status (-93),occupation (-65),relationship (-58)
46579,-25.562650459364473,relationship (-58),age (-31),capital-gain (-24)
46582,-179.53398036292623,education-num (-87),relationship (-58),native-country (-54)
4504,13.406294293195613,marital-status (-60),capital-gain (-24),hours-per-week (-5)
26260,15.827955881735368,marital-status (-93),capital-gain (-24),capital-loss (-4)
37581,-35.000246904382834,occupation (-65),age (-26),capital-gain (-24)
41642,129.64440834287055,education-num (-23),age (-6),capital-loss (-4)
6524,-78.8750544586731,marital-status (-75),capital-gain (-24),relationship (-8)
16995,-58.92786005998985,marital-status (-60),capital-gain (-24),hours-per-week (-12)
14431,-63.93201354703283,occupation (-97),marital-status (-93),capital-gain (-24)
29172,-4.110795057107022,education-num (-66),capital-gain (-24),occupation (-20)
632,16.245584770267435,marital-status (-60),capital-gain (-24),capital-loss (-4)
37647,-33.50729195617933,marital-status (-93),capital-gain (-24),age (-18)
3182,-124.76500318549239,marital-status (-93),capital-gain (-24),education-num (-23)
15187,76.99922263418371,capital-gain (-24),education-num (-23),occupation (-5)
8248,-146.4781530918223,marital-status (-93),relationship (-58),capital-gain (-24)
39768,144.89119100288525,capital-gain (-24),capital-loss (-4),education-num (-2)
8275,-119.35564155989562,marital-status (-93),capital-gain (-24),age (-21)
36244,-24.91901298091427,marital-status (-93),capital-gain (-24),age (-14)
881,-12.091889832959977,marital-status (-93),capital-gain (-24),age (-13)
34745,-24.290377062743342,marital-status (-60),capital-gain (-24),capital-loss (-4)
37990,-97.48519984757199,marital-status (-93),relationship (-58),capital-gain (-24)
27972,-198.8088827177337,education-num (-108),marital-status (-60),capital-gain (-24)
39826,101.1783684365497,workclass (-32),capital-gain (-24),education-num (-23)
13016,-319.003379102146,marital-status (-93),education-num (-66),relationship (-58)
15811,-222.7908442462707,marital-status (-93),occupation (-51),hours-per-week (-34)
32628,144.50025919027078,capital-gain (-24),workclass (-17),hours-per-week (-5)
26134,-460.5572558282532,education-num (-151),occupation (-97),marital-status (-93)
10642,-185.4486548493159,marital-status (-93),occupation (-65),capital-gain (-24)
36800,-141.77893989801834,education-num (-66),relationship (-58),occupation (-51)
3197,25.882380042575253,capital-gain (-24),education-num (-23),age (-21)
40927,29.758244711099255,capital-gain (-24),education-num (-23),occupation (-20)
2624,-169.05533949196828,marital-status (-93),relationship (-58),hours-per-week (-28)
23942,-288.9858066229707,marital-status (-93),relationship (-58),hours-per-week (-46)
33412,-234.53828700884557,marital-status (-93),relationship (-58),hours-per-week (-57)
11477,124.94758489509447,capital-gain (-24),age (-14),occupation (-5)
47825,-247.68187333062426,education-num (-87),occupation (-65),marital-status (-60)
585,-130.20638389958074,marital-status (-93),relationship (-58),age (-29)
18199,-139.16344783603887,marital-status (-93),relationship (-58),capital-gain (-24)
3256,-258.990672406352,marital-status (-93),relationship (-58),age (-31)
16864,16.663623099042628,capital-gain (-24),education-num (-23),occupation (-20)
24704,140.72972581386236,capital-gain (-24),education-num (-23),age (-11)
4081,-211.76886975514864,education-num (-66),marital-status (-60),hours-per-week (-46)
24836,69.06141620308529,education-num (-66),capital-gain (-24),education (-19)
15109,107.26013093014039,capital-gain (-24),education-num (-23),capital-loss (-4)
10483,-172.95215820931466,education-num (-66),marital-status (-58),capital-gain (-24)
46960,-77.71327304218113,marital-status (-75),capital-gain (-24),education-num (-23)
34387,104.46924296904764,capital-gain (-24),education (-21),workclass (-17)
43585,73.52321492706348,hours-per-week (-41),capital-gain (-24),capital-loss (-4)
19162,-80.57052794549188,marital-status (-58),capital-gain (-24),age (-18)
7255,92.52951841468146,capital-gain (-24),age (-4),capital-loss (-4)
9708,-71.80286903214537,marital-status (-93),capital-gain (-24),education-num (-23)
26311,-3.1204632077089185,education-num (-66),capital-gain (-24),education (-19)
33445,-96.5707304370082,marital-status (-93),age (-27),capital-gain (-24)
29887,-423.23357201088913,marital-status (-93),education-num (-66),occupation (-65)
48141,-183.4972928811307,marital-status (-93),relationship (-58),age (-29)
6062,-102.42238719949754,marital-status (-60),capital-gain (-24),education-num (-23)
23743,58.42766687626228,occupation (-65),education-num (-23),age (-16)
37303,-37.95890377963579,marital-status (-60),workclass (-32),capital-gain (-24)
11327,-193.49592869136788,marital-status (-93),relationship (-58),capital-gain (-24)
1886,-217.2731235997436,marital-status (-93),occupation (-65),capital-gain (-24)
6163,64.6508023387082,education-num (-87),capital-gain (-24),occupation (-4)
19779,-3.2963374570448734,occupation (-51),age (-31),capital-gain (-24)
26156,-84.72774306093756,marital-status (-93),relationship (-58),capital-gain (-24)
8624,72.28267825126129,capital-gain (-24),education-num (-23),capital-loss (-4)
35246,-4.779301105133404,marital-status (-60),capital-gain (-24),capital-loss (-4)
31562,-221.8786321998938,marital-status (-93),relationship (-58),capital-gain (-24)
35092,-254.13118178562527,marital-status (-75),education-num (-66),occupation (-65)
30116,87.21546292584881,capital-gain (-24),age (-24),education (-9)
25461,98.47192147537456,capital-gain (-24),education-num (-23),capital-loss (-4)
41241,-173.0686496820603,marital-status (-93),age (-31),capital-gain (-24)
3198,-149.07241958249827,marital-status (-60),occupation (-51),capital-gain (-24)
4817,17.673675812198947,occupation (-65),capital-gain (-24),hours-per-week (-23)
44452,-245.74509512667697,education-num (-66),occupation (-65),marital-status (-60)
23069,-184.40995211986422,education-num (-66),marital-status (-58),capital-gain (-24)
35518,-101.06005747455615,marital-status (-93),capital-gain (-24),age (-16)
35203,-188.70288701917696,marital-status (-93),hours-per-week (-50),capital-gain (-24)
26904,-116.63203729572447,marital-status (-58),capital-gain (-24),workclass (-17)
24778,-16.16039030528167,marital-status (-93),capital-gain (-24),age (-6)
34752,131.73881532899858,capital-gain (-24),occupation (-4),capital-loss (-4)
42910,-315.0185597872895,marital-status (-93),occupation (-65),relationship (-58)
3034,-15.993428787641056,marital-status (-60),capital-gain (-24),capital-loss (-4)
31071,-258.9961632808506,marital-status (-93),education-num (-87),relationship (-60)
39618,-101.17286724212306,marital-status (-93),age (-26),capital-gain (-24)
677,-164.15374990970014,marital-status (-60),native-country (-50),capital-gain (-24)
39332,-32.624030813668924,education-num (-87),occupation (-65),capital-gain (-24)
32711,115.90911072047197,capital-gain (-24),education-num (-23),workclass (-17)
46143,-74.2171918641881,marital-status (-93),capital-gain (-24),workclass (-17)
8484,-86.51100746141361,marital-status (-93),occupation (-65),age (-11)
29622,-34.387118014897325,marital-status (-60),capital-gain (-24),education-num (-23)
23376,31.660000100744785,workclass (-32),capital-gain (-24),hours-per-week (-23)
35600,-138.62136270058141,marital-status (-93),occupation (-51),education-num (-23)
1302,-188.01327817332543,marital-status (-93),hours-per-week (-57),capital-gain (-24)
48441,-248.07807668619924,marital-status (-93),relationship (-58),hours-per-week (-46)
28719,-85.29011627759309,hours-per-week (-68),marital-status (-54),capital-gain (-24)
12043,-50.74394927754841,hours-per-week (-79),marital-status (-60),workclass (-32)
46518,-255.71110345907059,marital-status (-93),relationship (-58),occupation (-51)
4788,-292.85512129020555,marital-status (-93),hours-per-week (-73),relationship (-58)
27979,-323.4794972807249,marital-status (-93),education-num (-66),relationship (-58)
47280,19.250255240399962,marital-status (-93),capital-gain (-24),age (-16)
8278,-297.59020455905187,marital-status (-93),education-num (-87),relationship (-58)
35354,-144.42282274044922,education-num (-130),marital-status (-60),capital-gain (-24)
38834,94.78078636293995,capital-gain (-24),age (-16),education (-9)
21722,44.43655590050905,education-num (-151),capital-gain (-24),capital-loss (-4)
5500,-20.016358302361308,marital-status (-93),capital-gain (-24),age (-14)
12757,-3.3305848472414743,education-num (-87),capital-gain (-24),occupation (-5)
29126,-59.87530384486688,marital-status (-60),capital-gain (-24),education-num (-23)
3402,-319.6615444277084,marital-status (-93),occupation (-65),relationship (-58)
45510,-140.75740891096007,marital-status (-93),relationship (-58),age (-26)
41867,83.76173220202558,capital-gain (-24),age (-9),capital-loss (-4)
48449,-301.7120972940299,marital-status (-93),occupation (-65),relationship (-58)
5286,-191.66223273166418,marital-status (-93),occupation (-65),capital-gain (-24)
39181,49.262269504569495,native-country (-54),capital-gain (-24),capital-loss (-4)
42384,77.52689427946258,capital-gain (-24),education-num (-23),age (-9)
15002,-234.114315201476,marital-status (-93),relationship (-58),capital-gain (-24)
27065,-127.39039541534211,marital-status (-93),capital-gain (-24),age (-18)
27263,-273.4488476447747,marital-status (-93),relationship (-60),occupation (-51)
48605,-158.9318811723982,marital-status (-60),relationship (-58),capital-gain (-24)
28676,13.965571567058925,marital-status (-60),capital-gain (-24),hours-per-week (-23)
41366,105.82135307696859,workclass (-32),capital-gain (-24),education-num (-23)
41167,18.14424099004891,marital-status (-60),workclass (-32),capital-gain (-24)
7988,-73.38892237258125,marital-status (-60),capital-gain (-24),education (-21)
43523,64.96726959561057,capital-gain (-24),education-num (-23),capital-loss (-4)
37882,-216.91039503354253,marital-status (-93),relationship (-58),capital-gain (-24)
35111,-162.19314613726505,marital-status (-93),relationship (-58),age (-27)
20944,131.41648863057813,capital-gain (-24),education (-9),age (-6)
8644,-206.5905503034245,marital-status (-93),relationship (-58),age (-29)
19442,-221.82087813806376,marital-status (-93),relationship (-58),age (-29)
18771,-96.17589077387348,marital-status (-60),capital-gain (-24),education-num (-23)
21524,-48.87384317985716,marital-status (-58),capital-gain (-24),education (-9)
45565,-402.9678249305503,education-num (-151),occupation (-97),marital-status (-93)
37161,59.71172259004878,education-num (-130),hours-per-week (-12),capital-loss (-4)
35910,-203.95140722049274,marital-status (-93),occupation (-51),age (-31)
25476,-48.14351518483801,marital-status (-93),capital-gain (-24),age (-24)
44945,-404.26583166871995,education-num (-108),marital-status (-93),native-country (-67)
26723,-447.9378642712695,education-num (-151),marital-status (-93),occupation (-65)
20843,-283.60197726875856,marital-status (-93),occupation (-65),native-country (-50)
46489,-334.0057872928226,marital-status (-93),education-num (-87),relationship (-58)
9546,99.30175612662717,capital-gain (-24),education-num (-23),age (-6)
19246,141.77990440376365,capital-gain (-24),capital-loss (-4),education-num (-2)
26559,74.68832858450975,relationship (-60),capital-gain (-24),age (-11)
28703,-319.7160456315454,marital-status (-93),education-num (-66),relationship (-58)
39479,-92.30272484752146,marital-status (-60),capital-gain (-24),relationship (-8)
22581,-56.358426461347264,marital-status (-93),workclass (-32),capital-gain (-24)
14691,144.2223761620941,capital-gain (-24),education-num (-23),capital-loss (-4)
26464,-296.4081261947915,marital-status (-93),relationship (-58),hours-per-week (-57)
12695,130.0643138651956,capital-gain (-24),education (-9),capital-loss (-4)
13094,-202.88764823100763,marital-status (-93),relationship (-58),capital-gain (-24)
22398,70.67893724877622,capital-gain (-24),education-num (-23),occupation (-20)
38260,-107.81140241469072,education-num (-130),native-country (-50),workclass (-32)
10524,-201.68006719890326,marital-status (-93),relationship (-58),capital-gain (-24)
3247,105.62414002673809,capital-gain (-24),capital-loss (-4),education-num (-2)
29344,-30.69815603275752,occupation (-65),age (-31),capital-gain (-24)
5481,-168.3066699012373,marital-status (-60),education-num (-44),capital-gain (-24)
24573,-218.15359410748297,education-num (-130),marital-status (-75),capital-gain (-24)
43824,-27.246204739325183,education-num (-130),capital-gain (-24),age (-14)
2780,51.81489392172391,capital-gain (-24),education-num (-23),occupation (-4)
36525,-279.3208399541262,marital-status (-93),relationship (-58),education-num (-44)
11778,-221.8786321998938,marital-status (-93),relationship (-58),capital-gain (-24)
1775,-336.06979380418863,education-num (-130),marital-status (-93),relationship (-58)
38384,-93.2064055757931,marital-status (-60),workclass (-32),capital-gain (-24)
41420,140.3196450001804,capital-gain (-24),education (-9),hours-per-week (-5)
41519,-150.21400391349118,education-num (-66),marital-status (-60),hours-per-week (-57)
27883,-171.42623123887705,education-num (-66),marital-status (-58),capital-gain (-24)
35430,-191.5686216210992,marital-status (-93),relationship (-58),age (-27)
15239,-83.96286092589443,marital-status (-75),capital-gain (-24),education-num (-23)
5101,-132.02774472418787,marital-status (-93),occupation (-74),workclass (-32)
44675,-258.1267465946621,marital-status (-93),hours-per-week (-68),relationship (-58)
26672,100.13000921709637,capital-gain (-24),capital-loss (-4),education-num (-2)
1678,11.753139994521394,capital-gain (-24),age (-24),education-num (-23)
23277,80.37526703144452,capital-gain (-24),age (-22),capital-loss (-4)
14227,-200.76007551044725,marital-status (-93),occupation (-65),age (-31)
2975,143.22860560321595,capital-gain (-24),education-num (-23),capital-loss (-4)
45476,-214.7811515419975,marital-status (-93),hours-per-week (-55),native-country (-47)
48403,-92.80160336859703,marital-status (-60),capital-gain (-24),education-num (-23)
19225,-420.57191711479504,marital-status (-93),education-num (-66),occupation (-65)
18447,87.77004764914278,capital-gain (-24),education-num (-23),capital-loss (-4)
31680,-126.60215723742874,marital-status (-93),occupation (-74),age (-31)
22866,140.13539659489945,capital-gain (-24),capital-loss (-4),education-num (-2)
24885,95.47625545753974,capital-gain (-24),capital-loss (-4),workclass (-3)
22747,76.42506350616013,capital-gain (-24),education-num (-23),capital-loss (-4)
9768,67.86629006865559,marital-status (-93),workclass (-32),capital-gain (-24)
28758,8.982332474785213,occupation (-74),capital-gain (-24),age (-24)
14233,-12.154617269652482,marital-status (-93),age (-27),capital-gain (-24)
33918,-207.03988785237323,marital-status (-93),occupation (-65),age (-26)
28482,-29.091270279857707,marital-status (-60),capital-gain (-24),relationship (-8)
25236,93.6049158743378,workclass (-32),capital-gain (-24),age (-14)
19956,-395.1106289593725,education-num (-151),marital-status (-93),relationship (-60)
14447,38.99748859379336,occupation (-74),workclass (-32),capital-gain (-24)
25510,85.59822301943107,capital-gain (-24),education-num (-23),age (-11)
16606,-0.8532100874742767,occupation (-74),workclass (-32),capital-gain (-24)
20511,136.53535932630308,age (-21),capital-loss (-4),education-num (-2)
32205,-163.88215586097607,education-num (-87),marital-status (-75),hours-per-week (-46)
32387,121.28495395707633,capital-gain (-24),education (-21),occupation (-4)
41035,-309.5000892883083,marital-status (-93),occupation (-74),relationship (-58)
38481,-191.11218006050188,education-num (-130),marital-status (-60),hours-per-week (-46)
7555,114.96095295053118,marital-status (-75),hours-per-week (-50),education-num (-23)
37343,-221.8671634010893,marital-status (-93),relationship (-58),age (-29)
42317,-255.2207140465624,occupation (-74),marital-status (-60),relationship (-58)
39013,144.7671869143741,capital-gain (-24),age (-18),capital-loss (-4)
14261,-125.10210924864944,marital-status (-93),native-country (-50),capital-gain (-24)
1744,102.5883895853365,capital-gain (-24),education-num (-23),age (-16)
33914,-95.26220134820014,education-num (-130),hours-per-week (-79),workclass (-32)
30577,99.30453292013013,capital-gain (-24),occupation (-5),capital-loss (-4)
19296,15.118336408163879,marital-status (-93),workclass (-32),education-num (-23)
25394,135.26886123329658,capital-gain (-24),occupation (-5),capital-loss (-4)
42552,-186.2218090625621,occupation (-65),marital-status (-60),capital-gain (-24)
33794,105.01660471633204,capital-gain (-24),education-num (-23),occupation (-5)
47566,-162.65757856790526,education-num (-108),marital-status (-60),capital-gain (-24)
20049,83.66134808991285,occupation (-65),capital-gain (-24),age (-18)
32257,79.6987189091743,capital-gain (-24),education-num (-23),capital-loss (-4)
11970,-195.70398598430072,marital-status (-93),occupation (-65),capital-gain (-24)
34656,-289.3643134913809,marital-status (-93),occupation (-65),relationship (-58)
3800,-159.59573074774264,marital-status (-93),age (-26),capital-gain (-24)
17473,96.57607570751283,capital-gain (-24),education-num (-23),occupation (-4)
24501,116.6488495533861,capital-gain (-24),hours-per-week (-8),occupation (-5)
46455,5.4030364962686575,marital-status (-93),capital-gain (-24),age (-18)
48262,-287.41501290640855,marital-status (-93),occupation (-65),relationship (-58)
17245,33.809789205146046,capital-gain (-24),education-num (-23),age (-18)
1366,-3.6722020511300046,relationship (-58),capital-gain (-24),age (-14)
38605,114.35032602603016,native-country (-86),capital-gain (-24),age (-19)
32899,-281.5713546866096,marital-status (-93),hours-per-week (-77),relationship (-58)
21041,86.49955230748219,marital-status (-60),capital-gain (-24),capital-loss (-4)
42844,-29.071065460419863,marital-status (-75),capital-gain (-24),education (-9)
34278,18.591136403996487,education-num (-108),age (-14),education (-7)
20982,-242.49588366745581,marital-status (-93),education-num (-87),occupation (-51)
5896,-215.00239251038025,marital-status (-93),relationship (-58),age (-32)
10540,-72.03774177128011,marital-status (-75),hours-per-week (-28),capital-gain (-24)
31713,75.2871143257286,capital-gain (-24),occupation (-5),age (-4)
21815,-73.17734074625895,occupation (-65),marital-status (-58),capital-gain (-24)
27946,108.42441695255278,marital-status (-60),relationship (-58),age (-16)
20000,-235.70606867604968,marital-status (-93),relationship (-58),age (-29)
38039,-62.61396231967638,marital-status (-60),capital-gain (-24),education-num (-23)
34119,-203.31689490041035,marital-status (-93),relationship (-58),age (-26)
19299,-248.29794221239874,marital-status (-93),occupation (-74),relationship (-58)
11494,-331.9646404277709,education-num (-173),marital-status (-93),native-country (-67)
2259,-23.54968374350953,marital-status (-93),capital-gain (-24),age (-24)
36289,127.70556868043278,capital-gain (-24),education (-21),capital-loss (-4)
35837,-175.65132848732065,education-num (-87),marital-status (-60),capital-gain (-24)
5087,-96.27154391807238,education-num (-173),hours-per-week (-57),capital-gain (-24)
44718,-5.030839190768991,marital-status (-75),capital-gain (-24),education-num (-23)
16895,-242.44250139682455,marital-status (-93),occupation (-65),relationship (-58)
2118,-161.30384927245123,marital-status (-60),capital-gain (-24),hours-per-week (-23)
10147,-295.79614510104267,occupation (-97),marital-status (-93),relationship (-60)
47947,-131.4817524910353,occupation (-65),marital-status (-60),capital-gain (-24)
1837,-19.719543804352053,marital-status (-75),capital-gain (-24),education (-21)
31724,46.95139146117979,native-country (-33),education-num (-23),occupation (-20)
43180,138.30296270142017,capital-gain (-24),capital-loss (-4),education-num (-2)
8230,86.89486398178596,workclass (-32),capital-gain (-24),age (-4)
41466,-47.89720681290838,marital-status (-93),capital-gain (-24),age (-18)
14281,-181.23546624671567,marital-status (-93),relationship (-58),capital-gain (-24)
33186,9.498948774016295,occupation (-51),hours-per-week (-34),capital-gain (-24)
30837,-205.43418547973863,education-num (-108),marital-status (-93),capital-gain (-24)
44876,88.11146068017993,capital-gain (-24),education-num (-23),hours-per-week (-12)
13872,-297.93986921903723,marital-status (-93),relationship (-58),hours-per-week (-46)
27036,-270.42424446334064,marital-status (-93),occupation (-65),relationship (-58)
45892,13.328171536590899,education-num (-87),capital-gain (-24),capital-loss (-4)
47270,-88.79368895296872,marital-status (-93),capital-gain (-24),education-num (-23)
17529,71.83201018469786,capital-gain (-24),education-num (-23),age (-8)
38631,-255.15216607864215,education-num (-87),relationship (-60),marital-status (-58)
35694,-204.71508375071863,marital-status (-93),relationship (-58),occupation (-51)
5520,-302.14646221997225,marital-status (-93),occupation (-65),relationship (-58)
27215,110.2401631469579,capital-gain (-24),education (-9),occupation (-4)
13802,-238.34201864164334,education-num (-130),occupation (-65),marital-status (-58)
13844,-343.3327686588759,native-country (-130),relationship (-58),marital-status (-58)
34545,105.35296520508292,capital-gain (-24),education-num (-23),capital-loss (-4)
30233,-9.168713804673699,education-num (-66),occupation (-65),capital-gain (-24)
34398,-77.34541163324008,marital-status (-60),capital-gain (-24),education-num (-23)
39454,-270.1571727365474,marital-status (-93),relationship (-58),education-num (-44)
37013,-0.13631646471449455,marital-status (-60),capital-gain (-24),capital-loss (-4)
2352,-25.88586423253548,marital-status (-93),workclass (-32),capital-gain (-24)
23404,105.77515236572066,capital-gain (-24),education-num (-23),capital-loss (-4)
29262,-360.86249636429596,marital-status (-93),education-num (-87),hours-per-week (-73)
26066,-8.410934703489378,education-num (-151),capital-gain (-24),capital-loss (-4)
4752,-141.96037548906318,marital-status (-93),capital-gain (-24),age (-13)
10205,-125.95639261154653,marital-status (-75),hours-per-week (-55),capital-gain (-24)
24229,-191.08121177718573,occupation (-65),marital-status (-60),capital-gain (-24)
2308,-249.47626553650755,marital-status (-93),relationship (-58),occupation (-51)
31090,-77.94644805575973,marital-status (-75),occupation (-65),education-num (-23)
26794,-349.0106012304238,marital-status (-93),occupation (-74),relationship (-58)
32947,-86.26010343855182,occupation (-74),education-num (-66),native-country (-50)
47536,-25.35337790685662,marital-status (-93),capital-gain (-24),age (-19)
13799,-82.25589473776131,marital-status (-60),capital-gain (-24),education-num (-23)
18668,89.7425293727856,occupation (-74),capital-gain (-24),capital-loss (-4)
10412,-289.48358720541216,occupation (-97),marital-status (-93),relationship (-58)
22709,-298.8728068169581,marital-status (-93),occupation (-65),relationship (-58)
43412,-176.02859769649763,marital-status (-93),relationship (-58),capital-gain (-24)
24743,0.6884201742746316,marital-status (-93),capital-gain (-24),occupation (-5)
42831,-150.92621607420742,marital-status (-60),capital-gain (-24),education-num (-23)
8158,-211.56554700307893,marital-status (-93),relationship (-58),capital-gain (-24)
40174,-102.73347030870895,marital-status (-60),capital-gain (-24),education-num (-23)
10178,-82.25589473776131,marital-status (-60),capital-gain (-24),education-num (-23)
41679,-297.23611704867955,marital-status (-93),occupation (-65),relationship (-60)
7336,-108.07831833917254,marital-status (-60),capital-gain (-24),education-num (-23)
25835,15.081483011662785,marital-status (-58),capital-gain (-24),hours-per-week (-23)
15118,-307.43888462378123,marital-status (-93),education-num (-87),relationship (-58)
4456,104.74528000182839,workclass (-32),capital-gain (-24),capital-loss (-4)
18677,135.08647346034732,marital-status (-93),capital-gain (-24),
12542,-39.29760111941856,marital-status (-60),capital-gain (-24),education-num (-23)
24699,86.89550267178632,marital-status (-93),age (-13),capital-loss (-4)
15231,-128.7713305699894,marital-status (-93),capital-gain (-24),education-num (-23)
36375,-282.69729470100543,marital-status (-93),education-num (-87),relationship (-58)
18099,86.24602971520261,capital-gain (-24),education-num (-23),capital-loss (-4)
48549,79.5859091416074,capital-gain (-24),education-num (-23),capital-loss (-4)
85,-90.95791797885019,marital-status (-58),capital-gain (-24),education-num (-23)
23588,-115.7189078276201,marital-status (-93),relationship (-58),capital-gain (-24)
37978,-227.02184061134656,marital-status (-93),relationship (-58),capital-gain (-24)
32084,-201.534061372806,marital-status (-93),relationship (-58),hours-per-week (-34)
18082,-109.9747807873076,marital-status (-75),capital-gain (-24),relationship (-8)
17991,-166.29638238327522,marital-status (-75),relationship (-60),hours-per-week (-57)
17143,82.9028241467941,education-num (-66),capital-gain (-24),education (-19)
34583,-50.79426205023299,education-num (-151),native-country (-50),capital-gain (-24)
46624,68.59980098331096,relationship (-58),capital-gain (-24),capital-loss (-4)
43332,-235.7461557017676,marital-status (-93),relationship (-58),hours-per-week (-46)
34209,1.0467090132102903,occupation (-65),capital-gain (-24),education-num (-23)
15744,-317.4447453786337,marital-status (-93),occupation (-65),relationship (-58)
11914,-70.73159731021047,marital-status (-75),capital-gain (-24),education-num (-23)
24655,5.55651444327098,marital-status (-58),capital-gain (-24),capital-loss (-4)
17268,-109.46035975242938,marital-status (-60),capital-gain (-24),education-num (-23)
15405,69.82593844000138,native-country (-86),workclass (-32),capital-gain (-24)
28681,-103.4694806836331,marital-status (-93),hours-per-week (-52),capital-gain (-24)
2989,113.00226459569964,capital-gain (-24),hours-per-week (-23),education-num (-23)
1653,-71.73588624151964,marital-status (-54),capital-gain (-24),education (-21)
29365,-369.1134959204096,education-num (-173),occupation (-97),marital-status (-93)
47075,-254.32368372789998,marital-status (-93),relationship (-58),age (-32)
38595,-275.3389620956033,marital-status (-93),occupation (-74),relationship (-58)
30957,136.94879326128998,capital-gain (-24),education-num (-23),capital-loss (-4)
23148,-303.14315064752986,education-num (-130),marital-status (-60),relationship (-60)
45062,-197.54901419817722,marital-status (-93),relationship (-60),hours-per-week (-55)
41362,-98.651885608519,marital-status (-60),workclass (-32),capital-gain (-24)
14638,-34.00991922744713,marital-status (-60),education-num (-23),age (-13)
33101,-113.58148496711348,marital-status (-60),capital-gain (-24),age (-19)
15920,-184.90670852904532,marital-status (-93),capital-gain (-24),education-num (-23)
8165,-46.23325835366384,marital-status (-75),occupation (-65),education-num (-23)
47205,-413.1201548779554,education-num (-130),marital-status (-93),occupation (-65)
1144,-39.811184266144195,marital-status (-60),capital-gain (-24),education-num (-23)
33854,137.9948804960917,capital-gain (-24),capital-loss (-4),workclass (-3)
3586,93.97717171601893,workclass (-32),capital-gain (-24),capital-loss (-4)
9336,-244.96048460567042,marital-status (-93),hours-per-week (-59),relationship (-58)
2847,60.49115141703169,capital-gain (-24),education-num (-23),hours-per-week (-5)
29461,60.01050122806379,capital-gain (-24),occupation (-20),age (-4)
16092,-135.67629898917423,marital-status (-58),hours-per-week (-46),age (-26)
34401,-287.95763498037047,marital-status (-93),relationship (-58),occupation (-51)
2475,113.26960524851597,capital-gain (-24),education-num (-23),capital-loss (-4)
35681,-51.17651001123717,marital-status (-75),hours-per-week (-46),capital-gain (-24)
37617,-170.42549530051406,marital-status (-93),occupation (-51),age (-26)
32452,-94.14027679066066,marital-status (-93),capital-gain (-24),occupation (-20)
39129,-296.47362559104727,marital-status (-93),relationship (-60),hours-per-week (-46)
22598,-77.58246985490206,marital-status (-60),hours-per-week (-46),capital-gain (-24)
12565,-52.04398696109247,marital-status (-60),relationship (-60),capital-gain (-24)
37841,-24.217933287405835,marital-status (-93),capital-gain (-24),education-num (-23)
9395,114.64801676083088,capital-gain (-24),age (-6),capital-loss (-4)
687,-129.17660776893808,marital-status (-93),age (-31),capital-gain (-24)
48181,-143.43719405618384,marital-status (-60),occupation (-51),capital-gain (-24)
46242,-204.67725320945314,occupation (-65),marital-status (-58),capital-gain (-24)
17204,106.99474980618365,capital-gain (-24),occupation (-5),capital-loss (-4)
43964,-236.55128897541633,marital-status (-93),occupation (-65),relationship (-58)
28159,122.66528880652623,capital-gain (-24),capital-loss (-4),education-num (-2)
35593,-84.0019216929496,marital-status (-93),age (-26),capital-gain (-24)
3379,-139.54273776208163,marital-status (-93),age (-26),capital-gain (-24)
30625,-192.62180161748577,marital-status (-93),relationship (-58),age (-32)
44906,-36.2241792333662,marital-status (-93),age (-31),capital-gain (-24)
44806,48.398126342961994,marital-status (-60),capital-gain (-24),workclass (-3)
40092,-286.1014272075045,marital-status (-93),occupation (-65),relationship (-58)
36960,33.03190011411341,capital-gain (-24),education-num (-23),occupation (-20)
9128,-190.9849739159787,marital-status (-93),relationship (-58),age (-31)
40581,77.11539122739842,capital-gain (-24),workclass (-17),hours-per-week (-12)
26246,31.870128197558,occupation (-65),capital-gain (-24),age (-16)
42516,-159.7161225352733,marital-status (-60),relationship (-58),capital-gain (-24)
33429,-88.77234009954273,marital-status (-60),capital-gain (-24),relationship (-8)
21406,-157.07937005499622,marital-status (-93),age (-31),capital-gain (-24)
2226,87.61535895260737,capital-gain (-24),education-num (-23),capital-loss (-4)
33576,-204.2410560725181,marital-status (-93),relationship (-58),age (-27)
32599,-204.43996014085903,marital-status (-93),occupation (-65),relationship (-58)
46001,-337.3827990653146,occupation (-97),marital-status (-93),relationship (-58)
38003,-195.17224561152307,education-num (-194),occupation (-65),education (-34)
2265,-114.92174584257072,marital-status (-93),capital-gain (-24),age (-24)
20792,-8.880961866638335,marital-status (-93),capital-gain (-24),age (-24)
47218,88.28218684805421,marital-status (-60),capital-gain (-24),capital-loss (-4)
30706,28.790193700614836,age (-29),capital-gain (-24),education-num (-23)
34909,-49.32244918904957,marital-status (-60),education-num (-23),relationship (-8)
42356,-230.1368461688495,marital-status (-93),occupation (-74),workclass (-32)
41375,-197.44907083382742,marital-status (-93),occupation (-51),hours-per-week (-34)
14438,-106.79583731763424,marital-status (-93),hours-per-week (-46),capital-gain (-24)
31703,-157.49845926975115,marital-status (-58),hours-per-week (-57),capital-gain (-24)
7476,-40.89434098876502,marital-status (-93),capital-gain (-24),hours-per-week (-19)
4621,-332.5728516739078,marital-status (-93),education-num (-87),hours-per-week (-64)
26533,-43.363579411386034,marital-status (-93),capital-gain (-24),education-num (-23)
18494,-16.650151623132192,education-num (-151),capital-gain (-24),hours-per-week (-23)
16380,-235.61740450637592,marital-status (-93),occupation (-65),relationship (-58)
20413,49.43992035638766,occupation (-74),capital-gain (-24),capital-loss (-4)
27087,47.76334942767711,capital-gain (-24),education-num (-23),occupation (-20)
23333,-70.02725938831628,marital-status (-93),relationship (-58),capital-gain (-24)
31923,31.39507241260633,capital-gain (-24),education-num (-23),occupation (-20)
22391,-99.90183564386541,marital-status (-93),capital-gain (-24),education-num (-23)
9786,24.847761606578022,capital-gain (-24),education-num (-23),occupation (-20)
48809,51.644913982511824,capital-gain (-24),education-num (-23),occupation (-20)
5921,108.03386961806238,capital-gain (-24),education-num (-23),occupation (-4)
11888,136.96948810798654,marital-status (-93),capital-gain (-24),age (-3)
27029,104.20633315421318,capital-gain (-24),education (-21),age (-6)
24712,-104.62635398518702,education-num (-130),hours-per-week (-86),occupation (-51)
19693,105.0820916855981,education-num (-23),occupation (-20),capital-loss (-4)
37352,-47.28555445209105,marital-status (-93),capital-gain (-24),age (-21)
2212,-203.53113643614714,marital-status (-75),relationship (-58),age (-29)
31415,-188.31899175659916,marital-status (-93),relationship (-60),capital-gain (-24)
13216,113.69179240915372,capital-gain (-24),education-num (-23),capital-loss (-4)
4400,-210.39697218453972,marital-status (-93),relationship (-60),capital-gain (-24)
23052,-223.45770583957082,marital-status (-93),relationship (-58),age (-31)
22253,16.164334557185136,hours-per-week (-55),capital-gain (-24),education-num (-23)
22460,96.06699592424509,capital-gain (-24),education-num (-23),capital-loss (-4)
6553,-391.09529763760884,marital-status (-93),education-num (-66),relationship (-58)
26893,138.88776052501456,marital-status (-93),capital-gain (-24),occupation (-5)
10473,-38.46144282382878,marital-status (-60),capital-gain (-24),education (-9)
26843,58.09470626364989,capital-gain (-24),education-num (-23),age (-4)
40524,-223.45784377279938,marital-status (-93),relationship (-60),age (-29)
12828,102.21441070351484,capital-gain (-24),education (-9),capital-loss (-4)
41136,-206.95756415940457,marital-status (-93),occupation (-51),capital-gain (-24)
35625,-188.93155266111077,marital-status (-93),workclass (-32),capital-gain (-24)
40352,27.175683578992047,capital-gain (-24),education-num (-23),occupation (-20)
31835,-181.86046517962362,marital-status (-93),relationship (-58),age (-27)
22180,-38.81897957918019,relationship (-60),native-country (-34),age (-26)
29763,-84.4933063081632,marital-status (-60),hours-per-week (-46),capital-gain (-24)
47332,-60.01995706218028,marital-status (-60),capital-gain (-24),hours-per-week (-10)
5413,104.1845253754615,workclass (-32),capital-gain (-24),education-num (-23)
35256,104.45745915160667,occupation (-74),workclass (-32),capital-gain (-24)
48643,104.25113443178049,capital-gain (-24),education-num (-23),capital-loss (-4)
23688,64.96726959561057,capital-gain (-24),education-num (-23),capital-loss (-4)
22366,-10.581685191842169,education-num (-108),capital-gain (-24),education (-7)
20485,-139.1894957769676,marital-status (-93),occupation (-74),workclass (-32)
23552,116.45939103153508,capital-gain (-24),age (-18),capital-loss (-4)
42653,58.91331069172906,native-country (-34),capital-gain (-24),education-num (-23)
39682,-290.4890271526905,marital-status (-93),occupation (-51),native-country (-50)
47666,-99.45826315817436,relationship (-58),occupation (-51),capital-gain (-24)
21240,-38.41887341579862,marital-status (-75),capital-gain (-24),education (-9)
37879,27.262478399117743,capital-gain (-24),age (-24),education-num (-23)
4144,-215.3313213938655,marital-status (-93),relationship (-58),capital-gain (-24)
5957,-202.17526936242595,marital-status (-93),relationship (-58),age (-31)
24411,-98.94829927247997,marital-status (-60),capital-gain (-24),education-num (-23)
27804,-254.79290712247317,marital-status (-93),education-num (-66),occupation (-65)
20006,-194.2586293189929,marital-status (-93),relationship (-58),age (-34)
41438,-219.41767345137882,marital-status (-93),relationship (-58),age (-31)
23775,80.48807679901142,capital-gain (-24),age (-13),capital-loss (-4)
24168,-131.05608618691366,marital-status (-93),relationship (-58),hours-per-week (-46)
47162,-308.50318808167196,marital-status (-93),relationship (-58),native-country (-47)
31997,-59.38850121618522,marital-status (-60),capital-gain (-24),relationship (-8)
32764,63.06294343000116,capital-gain (-24),education-num (-23),age (-13)
9269,-111.17150305236021,marital-status (-93),capital-gain (-24),age (-13)
19778,97.93047073169777,workclass (-32),capital-gain (-24),age (-6)
14966,-133.37145078794276,marital-status (-58),capital-gain (-24),education-num (-23)
35235,103.03713598740934,capital-gain (-24),workclass (-17),education (-9)
11415,-188.82168400261926,marital-status (-93),education-num (-66),capital-gain (-24)
1381,-139.180736050798,education-num (-108),hours-per-week (-81),occupation (-51)
28221,-149.04999658254724,marital-status (-93),relationship (-58),age (-26)
27950,-95.75928095784161,marital-status (-93),occupation (-65),education-num (-23)
44136,115.82758954898739,marital-status (-58),capital-gain (-24),relationship (-8)
17238,-172.97988234981636,education-num (-87),marital-status (-60),capital-gain (-24)
12347,15.275282319181049,occupation (-74),capital-gain (-24),education-num (-23)
29125,-318.48996729063725,marital-status (-93),education-num (-87),relationship (-58)
31152,55.118589530881216,workclass (-32),capital-gain (-24),education-num (-23)
23879,-122.44303716977225,occupation (-65),relationship (-58),hours-per-week (-57)
31046,7.857389480372845,education-num (-66),capital-gain (-24),education (-19)
10386,66.86082664208226,capital-gain (-24),education-num (-23),capital-loss (-4)
5362,61.6680328667162,capital-gain (-24),education-num (-23),workclass (-17)
3916,-115.22883295959059,marital-status (-93),occupation (-65),capital-gain (-24)
16302,-200.33360395002967,occupation (-65),marital-status (-58),hours-per-week (-46)
32429,-220.67013599729046,marital-status (-93),relationship (-58),capital-gain (-24)
29369,-113.997584670463,marital-status (-93),capital-gain (-24),age (-22)
36931,-9.021278161628256,education-num (-66),capital-gain (-24),occupation (-20)
13733,-37.56266827599466,marital-status (-60),capital-gain (-24),occupation (-5)
47950,55.94748793521251,capital-gain (-24),education-num (-23),occupation (-20)
42383,-208.83920422680256,marital-status (-93),relationship (-60),capital-gain (-24)
14044,44.99697709718073,workclass (-32),capital-gain (-24),education-num (-23)
2490,-197.48642010743308,marital-status (-93),occupation (-65),age (-27)
7473,142.6936086750113,capital-gain (-24),education-num (-23),capital-loss (-4)
32367,75.73031647726,education-num (-44),capital-gain (-24),education (-8)
14615,89.40810164253483,workclass (-32),capital-gain (-24),hours-per-week (-12)
33371,53.50947568506103,capital-gain (-24),education-num (-23),age (-11)
26373,-190.06698899102372,marital-status (-93),hours-per-week (-46),age (-27)
23524,-48.15968152597313,marital-status (-93),capital-gain (-24),occupation (-5)
48401,-105.43652669005006,marital-status (-93),relationship (-58),capital-gain (-24)
14118,-176.1253362948724,marital-status (-93),occupation (-51),capital-gain (-24)
24654,139.27841697411364,workclass (-32),capital-gain (-24),education-num (-2)
44713,45.32533717752563,capital-gain (-24),education-num (-23),age (-19)
24939,-139.65423668598595,marital-status (-93),hours-per-week (-34),age (-31)
37176,-260.42586048884823,marital-status (-93),relationship (-58),hours-per-week (-28)
33028,16.902819352286308,marital-status (-54),capital-gain (-24),hours-per-week (-23)
7330,-42.206559617039886,marital-status (-60),capital-gain (-24),education-num (-23)
16929,122.30488992527418,capital-gain (-24),education-num (-23),capital-loss (-4)
3408,-198.18601616083507,marital-status (-54),occupation (-51),native-country (-50)
13437,-235.20597911888197,marital-status (-93),relationship (-58),age (-29)
1211,102.82623479767071,capital-gain (-24),education (-21),capital-loss (-4)
33287,108.14076131003955,hours-per-week (-73),capital-gain (-24),capital-loss (-4)
16511,-74.13688035128632,education-num (-66),marital-status (-58),education (-19)
20993,-252.98855979072047,marital-status (-93),relationship (-58),hours-per-week (-46)
45965,-411.6413636768374,marital-status (-93),education-num (-87),occupation (-65)
40059,-79.11008896514639,education-num (-130),occupation (-65),capital-gain (-24)
3332,43.64222421299301,capital-gain (-24),age (-21),occupation (-20)
9485,-219.92732109159206,marital-status (-93),relationship (-58),capital-gain (-24)
18718,-206.4883373901339,marital-status (-93),occupation (-65),capital-gain (-24)
26349,-161.25649407447298,marital-status (-93),workclass (-32),capital-gain (-24)
6432,-108.66054827697104,marital-status (-93),age (-27),capital-gain (-24)
15130,-242.69886439654977,marital-status (-93),relationship (-58),native-country (-50)
22358,12.29757113375661,marital-status (-93),capital-gain (-24),capital-loss (-4)
17816,-78.39498111574096,marital-status (-93),capital-gain (-24),education (-21)
30122,104.47565758339326,marital-status (-60),capital-gain (-24),relationship (-8)
43611,12.078719954685418,education-num (-151),occupation (-65),capital-gain (-24)
3662,-226.41432180635584,marital-status (-93),occupation (-65),hours-per-week (-34)
41871,-253.53700138042686,marital-status (-93),hours-per-week (-68),relationship (-58)
20405,-42.893893239279464,marital-status (-93),capital-gain (-24),age (-22)
20390,-44.91429833904784,marital-status (-75),hours-per-week (-68),relationship (-60)
36464,-121.57350959772822,marital-status (-60),capital-gain (-24),education-num (-23)
27686,-424.4686247580203,marital-status (-93),education-num (-87),occupation (-65)
13782,-85.68860999464877,marital-status (-93),capital-gain (-24),workclass (-17)
5962,-87.13699261800147,education-num (-87),occupation (-51),age (-27)
